sim_id,model_type,b_0_est,b_w_est,b_b_est,cov_b_w,cov_b_b,var_u0_est,var_e_est
1,1_lmer_complete,0.057002278,0.380884672,0.630876113,1,1,0.996834398,1.019311835
1,2_blimp_complete,0.0425,0.381,0.6302,1,1,1.0252,1.0195
1,3_lmer_naive,-0.470756257,0.51355987,0.46048065,0,1,0.834565122,0.817885116
1,4_blimp_lmc_noaux,-0.4774,0.5134,0.4639,0,1,0.861,0.8185
1,5_blimp_omc_aux,0.0197,0.4173,0.6997,1,1,1.0124,1.0806
1,6_blimp_rescue,0.113,0.3834,0.6646,1,1,1.0705,1.0521
2,1_lmer_complete,0.022493827,0.396589489,0.50767007,1,1,1.128666075,1.040931605
2,2_blimp_complete,0.0072,0.3967,0.4955,1,1,1.1636,1.0411
2,3_lmer_naive,-0.478061115,0.534778078,0.34728193,0,0,0.953571979,0.793192203
2,4_blimp_lmc_noaux,-0.493,0.5349,0.3232,0,0,0.9803,0.7936
2,5_blimp_omc_aux,0.0187,0.4303,0.5464,1,1,1.1539,1.0723
2,6_blimp_rescue,0.0234,0.3981,0.4835,1,1,1.1605,1.051
3,1_lmer_complete,0.141508307,0.390804268,0.518740695,1,1,1.056198893,1.033706965
3,2_blimp_complete,0.1264,0.3909,0.5084,1,1,1.0896,1.0339
3,3_lmer_naive,-0.491543055,0.522432116,0.383991024,0,0,0.778760316,0.811999388
3,4_blimp_lmc_noaux,-0.4969,0.5227,0.3692,0,0,0.7998,0.8128
3,5_blimp_omc_aux,0.1007,0.4035,0.6178,1,1,0.9346,1.1337
3,6_blimp_rescue,0.1413,0.3703,0.5656,1,1,0.9638,1.0966
4,1_lmer_complete,0.136961607,0.405970928,0.501306224,1,1,1.073636384,1.04346281
4,2_blimp_complete,0.1218,0.4061,0.4871,1,1,1.108,1.0438
4,3_lmer_naive,-0.421029508,0.539768918,0.346024622,0,0,0.875587566,0.818424267
4,4_blimp_lmc_noaux,-0.4361,0.5397,0.3284,0,0,0.9024,0.819
4,5_blimp_omc_aux,0.1518,0.4425,0.5869,0,1,1.0938,1.1047
4,6_blimp_rescue,0.1857,0.4091,0.5439,1,1,1.1193,1.0742
5,1_lmer_complete,0.02817527,0.39520378,0.701720317,1,1,0.911658176,0.961214603
5,2_blimp_complete,0.0128,0.3952,0.7126,1,1,0.9371,0.9614
5,3_lmer_naive,-0.52783723,0.531997545,0.55570537,0,1,0.723514055,0.76109867
5,4_blimp_lmc_noaux,-0.5296,0.5323,0.5547,0,1,0.7454,0.7618
5,5_blimp_omc_aux,-0.0286,0.446,0.7353,0,1,0.9124,1.0037
5,6_blimp_rescue,0.0235,0.4077,0.7115,1,1,0.9342,0.9744
6,1_lmer_complete,-0.157270956,0.393312652,0.625638931,1,1,1.085954852,0.997760969
6,2_blimp_complete,-0.1723,0.3935,0.6119,1,1,1.1182,0.998
6,3_lmer_naive,-0.661118997,0.500561455,0.477719232,0,1,0.920195268,0.793739411
6,4_blimp_lmc_noaux,-0.6633,0.501,0.4604,0,1,0.9486,0.7942
6,5_blimp_omc_aux,-0.1922,0.4075,0.6889,1,1,1.0977,1.0579
6,6_blimp_rescue,-0.1084,0.3604,0.6538,1,1,1.1241,1.0177
7,1_lmer_complete,-0.013802497,0.401681061,0.484831809,1,1,1.133708701,0.972308866
7,2_blimp_complete,-0.0308,0.4018,0.479,1,1,1.1659,0.9725
7,3_lmer_naive,-0.502240669,0.512625695,0.320098407,0,0,0.922074109,0.748659744
7,4_blimp_lmc_noaux,-0.5133,0.5129,0.3017,0,0,0.9434,0.7491
7,5_blimp_omc_aux,-0.0372,0.4152,0.5458,1,1,1.2087,0.9866
7,6_blimp_rescue,-0.027,0.3765,0.443,1,1,1.2498,0.9515
8,1_lmer_complete,0.083034476,0.380725022,0.555976226,1,1,0.940505747,0.996362981
8,2_blimp_complete,0.0679,0.3808,0.5495,1,1,0.9708,0.9966
8,3_lmer_naive,-0.434434489,0.5271823,0.396349475,0,0,0.781543798,0.760820418
8,4_blimp_lmc_noaux,-0.4409,0.5276,0.3736,0,0,0.8051,0.7612
8,5_blimp_omc_aux,0.0432,0.4142,0.6445,1,1,0.9792,1.0305
8,6_blimp_rescue,0.0867,0.3789,0.551,1,1,1.0182,0.9978
9,1_lmer_complete,-0.063512911,0.432350488,0.611113473,0,1,1.171032012,0.982006728
9,2_blimp_complete,-0.0798,0.4324,0.6079,0,1,1.2067,0.9822
9,3_lmer_naive,-0.588964873,0.569899652,0.470293852,0,1,0.948313195,0.768032235
9,4_blimp_lmc_noaux,-0.5938,0.5701,0.4642,0,1,0.9745,0.7687
9,5_blimp_omc_aux,-0.0996,0.4866,0.6804,0,1,1.189,1.0284
9,6_blimp_rescue,-0.0704,0.4447,0.6366,0,1,1.2065,0.9957
10,1_lmer_complete,-0.03104656,0.401924704,0.466318231,1,1,1.167371165,0.986423011
10,2_blimp_complete,-0.0471,0.402,0.4564,1,1,1.2015,0.9866
10,3_lmer_naive,-0.490338681,0.528090003,0.410386689,0,1,0.961483455,0.781049732
10,4_blimp_lmc_noaux,-0.4992,0.529,0.3759,0,0,0.9861,0.7814
10,5_blimp_omc_aux,-0.0021,0.4066,0.6024,1,1,1.2267,1.0473
10,6_blimp_rescue,0.0712,0.388,0.5347,1,1,1.3068,1.0316
11,1_lmer_complete,-0.083205288,0.408116847,0.462878203,1,1,0.876714265,0.988308299
11,2_blimp_complete,-0.0965,0.4083,0.4591,1,1,0.9012,0.9885
11,3_lmer_naive,-0.567457931,0.515851752,0.346227824,0,0,0.752870395,0.750606799
11,4_blimp_lmc_noaux,-0.5809,0.5162,0.3266,0,0,0.7722,0.751
11,5_blimp_omc_aux,-0.0992,0.4153,0.558,1,1,0.9228,0.9931
11,6_blimp_rescue,-0.0862,0.3822,0.4852,1,1,0.9302,0.9661
12,1_lmer_complete,-0.016431517,0.39694918,0.61969824,1,1,1.008187312,1.015433406
12,2_blimp_complete,-0.032,0.3971,0.6222,1,1,1.0381,1.0156
12,3_lmer_naive,-0.538711413,0.548798436,0.44259476,0,1,0.871537414,0.784613641
12,4_blimp_lmc_noaux,-0.5507,0.5489,0.4352,0,1,0.8981,0.7851
12,5_blimp_omc_aux,-0.0531,0.4477,0.7002,0,1,1.0281,1.05
12,6_blimp_rescue,-0.0079,0.4169,0.6656,1,1,1.0803,1.025
13,1_lmer_complete,-0.059866478,0.394234582,0.66379265,1,1,1.0085186,0.992302861
13,2_blimp_complete,-0.0749,0.3942,0.6531,1,1,1.0391,0.9925
13,3_lmer_naive,-0.626539158,0.525471138,0.501198118,0,1,0.760053819,0.784862182
13,4_blimp_lmc_noaux,-0.629,0.5258,0.4939,0,1,0.7819,0.7855
13,5_blimp_omc_aux,-0.1476,0.4332,0.7314,1,1,1.0115,1.028
13,6_blimp_rescue,-0.0537,0.3986,0.6737,1,1,1.0459,0.9996
14,1_lmer_complete,0.031710498,0.403115084,0.673204287,1,1,0.99010129,1.014559437
14,2_blimp_complete,0.0161,0.4032,0.6672,1,1,1.0191,1.0148
14,3_lmer_naive,-0.523332006,0.528149535,0.478948761,0,1,0.844343176,0.810117896
14,4_blimp_lmc_noaux,-0.5313,0.5283,0.482,0,1,0.8687,0.8108
14,5_blimp_omc_aux,0.0678,0.4326,0.74,1,1,1.0541,1.0887
14,6_blimp_rescue,0.1227,0.3944,0.7145,1,1,1.1035,1.0583
15,1_lmer_complete,-0.009021331,0.400431743,0.581581343,1,1,1.015423866,0.981358791
15,2_blimp_complete,-0.0242,0.4005,0.5772,1,1,1.0443,0.9816
15,3_lmer_naive,-0.570173444,0.53608824,0.47133465,0,1,0.759593596,0.765935322
15,4_blimp_lmc_noaux,-0.5798,0.5365,0.4566,0,1,0.7819,0.7665
15,5_blimp_omc_aux,-0.0396,0.4317,0.6632,1,1,1.0165,1.0269
15,6_blimp_rescue,-0.0177,0.3944,0.5866,1,1,1.0289,0.9955
16,1_lmer_complete,0.308051893,0.400451887,0.675800363,1,1,1.219767086,0.974621784
16,2_blimp_complete,0.2849,0.4005,0.6944,1,1,1.2542,0.9748
16,3_lmer_naive,-0.270646114,0.559822725,0.468324224,0,1,0.959384524,0.743099909
16,4_blimp_lmc_noaux,-0.2649,0.5596,0.4635,0,1,0.9862,0.744
16,5_blimp_omc_aux,0.2242,0.4625,0.7234,0,1,1.2125,1.0248
16,6_blimp_rescue,0.3245,0.4184,0.6723,1,1,1.2508,0.988
17,1_lmer_complete,-0.130833239,0.40564725,0.688825571,1,1,0.994498161,0.97657335
17,2_blimp_complete,-0.1461,0.4058,0.671,1,1,1.0236,0.9769
17,3_lmer_naive,-0.657277476,0.543958536,0.50182042,0,1,0.89057033,0.753341602
17,4_blimp_lmc_noaux,-0.6646,0.5439,0.4882,0,1,0.9171,0.7537
17,5_blimp_omc_aux,-0.1962,0.4501,0.762,0,1,1.0349,1.0126
17,6_blimp_rescue,-0.1446,0.4109,0.7323,1,1,1.0617,0.9798
18,1_lmer_complete,0.016642329,0.402734999,0.464919817,1,1,0.989650406,0.998578223
18,2_blimp_complete,5.00E-04,0.4029,0.4712,1,1,1.0209,0.9988
18,3_lmer_naive,-0.471308821,0.524269721,0.328716661,0,0,0.74660366,0.76973107
18,4_blimp_lmc_noaux,-0.4757,0.5247,0.3181,0,0,0.7669,0.7703
18,5_blimp_omc_aux,0.0209,0.4344,0.5644,1,1,0.992,1.0083
18,6_blimp_rescue,0.0171,0.391,0.473,1,1,0.9993,0.9687
19,1_lmer_complete,-0.16392963,0.402086133,0.617473149,1,1,1.032735411,0.980077513
19,2_blimp_complete,-0.1791,0.4023,0.617,1,1,1.0625,0.9803
19,3_lmer_naive,-0.698638711,0.522100974,0.403907668,0,0,0.829159047,0.783822507
19,4_blimp_lmc_noaux,-0.7018,0.5225,0.3997,0,0,0.852,0.7845
19,5_blimp_omc_aux,-0.2059,0.4355,0.6232,1,1,1.0569,1.0164
19,6_blimp_rescue,-0.1538,0.3959,0.5521,1,1,1.0769,0.9809
20,1_lmer_complete,0.026308843,0.423764374,0.524103415,1,1,1.12532594,1.00752681
20,2_blimp_complete,0.0102,0.4239,0.5183,1,1,1.1585,1.0077
20,3_lmer_naive,-0.582689085,0.549474995,0.355707988,0,0,0.745081941,0.800564434
20,4_blimp_lmc_noaux,-0.5846,0.5495,0.3407,0,0,0.7629,0.8016
20,5_blimp_omc_aux,-0.011,0.4574,0.5588,0,1,1.0085,1.0722
20,6_blimp_rescue,0.0131,0.4173,0.5113,1,1,1.0261,1.0424
21,1_lmer_complete,-0.145058105,0.405886279,0.500562841,1,1,0.81644771,1.015842973
21,2_blimp_complete,-0.1583,0.4061,0.4875,1,1,0.8419,1.016
21,3_lmer_naive,-0.647320708,0.567362359,0.345037216,0,0,0.711573663,0.784564587
21,4_blimp_lmc_noaux,-0.6587,0.5671,0.3358,0,0,0.7347,0.7851
21,5_blimp_omc_aux,-0.1369,0.4749,0.5627,0,1,0.8487,1.0572
21,6_blimp_rescue,-0.145,0.4375,0.5125,1,1,0.8544,1.0305
22,1_lmer_complete,0.194519113,0.389015045,0.541194146,1,1,1.028945388,1.015328707
22,2_blimp_complete,0.1797,0.3892,0.5199,1,1,1.0575,1.0155
22,3_lmer_naive,-0.347240917,0.512752852,0.325007986,0,0,0.878510982,0.773146467
22,4_blimp_lmc_noaux,-0.3545,0.5131,0.3179,0,0,0.9031,0.7739
22,5_blimp_omc_aux,0.1936,0.4094,0.601,1,1,1.0705,1.0502
22,6_blimp_rescue,0.2106,0.3736,0.5559,1,1,1.1136,1.0176
23,1_lmer_complete,0.163385866,0.398322778,0.577794027,1,1,1.30084072,0.992845815
23,2_blimp_complete,0.1463,0.3985,0.58,1,1,1.3386,0.993
23,3_lmer_naive,-0.355164947,0.535922994,0.410560348,0,0,1.060730371,0.797551909
23,4_blimp_lmc_noaux,-0.3622,0.5362,0.4066,0,1,1.0918,0.7983
23,5_blimp_omc_aux,0.1406,0.4528,0.6679,0,1,1.3401,1.0429
23,6_blimp_rescue,0.1949,0.4147,0.5498,1,1,1.3685,1.0129
24,1_lmer_complete,0.075555844,0.403902838,0.500584793,1,1,1.166019677,0.952900769
24,2_blimp_complete,0.0589,0.4041,0.5081,1,1,1.2032,0.9531
24,3_lmer_naive,-0.429199416,0.538533131,0.363448256,0,0,0.958695242,0.737783693
24,4_blimp_lmc_noaux,-0.4423,0.5385,0.3789,0,1,0.988,0.7383
24,5_blimp_omc_aux,0.0261,0.4459,0.6069,0,1,1.1436,0.9702
24,6_blimp_rescue,0.0549,0.4118,0.5105,1,1,1.1668,0.9439
25,1_lmer_complete,-0.162043531,0.388433201,0.668416437,1,1,0.784316322,1.018164959
25,2_blimp_complete,-0.1769,0.3885,0.6755,1,1,0.805,1.0185
25,3_lmer_naive,-0.696945282,0.528787264,0.435129067,0,0,0.631141671,0.766388963
25,4_blimp_lmc_noaux,-0.7101,0.5285,0.4354,0,0,0.6522,0.7669
25,5_blimp_omc_aux,-0.2442,0.4319,0.653,1,1,0.7439,1.007
25,6_blimp_rescue,-0.2186,0.3927,0.6218,1,1,0.7602,0.9717
26,1_lmer_complete,0.158063967,0.393519189,0.54279005,1,1,1.052592479,0.998309974
26,2_blimp_complete,0.1427,0.3937,0.5316,1,1,1.0837,0.9985
26,3_lmer_naive,-0.324300731,0.526861317,0.411672161,0,0,0.858206469,0.829419287
26,4_blimp_lmc_noaux,-0.3335,0.5271,0.4106,0,0,0.8811,0.83
26,5_blimp_omc_aux,0.189,0.4415,0.6931,1,1,1.1132,1.0829
26,6_blimp_rescue,0.2271,0.4041,0.6229,1,1,1.155,1.0516
27,1_lmer_complete,-0.023973849,0.406011737,0.619581657,1,1,0.904586693,1.004955151
27,2_blimp_complete,-0.0397,0.4061,0.624,1,1,0.9325,1.0052
27,3_lmer_naive,-0.574404133,0.537226161,0.434974623,0,0,0.721634573,0.757277411
27,4_blimp_lmc_noaux,-0.5856,0.5373,0.4269,0,0,0.7449,0.7577
27,5_blimp_omc_aux,-0.0537,0.4412,0.6318,1,1,0.8993,1.029
27,6_blimp_rescue,-0.025,0.4039,0.5856,1,1,0.9224,1.0002
28,1_lmer_complete,-0.03750996,0.379188863,0.5375113,1,1,0.939596701,1.010603593
28,2_blimp_complete,-0.0522,0.3793,0.5361,1,1,0.9675,1.011
28,3_lmer_naive,-0.597932378,0.509862284,0.331315285,0,0,0.736627075,0.776856976
28,4_blimp_lmc_noaux,-0.6067,0.5102,0.3092,0,0,0.7504,0.7779
28,5_blimp_omc_aux,-0.042,0.4024,0.5822,1,1,0.9742,1.0393
28,6_blimp_rescue,-0.0285,0.3704,0.5478,1,1,0.9943,1.0082
29,1_lmer_complete,-0.056260376,0.390751849,0.585025824,1,1,0.832401794,1.008275383
29,2_blimp_complete,-0.0689,0.3908,0.5875,1,1,0.8576,1.0085
29,3_lmer_naive,-0.552671875,0.537756647,0.419573712,0,0,0.731114296,0.794790646
29,4_blimp_lmc_noaux,-0.5639,0.5379,0.4148,0,0,0.7538,0.7952
29,5_blimp_omc_aux,-0.0792,0.4466,0.6167,0,1,0.8463,1.0369
29,6_blimp_rescue,-0.0768,0.4149,0.5641,1,1,0.8506,1.0096
30,1_lmer_complete,0.040165778,0.391864409,0.636047205,1,1,1.021874183,0.988042048
30,2_blimp_complete,0.0276,0.392,0.6465,1,1,1.0516,0.9882
30,3_lmer_naive,-0.48774195,0.508115231,0.508996817,0,1,0.904166756,0.753132695
30,4_blimp_lmc_noaux,-0.4996,0.5083,0.5116,0,1,0.9317,0.7535
30,5_blimp_omc_aux,0.0055,0.4086,0.7156,1,1,1.0744,0.9872
30,6_blimp_rescue,0.0653,0.3825,0.6884,1,1,1.1083,0.9648
31,1_lmer_complete,0.067126645,0.393937111,0.529270498,1,1,0.944362097,0.980010706
31,2_blimp_complete,0.0527,0.3941,0.5258,1,1,0.9714,0.9803
31,3_lmer_naive,-0.447131599,0.525154995,0.272452,0,0,0.814015657,0.782295053
31,4_blimp_lmc_noaux,-0.4601,0.5256,0.2598,0,0,0.8333,0.783
31,5_blimp_omc_aux,0.0846,0.4408,0.5437,1,1,0.9582,1.0405
31,6_blimp_rescue,0.0878,0.4012,0.4647,1,1,0.9771,1.0156
32,1_lmer_complete,0.0525979,0.424234403,0.65357541,1,1,0.984503963,0.984165686
32,2_blimp_complete,0.0367,0.4244,0.6487,1,1,1.0129,0.9844
32,3_lmer_naive,-0.513673418,0.552243401,0.507756795,0,1,0.732501697,0.773880151
32,4_blimp_lmc_noaux,-0.5157,0.553,0.4942,0,1,0.7514,0.7745
32,5_blimp_omc_aux,0.0381,0.4566,0.7203,0,1,0.9817,1.0404
32,6_blimp_rescue,0.1051,0.4177,0.6948,1,1,1.0386,1.0089
33,1_lmer_complete,-0.197247097,0.374794199,0.509234283,1,1,1.098406516,0.990012313
33,2_blimp_complete,-0.2123,0.3749,0.5205,1,1,1.1317,0.9903
33,3_lmer_naive,-0.67302303,0.499727682,0.383883201,0,0,0.867959984,0.824988071
33,4_blimp_lmc_noaux,-0.6915,0.4996,0.3904,0,0,0.8951,0.8255
33,5_blimp_omc_aux,-0.1968,0.4175,0.5755,1,1,1.0956,1.0515
33,6_blimp_rescue,-0.2043,0.3804,0.507,1,1,1.0921,1.016
34,1_lmer_complete,-0.037356898,0.402148772,0.481924823,1,1,1.032017141,0.975638844
34,2_blimp_complete,-0.0528,0.4023,0.4823,1,1,1.0638,0.9759
34,3_lmer_naive,-0.481610086,0.531161668,0.281873814,0,0,0.871143718,0.779632468
34,4_blimp_lmc_noaux,-0.4987,0.5312,0.2729,0,0,0.8983,0.78
34,5_blimp_omc_aux,-0.021,0.4367,0.5121,1,1,1.028,1.0333
34,6_blimp_rescue,-0.0012,0.4037,0.4614,1,1,1.0325,1.0085
35,1_lmer_complete,-0.059880451,0.378914915,0.700181463,1,1,1.059341349,1.017127476
35,2_blimp_complete,-0.0759,0.379,0.6907,1,1,1.0876,1.0173
35,3_lmer_naive,-0.65235522,0.520464271,0.502482543,0,1,0.834370525,0.765183836
35,4_blimp_lmc_noaux,-0.6442,0.5211,0.4911,0,1,0.8574,0.7661
35,5_blimp_omc_aux,-0.1547,0.4177,0.7656,1,1,1.0925,1.0173
35,6_blimp_rescue,-0.0365,0.3863,0.7577,1,1,1.1524,0.9923
36,1_lmer_complete,0.044587767,0.397545188,0.808871982,1,0,0.950378764,1.006277514
36,2_blimp_complete,0.0291,0.3977,0.799,1,1,0.9775,1.0065
36,3_lmer_naive,-0.58276162,0.533666011,0.573640972,0,1,0.632250497,0.76051935
36,4_blimp_lmc_noaux,-0.587,0.5339,0.568,0,1,0.6524,0.7611
36,5_blimp_omc_aux,-0.0635,0.4464,0.859,0,0,0.865,1.0331
36,6_blimp_rescue,0.0555,0.4052,0.8311,1,0,0.9058,0.9985
37,1_lmer_complete,-0.144911047,0.388968744,0.554920489,1,1,1.127723865,1.011499554
37,2_blimp_complete,-0.163,0.3891,0.5557,1,1,1.1596,1.0118
37,3_lmer_naive,-0.645325496,0.538212428,0.404569396,0,0,0.923491663,0.764314148
37,4_blimp_lmc_noaux,-0.6602,0.5384,0.3986,0,0,0.9503,0.7648
37,5_blimp_omc_aux,-0.1666,0.4357,0.6305,1,1,1.1791,1.045
37,6_blimp_rescue,-0.1172,0.4006,0.5699,1,1,1.2134,1.0184
38,1_lmer_complete,0.155038407,0.409643628,0.572272723,1,1,0.813085338,0.978992696
38,2_blimp_complete,0.1415,0.4097,0.5644,1,1,0.8366,0.9792
38,3_lmer_naive,-0.315108723,0.528953561,0.455496892,0,1,0.684265833,0.771741394
38,4_blimp_lmc_noaux,-0.325,0.529,0.4486,0,1,0.7047,0.7722
38,5_blimp_omc_aux,0.1472,0.4199,0.6159,1,1,0.8134,1.0274
38,6_blimp_rescue,0.1674,0.3906,0.5803,1,1,0.8243,1.0012
39,1_lmer_complete,0.212176681,0.413443885,0.699896551,1,1,1.310216484,1.004481694
39,2_blimp_complete,0.1953,0.4137,0.6688,1,1,1.3474,1.0047
39,3_lmer_naive,-0.405762154,0.553152207,0.512244783,0,1,0.959240328,0.798361377
39,4_blimp_lmc_noaux,-0.4083,0.5538,0.5048,0,1,0.9875,0.799
39,5_blimp_omc_aux,0.1316,0.4606,0.7932,0,0,1.2176,1.0804
39,6_blimp_rescue,0.2303,0.423,0.7219,1,1,1.2876,1.0519
40,1_lmer_complete,-0.079376509,0.40273857,0.765597809,1,1,0.715392551,1.0261082
40,2_blimp_complete,-0.0928,0.4028,0.7585,1,1,0.734,1.0263
40,3_lmer_naive,-0.667157851,0.549426619,0.561913795,0,1,0.535485241,0.783301937
40,4_blimp_lmc_noaux,-0.6677,0.5504,0.5383,0,1,0.5526,0.7839
40,5_blimp_omc_aux,-0.1511,0.4505,0.8099,0,0,0.7217,1.0864
40,6_blimp_rescue,-0.0608,0.403,0.758,1,1,0.7552,1.0501
41,1_lmer_complete,0.085608923,0.390078078,0.860083919,1,0,1.071425723,0.986256796
41,2_blimp_complete,0.073,0.3902,0.8658,1,0,1.0982,0.9865
41,3_lmer_naive,-0.523585215,0.511415684,0.622790176,0,1,0.77994576,0.776651933
41,4_blimp_lmc_noaux,-0.5259,0.5118,0.6311,0,1,0.8022,0.7773
41,5_blimp_omc_aux,-0.037,0.4235,0.8752,1,0,0.9696,1.0056
41,6_blimp_rescue,0.0987,0.3854,0.8657,1,0,1.0461,0.9723
42,1_lmer_complete,-0.113663683,0.413145589,0.685707789,1,1,0.890122666,0.980651137
42,2_blimp_complete,-0.1312,0.4133,0.6901,1,1,0.9137,0.9809
42,3_lmer_naive,-0.655019574,0.547561107,0.498159575,0,1,0.763523128,0.746156539
42,4_blimp_lmc_noaux,-0.6706,0.5475,0.502,0,1,0.7856,0.7467
42,5_blimp_omc_aux,-0.1685,0.4613,0.7254,0,1,0.8686,1.0072
42,6_blimp_rescue,-0.0965,0.4173,0.7001,1,1,0.8941,0.9695
43,1_lmer_complete,0.054900227,0.406185864,0.730189016,1,1,1.228964993,1.010609442
43,2_blimp_complete,0.038,0.4063,0.725,1,1,1.2634,1.0109
43,3_lmer_naive,-0.577739269,0.537815241,0.490488167,0,1,0.787454692,0.810659072
43,4_blimp_lmc_noaux,-0.5711,0.5379,0.4829,0,1,0.8079,0.8116
43,5_blimp_omc_aux,-0.0279,0.4588,0.7668,0,1,1.125,1.059
43,6_blimp_rescue,0.0192,0.4202,0.7039,1,1,1.1717,1.0298
44,1_lmer_complete,0.082709436,0.425482531,0.693863787,1,1,1.131226478,1.011126365
44,2_blimp_complete,0.0654,0.4256,0.6864,1,1,1.1635,1.0114
44,3_lmer_naive,-0.480568405,0.562160931,0.514715648,0,1,0.935337224,0.753889656
44,4_blimp_lmc_noaux,-0.486,0.5624,0.5087,0,1,0.9627,0.7545
44,5_blimp_omc_aux,0.0292,0.4661,0.7936,0,0,1.189,1.0332
44,6_blimp_rescue,0.0925,0.4234,0.7334,1,1,1.2549,1.0017
45,1_lmer_complete,0.127655173,0.417951002,0.636398629,1,1,1.034282377,1.018449783
45,2_blimp_complete,0.1131,0.4181,0.623,1,1,1.0666,1.0187
45,3_lmer_naive,-0.476047447,0.560109199,0.458906591,0,1,0.821386128,0.758274972
45,4_blimp_lmc_noaux,-0.4794,0.5608,0.4342,0,1,0.8455,0.7588
45,5_blimp_omc_aux,0.0799,0.4586,0.6911,0,1,1.0289,1.0646
45,6_blimp_rescue,0.1601,0.4088,0.6319,1,1,1.0542,1.0208
46,1_lmer_complete,-0.136628219,0.41279453,0.579508267,1,1,0.774268717,1.025583992
46,2_blimp_complete,-0.1494,0.4129,0.5756,1,1,0.797,1.0258
46,3_lmer_naive,-0.612518111,0.549996796,0.390828855,0,0,0.715430589,0.786756581
46,4_blimp_lmc_noaux,-0.6204,0.5501,0.3895,0,0,0.7364,0.7873
46,5_blimp_omc_aux,-0.132,0.4537,0.6158,0,1,0.7919,1.0568
46,6_blimp_rescue,-0.0995,0.4138,0.6125,1,1,0.8138,1.022
47,1_lmer_complete,-0.195453272,0.422417783,0.713802447,1,1,1.038478967,1.009398287
47,2_blimp_complete,-0.2105,0.4226,0.7222,1,1,1.0703,1.0096
47,3_lmer_naive,-0.721606232,0.570208942,0.575709478,0,1,0.828228956,0.795343159
47,4_blimp_lmc_noaux,-0.7334,0.5704,0.5734,0,1,0.8542,0.7958
47,5_blimp_omc_aux,-0.2199,0.4735,0.7792,0,1,1.0596,1.0761
47,6_blimp_rescue,-0.1811,0.4365,0.6995,1,1,1.0845,1.0454
48,1_lmer_complete,-0.094946562,0.406179662,0.58222468,1,1,0.731404104,0.979950364
48,2_blimp_complete,-0.1063,0.4063,0.588,1,1,0.7518,0.9802
48,3_lmer_naive,-0.614891698,0.514815672,0.476509898,0,1,0.584456076,0.774204897
48,4_blimp_lmc_noaux,-0.6257,0.5149,0.4772,0,1,0.6035,0.7747
48,5_blimp_omc_aux,-0.1078,0.4174,0.65,1,1,0.7311,1.0231
48,6_blimp_rescue,-0.0846,0.3817,0.6002,1,1,0.7451,0.9925
49,1_lmer_complete,-0.007618268,0.416498628,0.6435143,1,1,1.02171356,0.988555256
49,2_blimp_complete,-0.0231,0.4166,0.633,1,1,1.0536,0.9888
49,3_lmer_naive,-0.529673127,0.554086832,0.445643413,0,1,0.954609627,0.776907483
49,4_blimp_lmc_noaux,-0.5418,0.5544,0.4257,0,1,0.9846,0.7772
49,5_blimp_omc_aux,-0.0228,0.4538,0.6921,0,1,1.0562,1.0518
49,6_blimp_rescue,0.003,0.4158,0.6766,1,1,1.0787,1.0211
50,1_lmer_complete,-0.223185235,0.418850426,0.819901332,1,0,0.868422249,1.02364962
50,2_blimp_complete,-0.2371,0.419,0.814,1,0,0.893,1.0239
50,3_lmer_naive,-0.794930479,0.543982982,0.58633745,0,1,0.629084765,0.828647795
50,4_blimp_lmc_noaux,-0.7893,0.544,0.5965,0,1,0.6477,0.8296
50,5_blimp_omc_aux,-0.2686,0.4394,0.8691,1,0,0.8919,1.1193
50,6_blimp_rescue,-0.1618,0.3974,0.8279,1,0,0.9427,1.0791
51,1_lmer_complete,0.087221379,0.394998428,0.596590769,1,1,0.878847785,1.004388987
51,2_blimp_complete,0.0729,0.3951,0.5849,1,1,0.9053,1.0046
51,3_lmer_naive,-0.44993512,0.512190346,0.451115563,0,1,0.755807769,0.830058458
51,4_blimp_lmc_noaux,-0.459,0.5124,0.4392,0,1,0.7811,0.8306
51,5_blimp_omc_aux,0.0753,0.4241,0.6952,1,1,0.91,1.0981
51,6_blimp_rescue,0.1476,0.3818,0.6349,1,1,0.9323,1.0578
52,1_lmer_complete,-0.042471517,0.382762061,0.6518016,1,1,0.937103017,0.984055253
52,2_blimp_complete,-0.0574,0.3828,0.6485,1,1,0.9654,0.9844
52,3_lmer_naive,-0.588339985,0.509222695,0.475452351,0,1,0.766437474,0.757315326
52,4_blimp_lmc_noaux,-0.5914,0.5086,0.4807,0,1,0.785,0.7583
52,5_blimp_omc_aux,-0.0788,0.4141,0.6726,1,1,0.9383,0.9963
52,6_blimp_rescue,-0.027,0.3848,0.6808,1,1,0.977,0.9702
53,1_lmer_complete,-0.064030715,0.401192676,0.582141223,1,1,1.059770872,0.977874884
53,2_blimp_complete,-0.0815,0.4013,0.5687,1,1,1.0906,0.9781
53,3_lmer_naive,-0.610667729,0.522645807,0.363370914,0,0,0.903339509,0.756849776
53,4_blimp_lmc_noaux,-0.6182,0.5228,0.3571,0,0,0.9298,0.7574
53,5_blimp_omc_aux,-0.124,0.4254,0.6497,1,1,1.1515,1.0371
53,6_blimp_rescue,-0.0085,0.3782,0.5758,1,1,1.2034,1.0025
54,1_lmer_complete,0.089706294,0.389826369,0.339583098,1,0,0.931411886,0.999456467
54,2_blimp_complete,0.0739,0.39,0.3249,1,0,0.961,0.9996
54,3_lmer_naive,-0.337086467,0.53181456,0.235637861,0,0,0.839790281,0.753744974
54,4_blimp_lmc_noaux,-0.345,0.5324,0.2037,0,0,0.8568,0.7542
54,5_blimp_omc_aux,0.1466,0.411,0.4349,1,1,0.9949,1.0222
54,6_blimp_rescue,0.0942,0.3801,0.3273,1,0,0.9717,0.9924
55,1_lmer_complete,0.075545251,0.404993924,0.615560015,1,1,1.204502171,0.975670339
55,2_blimp_complete,0.0591,0.4052,0.6145,1,1,1.2438,0.9759
55,3_lmer_naive,-0.425119946,0.538078741,0.464864329,0,1,1.028237385,0.795032651
55,4_blimp_lmc_noaux,-0.4392,0.5383,0.4596,0,1,1.0626,0.7954
55,5_blimp_omc_aux,0.0736,0.4336,0.6741,1,1,1.1604,1.0649
55,6_blimp_rescue,0.094,0.4009,0.6281,1,1,1.1861,1.0349
56,1_lmer_complete,0.211476893,0.412400098,0.596822684,1,1,1.224351739,1.032028536
56,2_blimp_complete,0.1954,0.4126,0.5833,1,1,1.2593,1.0323
56,3_lmer_naive,-0.402105494,0.561739844,0.499873726,0,1,0.795652198,0.786046337
56,4_blimp_lmc_noaux,-0.4109,0.5623,0.4807,0,1,0.8198,0.7865
56,5_blimp_omc_aux,0.1498,0.4581,0.7353,0,1,1.2048,1.0852
56,6_blimp_rescue,0.2253,0.4152,0.6491,1,1,1.2411,1.0552
57,1_lmer_complete,0.023636107,0.391131326,0.619319995,1,1,1.160958249,0.996607963
57,2_blimp_complete,0.0076,0.3913,0.6041,1,1,1.1958,0.9968
57,3_lmer_naive,-0.514548581,0.508119005,0.469642657,0,1,0.916321869,0.75607978
57,4_blimp_lmc_noaux,-0.5254,0.5077,0.4664,0,1,0.9463,0.7565
57,5_blimp_omc_aux,-0.0282,0.4044,0.6478,1,1,1.1671,1.0034
57,6_blimp_rescue,0.0039,0.3691,0.5808,1,1,1.1888,0.9744
58,1_lmer_complete,0.161716335,0.409030219,0.664618053,1,1,1.069477854,1.026313503
58,2_blimp_complete,0.146,0.4092,0.6479,1,1,1.1023,1.0266
58,3_lmer_naive,-0.444138808,0.553488148,0.521407464,0,1,0.870430724,0.756591553
58,4_blimp_lmc_noaux,-0.4506,0.5539,0.5017,0,1,0.8981,0.7571
58,5_blimp_omc_aux,0.1149,0.4453,0.6996,0,1,1.0226,1.0463
58,6_blimp_rescue,0.1287,0.4124,0.6849,1,1,1.0424,1.0203
59,1_lmer_complete,-0.22043015,0.382478968,0.681917073,1,1,0.729085596,0.961733579
59,2_blimp_complete,-0.2335,0.3826,0.6888,1,1,0.7497,0.9619
59,3_lmer_naive,-0.760759992,0.523148493,0.473344506,0,1,0.596409081,0.747234517
59,4_blimp_lmc_noaux,-0.7702,0.5224,0.4866,0,1,0.6167,0.7478
59,5_blimp_omc_aux,-0.29,0.4248,0.7435,1,1,0.6967,1.0029
59,6_blimp_rescue,-0.2116,0.3854,0.7403,1,1,0.7322,0.9714
60,1_lmer_complete,-0.0225801,0.387966405,0.617933078,1,1,0.961273541,0.978498849
60,2_blimp_complete,-0.0388,0.388,0.6192,1,1,0.9925,0.9787
60,3_lmer_naive,-0.590134632,0.521872778,0.482949848,0,1,0.839286553,0.739095691
60,4_blimp_lmc_noaux,-0.5962,0.5225,0.4651,0,1,0.8673,0.7396
60,5_blimp_omc_aux,-0.0989,0.4191,0.6972,1,1,1.0005,0.9789
60,6_blimp_rescue,-0.0226,0.3868,0.6469,1,1,1.0306,0.9504
61,1_lmer_complete,0.111557339,0.397525886,0.461225455,1,1,0.905231563,0.977619509
61,2_blimp_complete,0.097,0.3977,0.4547,1,1,0.9343,0.9778
61,3_lmer_naive,-0.402624398,0.54557141,0.371184518,0,0,0.602594734,0.770751786
61,4_blimp_lmc_noaux,-0.4103,0.546,0.3471,0,0,0.6198,0.7712
61,5_blimp_omc_aux,0.0996,0.4495,0.6293,0,1,0.8889,1.0288
61,6_blimp_rescue,0.12,0.4129,0.5317,1,1,0.9007,1.002
62,1_lmer_complete,0.191014251,0.39513653,0.653737782,1,1,1.114940622,1.021141465
62,2_blimp_complete,0.1759,0.3953,0.6316,1,1,1.1495,1.0213
62,3_lmer_naive,-0.401758996,0.551038194,0.505032546,0,1,0.900052497,0.773972576
62,4_blimp_lmc_noaux,-0.4087,0.551,0.4921,0,1,0.9278,0.7744
62,5_blimp_omc_aux,0.1222,0.4249,0.7101,1,1,1.0988,1.0891
62,6_blimp_rescue,0.2239,0.3958,0.6443,1,1,1.1306,1.0647
63,1_lmer_complete,0.09323605,0.376963159,0.634432621,1,1,0.923219962,0.979676758
63,2_blimp_complete,0.0774,0.377,0.6147,1,1,0.9507,0.9799
63,3_lmer_naive,-0.489425745,0.513719276,0.468888173,0,1,0.688589341,0.750425543
63,4_blimp_lmc_noaux,-0.4918,0.5145,0.4358,0,1,0.7086,0.7509
63,5_blimp_omc_aux,0.0364,0.4118,0.6921,1,1,0.8623,1.0009
63,6_blimp_rescue,0.0754,0.3702,0.6288,1,1,0.9022,0.9615
64,1_lmer_complete,-0.015765652,0.403223822,0.577803215,1,1,0.816453537,0.98829643
64,2_blimp_complete,-0.0292,0.4034,0.5698,1,1,0.8399,0.9885
64,3_lmer_naive,-0.510979732,0.569216517,0.352286203,0,0,0.645637033,0.760441995
64,4_blimp_lmc_noaux,-0.5211,0.5696,0.3437,0,0,0.6618,0.761
64,5_blimp_omc_aux,0.0321,0.4719,0.613,0,1,0.857,1.0461
64,6_blimp_rescue,0.0291,0.4311,0.5575,1,1,0.867,1.0136
65,1_lmer_complete,0.118708067,0.430183187,0.525188135,0,1,0.838235268,1.021472997
65,2_blimp_complete,0.1053,0.4302,0.5245,0,1,0.8649,1.0217
65,3_lmer_naive,-0.462363172,0.546309451,0.366800132,0,0,0.605600073,0.772252762
65,4_blimp_lmc_noaux,-0.472,0.5464,0.3594,0,0,0.6242,0.7728
65,5_blimp_omc_aux,0.1106,0.4475,0.5767,0,1,0.8526,1.0578
65,6_blimp_rescue,0.1254,0.4043,0.5172,1,1,0.8576,1.0257
66,1_lmer_complete,0.011237047,0.396868317,0.490730501,1,1,0.838144043,0.971455424
66,2_blimp_complete,-0.0027,0.397,0.4812,1,1,0.8639,0.9717
66,3_lmer_naive,-0.465348457,0.53974606,0.391029966,0,0,0.729937605,0.766534203
66,4_blimp_lmc_noaux,-0.4749,0.5393,0.3818,0,0,0.7542,0.7671
66,5_blimp_omc_aux,0.0128,0.4493,0.578,0,1,0.8684,1.0095
66,6_blimp_rescue,0.042,0.4183,0.5338,1,1,0.8814,0.9873
67,1_lmer_complete,-0.019921706,0.393094696,0.595971144,1,1,0.971057938,1.01017579
67,2_blimp_complete,-0.0342,0.3932,0.6052,1,1,1.0006,1.0104
67,3_lmer_naive,-0.536996164,0.520647008,0.462352264,0,1,0.760433696,0.792531795
67,4_blimp_lmc_noaux,-0.5483,0.5211,0.4593,0,1,0.7837,0.7929
67,5_blimp_omc_aux,-0.0392,0.4296,0.6825,1,1,1.0236,1.0367
67,6_blimp_rescue,0.0046,0.3949,0.5862,1,1,1.0393,1.0057
68,1_lmer_complete,0.237622369,0.40884949,0.490943426,1,1,1.186086668,0.990313916
68,2_blimp_complete,0.2197,0.4089,0.4693,1,1,1.2235,0.9905
68,3_lmer_naive,-0.271184355,0.549712399,0.356146231,0,0,0.938895067,0.755678403
68,4_blimp_lmc_noaux,-0.2785,0.55,0.3251,0,0,0.9657,0.756
68,5_blimp_omc_aux,0.2501,0.4636,0.6107,0,1,1.2237,0.9998
68,6_blimp_rescue,0.2551,0.4196,0.5225,1,1,1.2517,0.9659
69,1_lmer_complete,0.043402652,0.401769241,0.499295604,1,1,1.125625759,1.005252901
69,2_blimp_complete,0.0277,0.4018,0.4922,1,1,1.1602,1.0055
69,3_lmer_naive,-0.479593664,0.549889055,0.397028315,0,0,0.911562422,0.764699181
69,4_blimp_lmc_noaux,-0.4917,0.5501,0.3848,0,0,0.9395,0.7652
69,5_blimp_omc_aux,0.0517,0.4507,0.5718,0,1,1.1264,1.0416
69,6_blimp_rescue,0.0583,0.4088,0.5263,1,1,1.1404,1.0094
70,1_lmer_complete,0.143042465,0.41422846,0.609796975,1,1,1.138187918,0.997493319
70,2_blimp_complete,0.1273,0.4143,0.6033,1,1,1.171,0.9977
70,3_lmer_naive,-0.429062706,0.562123706,0.540486529,0,1,0.823368138,0.756540501
70,4_blimp_lmc_noaux,-0.4366,0.5626,0.5264,0,1,0.8489,0.757
70,5_blimp_omc_aux,0.0886,0.4445,0.7505,0,1,1.1314,1.0557
70,6_blimp_rescue,0.1714,0.4103,0.6401,1,1,1.1762,1.0231
71,1_lmer_complete,0.058704364,0.410303868,0.644071723,1,1,0.780279761,0.999228907
71,2_blimp_complete,0.0458,0.4104,0.6366,1,1,0.8033,0.9994
71,3_lmer_naive,-0.461744755,0.56731471,0.493977774,0,1,0.640779117,0.734062574
71,4_blimp_lmc_noaux,-0.4688,0.5675,0.4799,0,1,0.6602,0.7345
71,5_blimp_omc_aux,0,0.4704,0.7209,0,1,0.7581,1.0067
71,6_blimp_rescue,0.0807,0.4343,0.6888,1,1,0.7728,0.9827
72,1_lmer_complete,0.166531244,0.397701979,0.757763234,1,1,0.985333639,0.97764531
72,2_blimp_complete,0.1514,0.3977,0.7567,1,1,1.0129,0.9779
72,3_lmer_naive,-0.396071703,0.503209259,0.463999304,0,1,0.868748908,0.794212377
72,4_blimp_lmc_noaux,-0.4082,0.5027,0.4741,0,1,0.897,0.7947
72,5_blimp_omc_aux,0.0848,0.4185,0.7628,1,1,0.9962,1.0231
72,6_blimp_rescue,0.1537,0.3805,0.7425,1,1,1.04,0.9888
73,1_lmer_complete,0.032395068,0.431414046,0.645130302,0,1,0.964047544,0.98379951
73,2_blimp_complete,0.0164,0.4315,0.6314,0,1,0.9927,0.984
73,3_lmer_naive,-0.495595163,0.566919673,0.502933738,0,1,0.733968504,0.77881422
73,4_blimp_lmc_noaux,-0.4992,0.5673,0.4999,0,1,0.7537,0.7794
73,5_blimp_omc_aux,-0.0109,0.4723,0.7237,0,1,0.9397,1.0266
73,6_blimp_rescue,0.0333,0.4413,0.672,0,1,0.9579,1.0008
74,1_lmer_complete,0.065316927,0.391679115,0.647434904,1,1,1.088018453,1.010423893
74,2_blimp_complete,0.0514,0.3917,0.6474,1,1,1.1183,1.0107
74,3_lmer_naive,-0.542325124,0.519466618,0.463491767,0,1,0.86652319,0.812611457
74,4_blimp_lmc_noaux,-0.5453,0.5192,0.4668,0,1,0.8881,0.8136
74,5_blimp_omc_aux,0.0379,0.4291,0.711,1,1,1.019,1.089
74,6_blimp_rescue,0.1287,0.3889,0.7298,1,1,1.0827,1.0577
75,1_lmer_complete,0.040305257,0.407588688,0.598206483,1,1,1.048577692,1.006555433
75,2_blimp_complete,0.0255,0.4077,0.5877,1,1,1.0783,1.0068
75,3_lmer_naive,-0.482805811,0.543009504,0.44048334,0,0,0.899876567,0.780021245
75,4_blimp_lmc_noaux,-0.4844,0.5437,0.4323,0,0,0.9258,0.7807
75,5_blimp_omc_aux,0.0626,0.454,0.6296,0,1,1.0612,1.0654
75,6_blimp_rescue,0.0692,0.412,0.5894,1,1,1.0907,1.0315
76,1_lmer_complete,-0.039350738,0.360496199,0.647193213,0,1,1.027896926,0.984844574
76,2_blimp_complete,-0.0552,0.3606,0.641,0,1,1.0615,0.9851
76,3_lmer_naive,-0.580863813,0.469970613,0.521765464,0,1,0.862646978,0.734057434
76,4_blimp_lmc_noaux,-0.5892,0.4703,0.5174,0,1,0.8928,0.7345
76,5_blimp_omc_aux,-0.099,0.3476,0.7278,0,1,1.0463,0.9782
76,6_blimp_rescue,0.0019,0.3146,0.6601,0,1,1.0896,0.9405
77,1_lmer_complete,-0.07996115,0.400484345,0.76226339,1,1,0.883296148,0.984638568
77,2_blimp_complete,-0.0964,0.4006,0.76,1,1,0.9076,0.9849
77,3_lmer_naive,-0.631364098,0.510551214,0.511478174,0,1,0.755354981,0.771693546
77,4_blimp_lmc_noaux,-0.6474,0.5099,0.5407,0,1,0.7786,0.7723
77,5_blimp_omc_aux,-0.1253,0.4185,0.7733,1,1,0.8927,1.0312
77,6_blimp_rescue,-0.0378,0.3788,0.7628,1,1,0.9269,0.9967
78,1_lmer_complete,-0.121719316,0.428965814,0.588291353,0,1,1.147157694,0.997873661
78,2_blimp_complete,-0.1392,0.4291,0.5897,0,1,1.1809,0.9981
78,3_lmer_naive,-0.66130745,0.536420598,0.481475432,0,1,0.886355385,0.800016493
78,4_blimp_lmc_noaux,-0.6766,0.5366,0.4803,0,1,0.9128,0.8005
78,5_blimp_omc_aux,-0.1661,0.4461,0.7002,0,1,1.1648,1.0715
78,6_blimp_rescue,-0.073,0.4064,0.616,1,1,1.2067,1.0439
79,1_lmer_complete,0.037085819,0.395837716,0.689690831,1,1,0.948866853,1.016509328
79,2_blimp_complete,0.0219,0.3959,0.6871,1,1,0.9765,1.0168
79,3_lmer_naive,-0.50870055,0.541795531,0.496673745,0,1,0.793714844,0.760272712
79,4_blimp_lmc_noaux,-0.5194,0.5424,0.4796,0,1,0.8188,0.7607
79,5_blimp_omc_aux,-0.0459,0.4382,0.7268,1,1,0.9912,1.0223
79,6_blimp_rescue,0.0448,0.4074,0.7172,1,1,1.0274,0.9968
80,1_lmer_complete,0.083441923,0.39549286,0.593716344,1,1,0.965482232,1.003879936
80,2_blimp_complete,0.0696,0.3956,0.5849,1,1,0.9975,1.0041
80,3_lmer_naive,-0.452029004,0.52133008,0.395834125,0,0,0.727212516,0.770492969
80,4_blimp_lmc_noaux,-0.4603,0.5218,0.3921,0,0,0.7481,0.7711
80,5_blimp_omc_aux,0.0464,0.4061,0.6287,1,1,0.9317,1.034
80,6_blimp_rescue,0.0884,0.3751,0.567,1,1,0.954,1.0049
81,1_lmer_complete,0.350989542,0.420043654,0.48176585,1,1,0.857233753,0.99698422
81,2_blimp_complete,0.3362,0.4202,0.4788,1,1,0.8847,0.9972
81,3_lmer_naive,-0.143205677,0.561917581,0.308368401,0,0,0.700710077,0.761810254
81,4_blimp_lmc_noaux,-0.1587,0.5614,0.2933,0,0,0.7249,0.7623
81,5_blimp_omc_aux,0.3594,0.4691,0.5362,0,1,0.9182,1.0347
81,6_blimp_rescue,0.419,0.4296,0.4505,1,1,0.9266,1.0064
82,1_lmer_complete,0.136509158,0.39153883,0.716496474,1,1,0.786056959,0.98197482
82,2_blimp_complete,0.123,0.3916,0.7176,1,1,0.8068,0.9822
82,3_lmer_naive,-0.427120111,0.541323824,0.536099237,0,1,0.583754203,0.774265237
82,4_blimp_lmc_noaux,-0.4328,0.5417,0.5278,0,1,0.6022,0.7748
82,5_blimp_omc_aux,0.091,0.4397,0.7437,1,1,0.7568,1.0598
82,6_blimp_rescue,0.1672,0.3949,0.7245,1,1,0.7886,1.0236
83,1_lmer_complete,0.125515978,0.397436234,0.604136525,1,1,0.876473301,1.01136908
83,2_blimp_complete,0.1094,0.3975,0.6038,1,1,0.9019,1.0116
83,3_lmer_naive,-0.474367506,0.509955487,0.400273225,0,0,0.719194958,0.741444859
83,4_blimp_lmc_noaux,-0.4761,0.5095,0.3962,0,0,0.7396,0.7424
83,5_blimp_omc_aux,0.0622,0.4117,0.657,1,1,0.8914,0.9987
83,6_blimp_rescue,0.1126,0.3613,0.5947,1,1,0.9099,0.9544
84,1_lmer_complete,0.198859172,0.390746186,0.718217463,1,1,1.186262213,0.987262545
84,2_blimp_complete,0.1841,0.3909,0.7212,1,1,1.2189,0.9875
84,3_lmer_naive,-0.39294516,0.516293885,0.47815595,0,1,0.971865277,0.791862502
84,4_blimp_lmc_noaux,-0.3981,0.5168,0.4731,0,1,0.9996,0.7925
84,5_blimp_omc_aux,0.1424,0.4287,0.7406,1,1,1.1995,1.0255
84,6_blimp_rescue,0.1978,0.392,0.6848,1,1,1.2668,0.9944
85,1_lmer_complete,0.213239351,0.403395689,0.541715082,1,1,1.115460276,1.011319841
85,2_blimp_complete,0.1974,0.4035,0.5373,1,1,1.1481,1.0116
85,3_lmer_naive,-0.357278805,0.536687361,0.338897667,0,0,0.988937166,0.788324951
85,4_blimp_lmc_noaux,-0.3554,0.5363,0.3289,0,0,1.018,0.7894
85,5_blimp_omc_aux,0.2219,0.434,0.6056,1,1,1.2225,1.0543
85,6_blimp_rescue,0.2502,0.4048,0.5338,1,1,1.3206,1.028
86,1_lmer_complete,-0.030955167,0.390153108,0.437015017,1,1,0.9919331,0.995964451
86,2_blimp_complete,-0.0459,0.3903,0.435,1,1,1.0219,0.9962
86,3_lmer_naive,-0.483352368,0.520026806,0.305451984,0,0,0.817985129,0.794127398
86,4_blimp_lmc_noaux,-0.4956,0.5205,0.2745,0,0,0.836,0.7946
86,5_blimp_omc_aux,-0.0224,0.4227,0.5172,1,1,1.0457,1.0286
86,6_blimp_rescue,-0.0091,0.3918,0.4224,1,1,1.036,1.0015
87,1_lmer_complete,-0.136296087,0.378559912,0.214972759,1,0,0.72115551,1.002383129
87,2_blimp_complete,-0.148,0.3787,0.1912,1,0,0.742,1.0026
87,3_lmer_naive,-0.563452255,0.498065964,0.054802123,0,0,0.595693396,0.804911347
87,4_blimp_lmc_noaux,-0.5738,0.4981,0.0168,0,0,0.6044,0.8054
87,5_blimp_omc_aux,-0.0728,0.4007,0.3148,1,0,0.7708,1.0718
87,6_blimp_rescue,-0.1328,0.3603,0.1686,1,0,0.723,1.0357
88,1_lmer_complete,-0.025770223,0.395400002,0.52222524,1,1,1.053460458,1.023953709
88,2_blimp_complete,-0.0411,0.3954,0.5104,1,1,1.0847,1.0242
88,3_lmer_naive,-0.569090319,0.536246718,0.309167296,0,0,0.861831949,0.796086339
88,4_blimp_lmc_noaux,-0.5741,0.536,0.3031,0,0,0.8823,0.7971
88,5_blimp_omc_aux,-0.0584,0.438,0.5508,1,1,1.0398,1.0597
88,6_blimp_rescue,-0.0203,0.4107,0.5109,1,1,1.098,1.0423
89,1_lmer_complete,0.009621819,0.388922032,0.743858952,1,1,0.831114975,1.024592045
89,2_blimp_complete,-0.004,0.3891,0.7404,1,1,0.8543,1.0248
89,3_lmer_naive,-0.503318092,0.521020815,0.604139134,0,1,0.691996453,0.842320713
89,4_blimp_lmc_noaux,-0.5102,0.5205,0.6169,0,1,0.7113,0.8427
89,5_blimp_omc_aux,-0.0326,0.4325,0.8321,1,0,0.812,1.0798
89,6_blimp_rescue,0.0407,0.402,0.8288,1,0,0.8444,1.0553
90,1_lmer_complete,-0.162843146,0.370750436,0.717292878,0,1,0.992944145,0.99695002
90,2_blimp_complete,-0.1821,0.3708,0.7296,0,1,1.022,0.9972
90,3_lmer_naive,-0.765169123,0.509135855,0.537115269,0,1,0.810126316,0.779092265
90,4_blimp_lmc_noaux,-0.7695,0.5099,0.5335,0,1,0.8345,0.7799
90,5_blimp_omc_aux,-0.2412,0.403,0.7635,1,1,1.0167,1.0825
90,6_blimp_rescue,-0.1137,0.3591,0.7308,1,1,1.0593,1.0412
91,1_lmer_complete,0.237381928,0.410703364,0.674798945,1,1,0.91105,1.025317344
91,2_blimp_complete,0.2234,0.4108,0.6624,1,1,0.9384,1.0256
91,3_lmer_naive,-0.314547896,0.53060927,0.511173017,0,1,0.734984305,0.756003078
91,4_blimp_lmc_noaux,-0.3241,0.5308,0.5032,0,1,0.7591,0.7565
91,5_blimp_omc_aux,0.1597,0.425,0.6969,1,1,0.892,1.0084
91,6_blimp_rescue,0.208,0.3878,0.6608,1,1,0.9194,0.9719
92,1_lmer_complete,-0.091993583,0.418539961,0.708169379,1,1,0.750528652,0.990797164
92,2_blimp_complete,-0.1053,0.4187,0.7128,1,1,0.7719,0.991
92,3_lmer_naive,-0.653434454,0.54474519,0.539083443,0,1,0.548874657,0.751730419
92,4_blimp_lmc_noaux,-0.661,0.5451,0.5299,0,1,0.567,0.7523
92,5_blimp_omc_aux,-0.1893,0.4239,0.7455,1,0,0.7089,0.9979
92,6_blimp_rescue,-0.117,0.3967,0.7402,1,1,0.7395,0.9714
93,1_lmer_complete,-0.151151095,0.400342976,0.667103421,1,1,0.948835938,1.026306401
93,2_blimp_complete,-0.1661,0.4005,0.6654,1,1,0.9761,1.0266
93,3_lmer_naive,-0.688469105,0.557225191,0.458439685,0,1,0.775662697,0.818990151
93,4_blimp_lmc_noaux,-0.6979,0.5575,0.4419,0,1,0.7985,0.8195
93,5_blimp_omc_aux,-0.1728,0.4539,0.7232,0,1,0.9946,1.1232
93,6_blimp_rescue,-0.1133,0.4131,0.6027,1,1,1.0185,1.0911
94,1_lmer_complete,-0.121440704,0.404375133,0.668686413,1,1,1.129762369,1.00591101
94,2_blimp_complete,-0.137,0.4045,0.6714,1,1,1.1672,1.0061
94,3_lmer_naive,-0.654629398,0.5192346,0.515121196,0,1,0.937915747,0.798328208
94,4_blimp_lmc_noaux,-0.6631,0.52,0.5077,0,1,0.9695,0.7987
94,5_blimp_omc_aux,-0.1337,0.4222,0.7326,1,1,1.1721,1.0538
94,6_blimp_rescue,-0.0733,0.3909,0.7384,1,1,1.2463,1.0247
95,1_lmer_complete,-0.051311923,0.41718224,0.487218638,1,1,1.364970141,1.027150799
95,2_blimp_complete,-0.0697,0.4172,0.4931,1,1,1.4044,1.0274
95,3_lmer_naive,-0.587000362,0.574739743,0.334107691,0,0,1.103961743,0.810511328
95,4_blimp_lmc_noaux,-0.5999,0.5753,0.3128,0,0,1.1306,0.811
95,5_blimp_omc_aux,-0.1128,0.4807,0.5967,0,1,1.3911,1.0892
95,6_blimp_rescue,-0.0454,0.4372,0.4799,1,1,1.389,1.0555
96,1_lmer_complete,-0.021420034,0.394228227,0.632876341,1,1,1.110442233,0.972325452
96,2_blimp_complete,-0.0383,0.3943,0.6238,1,1,1.1437,0.9726
96,3_lmer_naive,-0.544512802,0.530223591,0.467907688,0,1,0.91270032,0.727764254
96,4_blimp_lmc_noaux,-0.5453,0.5306,0.4615,0,1,0.9378,0.7285
96,5_blimp_omc_aux,-0.0757,0.4311,0.6772,1,1,1.1569,0.9773
96,6_blimp_rescue,-0.0054,0.3915,0.5656,1,1,1.1896,0.9468
97,1_lmer_complete,-0.179589316,0.399007361,0.574225832,1,1,0.982973168,0.988427823
97,2_blimp_complete,-0.1946,0.3991,0.5627,1,1,1.0108,0.9886
97,3_lmer_naive,-0.680622165,0.533618233,0.435453048,0,1,0.868221176,0.760439581
97,4_blimp_lmc_noaux,-0.6902,0.5338,0.4164,0,0,0.8937,0.7609
97,5_blimp_omc_aux,-0.1996,0.4393,0.6498,1,1,1.0152,1.0222
97,6_blimp_rescue,-0.1739,0.4043,0.602,1,1,1.034,0.9934
98,1_lmer_complete,0.08511558,0.388711676,0.640167789,1,1,0.790531353,1.015761059
98,2_blimp_complete,0.0717,0.3887,0.6333,1,1,0.8133,1.016
98,3_lmer_naive,-0.459122417,0.53098821,0.463986192,0,1,0.678908281,0.78314991
98,4_blimp_lmc_noaux,-0.4678,0.5312,0.4526,0,1,0.6993,0.7836
98,5_blimp_omc_aux,0.0284,0.4336,0.6681,1,1,0.8101,1.049
98,6_blimp_rescue,0.0719,0.3973,0.6103,1,1,0.8266,1.0172
99,1_lmer_complete,0.220416858,0.409543778,0.647933837,1,1,0.942850658,0.998735294
99,2_blimp_complete,0.2055,0.4097,0.6489,1,1,0.9702,0.999
99,3_lmer_naive,-0.387476617,0.541161226,0.468313079,0,1,0.644143335,0.774602696
99,4_blimp_lmc_noaux,-0.3892,0.5418,0.4644,0,1,0.663,0.7752
99,5_blimp_omc_aux,0.1688,0.4527,0.6969,0,1,0.9116,1.0494
99,6_blimp_rescue,0.2149,0.4102,0.6397,1,1,0.9584,1.018
100,1_lmer_complete,0.048596718,0.390985049,0.537465522,1,1,0.893622187,0.98070008
100,2_blimp_complete,0.0342,0.3911,0.5377,1,1,0.9215,0.9809
100,3_lmer_naive,-0.490574321,0.505915017,0.369188545,0,0,0.651729718,0.74260847
100,4_blimp_lmc_noaux,-0.4997,0.5066,0.3511,0,0,0.6706,0.743
100,5_blimp_omc_aux,-0.0157,0.3907,0.5793,1,1,0.8526,0.9955
100,6_blimp_rescue,0.0144,0.3552,0.4858,0,1,0.8616,0.9605
101,1_lmer_complete,0.009877285,0.391208444,0.608413508,1,1,0.791214373,0.980557506
101,2_blimp_complete,-0.0045,0.3913,0.6096,1,1,0.814,0.9808
101,3_lmer_naive,-0.469854133,0.514473544,0.481405537,0,1,0.67870272,0.775725975
101,4_blimp_lmc_noaux,-0.4803,0.5144,0.4831,0,1,0.6987,0.776
101,5_blimp_omc_aux,-0.0321,0.4081,0.7131,1,1,0.7633,1.0291
101,6_blimp_rescue,0.0259,0.3805,0.6823,1,1,0.7932,1.0053
102,1_lmer_complete,-0.012330141,0.395895784,0.537365126,1,1,0.989206095,1.035916665
102,2_blimp_complete,-0.0264,0.396,0.5372,1,1,1.0187,1.0362
102,3_lmer_naive,-0.524987777,0.54778871,0.388337008,0,0,0.791918968,0.818413042
102,4_blimp_lmc_noaux,-0.5394,0.5477,0.3728,0,0,0.8168,0.8187
102,5_blimp_omc_aux,-0.0084,0.4428,0.6276,1,1,1.0044,1.0886
102,6_blimp_rescue,0.02,0.4111,0.5145,1,1,1.0124,1.06
103,1_lmer_complete,0.073875127,0.407169096,0.571838274,1,1,0.912629043,1.002098396
103,2_blimp_complete,0.0591,0.4072,0.5706,1,1,0.9393,1.0023
103,3_lmer_naive,-0.464182207,0.550911026,0.41122494,0,0,0.723779795,0.780591403
103,4_blimp_lmc_noaux,-0.4737,0.5512,0.3961,0,0,0.7448,0.781
103,5_blimp_omc_aux,0.0774,0.4452,0.6424,0,1,0.9044,1.0673
103,6_blimp_rescue,0.0906,0.409,0.5554,1,1,0.9146,1.0353
104,1_lmer_complete,-0.033532834,0.397408401,0.715392967,1,1,0.922968017,0.983175469
104,2_blimp_complete,-0.0449,0.3975,0.7132,1,1,0.9494,0.9833
104,3_lmer_naive,-0.57560289,0.559585058,0.514587583,0,1,0.856638383,0.763414216
104,4_blimp_lmc_noaux,-0.5848,0.5597,0.5078,0,1,0.8825,0.7637
104,5_blimp_omc_aux,-0.0998,0.4638,0.7065,0,1,0.9012,1.011
104,6_blimp_rescue,-0.0386,0.4382,0.7007,0,1,0.9313,0.9914
105,1_lmer_complete,-0.070561853,0.404722818,0.782339428,1,1,1.063603204,1.023057325
105,2_blimp_complete,-0.0848,0.4047,0.7866,1,1,1.0921,1.0233
105,3_lmer_naive,-0.673002636,0.522661236,0.553427776,0,1,0.786390358,0.801298351
105,4_blimp_lmc_noaux,-0.684,0.523,0.5489,0,1,0.8104,0.8017
105,5_blimp_omc_aux,-0.1435,0.4339,0.8404,1,0,1.0304,1.0643
105,6_blimp_rescue,-0.0748,0.3871,0.7862,1,1,1.0861,1.0243
106,1_lmer_complete,0.013787797,0.410854969,0.591713937,1,1,0.820443999,1.034055946
106,2_blimp_complete,0.0017,0.411,0.5833,1,1,0.8467,1.0343
106,3_lmer_naive,-0.54819983,0.554657255,0.412914295,0,0,0.689681091,0.82391128
106,4_blimp_lmc_noaux,-0.5429,0.5552,0.3952,0,0,0.706,0.8247
106,5_blimp_omc_aux,-0.0174,0.4759,0.6695,0,1,0.8735,1.0858
106,6_blimp_rescue,0.0377,0.4393,0.6201,1,1,0.8818,1.0577
107,1_lmer_complete,-0.249546803,0.398104125,0.657976581,1,1,0.990413467,1.013866365
107,2_blimp_complete,-0.2634,0.3982,0.6557,1,1,1.0175,1.0141
107,3_lmer_naive,-0.74122862,0.514258439,0.448061084,0,1,0.813691098,0.819830605
107,4_blimp_lmc_noaux,-0.7459,0.5145,0.4358,0,1,0.837,0.8204
107,5_blimp_omc_aux,-0.3031,0.4203,0.6701,1,1,0.9167,1.0538
107,6_blimp_rescue,-0.2409,0.39,0.6565,1,1,0.956,1.0277
108,1_lmer_complete,-0.158356642,0.367609464,0.678826665,0,1,1.048299556,0.97295459
108,2_blimp_complete,-0.1745,0.3677,0.6965,0,1,1.0754,0.9732
108,3_lmer_naive,-0.691067149,0.504088902,0.499596334,0,1,0.844948604,0.780692562
108,4_blimp_lmc_noaux,-0.6956,0.5046,0.5002,0,1,0.8697,0.7813
108,5_blimp_omc_aux,-0.1951,0.4029,0.7347,1,1,1.023,1.0386
108,6_blimp_rescue,-0.1327,0.3632,0.7049,1,1,1.0569,1.0016
109,1_lmer_complete,-0.047511003,0.393591304,0.553346506,1,1,1.005259788,0.993202852
109,2_blimp_complete,-0.0616,0.3936,0.5432,1,1,1.0365,0.9935
109,3_lmer_naive,-0.583368981,0.524672339,0.422920532,0,0,0.846737057,0.762857509
109,4_blimp_lmc_noaux,-0.5916,0.5252,0.402,0,0,0.8724,0.7634
109,5_blimp_omc_aux,-0.0639,0.4309,0.649,1,1,1.0395,1.0192
109,6_blimp_rescue,-0.0274,0.3885,0.5706,1,1,1.0591,0.9821
110,1_lmer_complete,0.164093112,0.401768335,0.611327897,1,1,0.873834852,0.978130285
110,2_blimp_complete,0.1479,0.4018,0.605,1,1,0.9003,0.9784
110,3_lmer_naive,-0.329531935,0.522633026,0.434385779,0,0,0.743625585,0.792706173
110,4_blimp_lmc_noaux,-0.3377,0.5229,0.4355,0,1,0.7649,0.7933
110,5_blimp_omc_aux,0.1688,0.4333,0.6683,1,1,0.943,1.0305
110,6_blimp_rescue,0.2104,0.3971,0.6129,1,1,0.9648,1.0009
111,1_lmer_complete,0.016998784,0.412883399,0.421675705,1,0,0.878380337,1.023659816
111,2_blimp_complete,0.0047,0.413,0.4045,1,0,0.9049,1.0239
111,3_lmer_naive,-0.489803326,0.571644974,0.23539339,0,0,0.714000437,0.79568396
111,4_blimp_lmc_noaux,-0.4916,0.5727,0.191,0,0,0.7169,0.7961
111,5_blimp_omc_aux,0.028,0.4736,0.4456,0,1,0.8341,1.079
111,6_blimp_rescue,0.0306,0.4434,0.3968,1,0,0.8499,1.0555
112,1_lmer_complete,0.140446652,0.36954356,0.407062693,0,0,1.00431222,0.980032227
112,2_blimp_complete,0.1252,0.3697,0.3942,0,0,1.0353,0.9802
112,3_lmer_naive,-0.372982901,0.4811293,0.262668517,0,0,0.795146466,0.754795491
112,4_blimp_lmc_noaux,-0.3789,0.4815,0.2525,0,0,0.8196,0.7555
112,5_blimp_omc_aux,0.1258,0.3723,0.4583,1,1,0.9898,1.0085
112,6_blimp_rescue,0.1397,0.3363,0.3934,0,0,1.0088,0.9783
113,1_lmer_complete,-0.008167456,0.37695744,0.729706261,1,1,1.100536332,0.983718799
113,2_blimp_complete,-0.0295,0.377,0.7382,1,1,1.1323,0.9839
113,3_lmer_naive,-0.573088457,0.538917952,0.538763245,0,1,0.931462134,0.768892556
113,4_blimp_lmc_noaux,-0.5723,0.5389,0.5496,0,1,0.957,0.7699
113,5_blimp_omc_aux,-0.0934,0.4409,0.7939,1,1,1.162,1.036
113,6_blimp_rescue,-8.00E-04,0.4021,0.7447,1,1,1.2409,1.002
114,1_lmer_complete,0.028890543,0.397911966,0.504004787,1,1,1.109257307,1.009891853
114,2_blimp_complete,0.0133,0.398,0.4943,1,1,1.1425,1.0101
114,3_lmer_naive,-0.449042289,0.522416403,0.405762778,0,0,0.894520364,0.795965967
114,4_blimp_lmc_noaux,-0.4595,0.5226,0.3954,0,0,0.9215,0.7964
114,5_blimp_omc_aux,0.0417,0.4239,0.606,1,1,1.1229,1.044
114,6_blimp_rescue,0.0542,0.3904,0.5491,1,1,1.131,1.0141
115,1_lmer_complete,0.148506806,0.404776138,0.564465087,1,1,1.329159051,1.007582805
115,2_blimp_complete,0.1315,0.4048,0.5676,1,1,1.3698,1.0078
115,3_lmer_naive,-0.429266765,0.52819221,0.464984511,0,1,1.035623578,0.803874816
115,4_blimp_lmc_noaux,-0.4321,0.5286,0.4588,0,1,1.066,0.8046
115,5_blimp_omc_aux,0.1115,0.4229,0.6629,1,1,1.3205,1.0879
115,6_blimp_rescue,0.2024,0.3912,0.6596,1,1,1.4031,1.059
116,1_lmer_complete,-0.077245303,0.373853285,0.558549926,1,1,0.973556086,0.980814215
116,2_blimp_complete,-0.0931,0.374,0.5341,1,1,1.0049,0.9811
116,3_lmer_naive,-0.608183454,0.508254013,0.38347096,0,0,0.863464157,0.762008215
116,4_blimp_lmc_noaux,-0.6159,0.5086,0.3754,0,0,0.8859,0.7627
116,5_blimp_omc_aux,-0.1017,0.4037,0.5726,1,1,0.9994,1.0246
116,6_blimp_rescue,-0.0703,0.3722,0.547,1,1,1.0331,0.9979
117,1_lmer_complete,0.028780054,0.383223113,0.491809049,1,1,1.152880152,0.987040484
117,2_blimp_complete,0.0134,0.3834,0.4851,1,1,1.1892,0.9873
117,3_lmer_naive,-0.468319736,0.51113493,0.383072528,0,0,0.972354679,0.743627497
117,4_blimp_lmc_noaux,-0.4752,0.5114,0.391,0,0,1.0012,0.7441
117,5_blimp_omc_aux,0.0126,0.4047,0.5854,1,1,1.1856,0.9882
117,6_blimp_rescue,0.0327,0.3729,0.4901,1,1,1.2154,0.9609
118,1_lmer_complete,0.063856801,0.398520578,0.687359696,1,1,0.9322227,1.038246197
118,2_blimp_complete,0.0505,0.3986,0.6858,1,1,0.9599,1.0385
118,3_lmer_naive,-0.506249968,0.529189392,0.490199499,0,1,0.789186913,0.784420135
118,4_blimp_lmc_noaux,-0.5183,0.5294,0.486,0,1,0.814,0.7847
118,5_blimp_omc_aux,0.0256,0.415,0.7163,1,1,0.951,1.068
118,6_blimp_rescue,0.0839,0.3792,0.6826,1,1,0.9884,1.0344
119,1_lmer_complete,0.107966568,0.421157555,0.50364905,1,1,1.160622556,1.039921778
119,2_blimp_complete,0.091,0.4213,0.5015,1,1,1.196,1.0401
119,3_lmer_naive,-0.436252598,0.558250663,0.390376027,0,0,0.980120605,0.78360621
119,4_blimp_lmc_noaux,-0.4533,0.5576,0.3848,0,0,1.0156,0.7842
119,5_blimp_omc_aux,0.0616,0.4499,0.6241,0,1,1.1995,1.077
119,6_blimp_rescue,0.0995,0.4107,0.5614,1,1,1.2214,1.0447
120,1_lmer_complete,-5.35E-06,0.382508741,0.481946681,1,1,1.089289689,0.999160115
120,2_blimp_complete,-0.0154,0.3826,0.4825,1,1,1.1241,0.9994
120,3_lmer_naive,-0.492492306,0.502058059,0.353059746,0,0,0.880946675,0.807986236
120,4_blimp_lmc_noaux,-0.5026,0.5025,0.335,0,0,0.9034,0.8085
120,5_blimp_omc_aux,7.00E-04,0.4044,0.5833,1,1,1.1306,1.0665
120,6_blimp_rescue,0.0293,0.3711,0.5168,1,1,1.153,1.0377
121,1_lmer_complete,-0.006301371,0.406795757,0.606384306,1,1,1.06759972,0.975321854
121,2_blimp_complete,-0.0221,0.4069,0.5932,1,1,1.1007,0.9755
121,3_lmer_naive,-0.535735532,0.536816779,0.464348129,0,1,0.915453933,0.788130916
121,4_blimp_lmc_noaux,-0.5394,0.5369,0.4666,0,1,0.9417,0.7888
121,5_blimp_omc_aux,-0.0406,0.4476,0.6654,0,1,1.113,1.035
121,6_blimp_rescue,-0.0152,0.4139,0.6439,1,1,1.1337,1.0073
122,1_lmer_complete,-0.083291642,0.399091977,0.502515674,1,1,1.055663879,1.003349161
122,2_blimp_complete,-0.0981,0.3992,0.492,1,1,1.0851,1.0035
122,3_lmer_naive,-0.570715775,0.5245345,0.411250341,0,0,0.86934322,0.772462418
122,4_blimp_lmc_noaux,-0.5801,0.5249,0.395,0,0,0.8929,0.7728
122,5_blimp_omc_aux,-0.0948,0.4316,0.6011,1,1,1.0857,1.0163
122,6_blimp_rescue,-0.0757,0.4027,0.5607,1,1,1.103,0.9968
123,1_lmer_complete,-0.107462238,0.410313018,0.489286095,1,1,0.834792092,1.006974353
123,2_blimp_complete,-0.1208,0.4105,0.478,1,1,0.8598,1.0072
123,3_lmer_naive,-0.619254684,0.571849016,0.351830678,0,0,0.688930432,0.743470596
123,4_blimp_lmc_noaux,-0.6228,0.5724,0.3155,0,0,0.703,0.7438
123,5_blimp_omc_aux,-0.1243,0.4715,0.5477,0,1,0.8607,1.0217
123,6_blimp_rescue,-0.1232,0.4354,0.4699,1,1,0.8571,0.9974
124,1_lmer_complete,0.051109126,0.383910926,0.580617502,1,1,1.055177367,0.98652578
124,2_blimp_complete,0.0356,0.3841,0.5804,1,1,1.0887,0.9867
124,3_lmer_naive,-0.548006467,0.467794332,0.367439157,0,0,0.711895844,0.774342541
124,4_blimp_lmc_noaux,-0.5529,0.4691,0.3459,0,0,0.729,0.7747
124,5_blimp_omc_aux,-0.0131,0.3858,0.6289,1,1,1.0207,1.0018
124,6_blimp_rescue,0.0309,0.3422,0.4976,0,1,1.0582,0.9624
125,1_lmer_complete,0.006833892,0.371360243,0.526707749,1,1,1.095752717,1.050689283
125,2_blimp_complete,-0.0091,0.3715,0.5172,1,1,1.1288,1.0509
125,3_lmer_naive,-0.543601799,0.522157587,0.418127017,0,0,0.920183791,0.803932084
125,4_blimp_lmc_noaux,-0.5521,0.5221,0.4014,0,1,0.9511,0.8045
125,5_blimp_omc_aux,7.00E-04,0.3963,0.6433,1,1,1.1495,1.1142
125,6_blimp_rescue,0.0728,0.3612,0.5567,1,1,1.1732,1.0818
126,1_lmer_complete,0.098655947,0.401572086,0.681190839,1,1,1.039390642,0.997129486
126,2_blimp_complete,0.0821,0.4017,0.6802,1,1,1.0686,0.9973
126,3_lmer_naive,-0.483347409,0.553312309,0.575340898,0,1,0.886867339,0.746285235
126,4_blimp_lmc_noaux,-0.4938,0.5532,0.5732,0,1,0.9147,0.7467
126,5_blimp_omc_aux,0.0396,0.4576,0.7416,0,1,1.056,1.0201
126,6_blimp_rescue,0.1032,0.4251,0.7073,1,1,1.0847,0.9957
127,1_lmer_complete,0.014651419,0.369849212,0.656885464,0,1,0.831546529,0.972948276
127,2_blimp_complete,0.0011,0.3699,0.6459,0,1,0.8555,0.9732
127,3_lmer_naive,-0.499515418,0.514180279,0.469724365,0,1,0.656594102,0.776391861
127,4_blimp_lmc_noaux,-0.5079,0.5147,0.4548,0,1,0.6767,0.7769
127,5_blimp_omc_aux,-0.022,0.4084,0.7062,1,1,0.8436,1.0163
127,6_blimp_rescue,0.0508,0.3814,0.6732,1,1,0.8768,0.992
128,1_lmer_complete,-0.058729301,0.399421884,0.660820151,1,1,0.899885046,0.991293521
128,2_blimp_complete,-0.0734,0.3996,0.6641,1,1,0.9261,0.9915
128,3_lmer_naive,-0.553751204,0.52376879,0.465479192,0,1,0.749926506,0.773251935
128,4_blimp_lmc_noaux,-0.5661,0.524,0.4587,0,1,0.7731,0.7736
128,5_blimp_omc_aux,-0.1199,0.4347,0.6996,1,1,0.9333,0.9956
128,6_blimp_rescue,-0.0518,0.4036,0.6472,1,1,0.9778,0.9705
129,1_lmer_complete,0.053146879,0.410593368,0.513671795,1,1,1.075873428,0.98641783
129,2_blimp_complete,0.0382,0.4108,0.5001,1,1,1.1089,0.9866
129,3_lmer_naive,-0.460397217,0.541553013,0.351299351,0,0,0.889939364,0.775835694
129,4_blimp_lmc_noaux,-0.4733,0.5413,0.3582,0,0,0.9171,0.7765
129,5_blimp_omc_aux,0.044,0.457,0.5479,0,1,1.1329,1.0154
129,6_blimp_rescue,0.0673,0.4234,0.5443,1,1,1.1617,0.9903
130,1_lmer_complete,0.055785281,0.406366164,0.459631568,1,1,0.954111217,0.977552605
130,2_blimp_complete,0.0389,0.4066,0.4669,1,1,0.9825,0.9777
130,3_lmer_naive,-0.436399863,0.548595983,0.324622007,0,0,0.837803886,0.735159608
130,4_blimp_lmc_noaux,-0.4516,0.5489,0.3109,0,0,0.8584,0.7356
130,5_blimp_omc_aux,0.0199,0.4461,0.5379,0,1,1.0023,0.9924
130,6_blimp_rescue,0.0725,0.4103,0.4113,1,1,1.0013,0.9625
131,1_lmer_complete,0.145428765,0.402308702,0.52551982,1,1,1.141680234,1.022458395
131,2_blimp_complete,0.1296,0.4025,0.5199,1,1,1.1754,1.0226
131,3_lmer_naive,-0.397767824,0.561958645,0.429304812,0,0,0.877639824,0.768809107
131,4_blimp_lmc_noaux,-0.4052,0.5622,0.4126,0,0,0.9043,0.7692
131,5_blimp_omc_aux,0.1683,0.4738,0.6257,0,1,1.176,1.0867
131,6_blimp_rescue,0.2041,0.4289,0.552,1,1,1.1926,1.0543
132,1_lmer_complete,0.097826026,0.401284922,0.571890487,1,1,0.994212248,1.029493928
132,2_blimp_complete,0.0789,0.4014,0.5839,1,1,1.0265,1.0297
132,3_lmer_naive,-0.472028441,0.535001521,0.420450509,0,0,0.779994961,0.803200272
132,4_blimp_lmc_noaux,-0.4813,0.5352,0.4224,0,0,0.8042,0.804
132,5_blimp_omc_aux,0.0902,0.4337,0.6513,1,1,1.0709,1.0995
132,6_blimp_rescue,0.1359,0.3887,0.5656,1,1,1.0784,1.0581
133,1_lmer_complete,0.096808299,0.403484365,0.642446519,1,1,1.163907592,0.980828323
133,2_blimp_complete,0.0789,0.4037,0.6356,1,1,1.1971,0.981
133,3_lmer_naive,-0.467906824,0.542759405,0.469740634,0,1,0.945710996,0.790806012
133,4_blimp_lmc_noaux,-0.4771,0.543,0.475,0,1,0.9733,0.7916
133,5_blimp_omc_aux,0.0442,0.4549,0.7276,0,1,1.1775,1.0576
133,6_blimp_rescue,0.1282,0.4109,0.6653,1,1,1.2298,1.0243
134,1_lmer_complete,0.094012705,0.373508756,0.529334488,1,1,0.901143321,0.964592334
134,2_blimp_complete,0.0792,0.3736,0.5247,1,1,0.9287,0.9647
134,3_lmer_naive,-0.400701141,0.516115996,0.340548362,0,0,0.8390683,0.726565432
134,4_blimp_lmc_noaux,-0.4108,0.5163,0.3195,0,0,0.8633,0.727
134,5_blimp_omc_aux,0.072,0.415,0.5424,1,1,0.904,0.975
134,6_blimp_rescue,0.0768,0.3849,0.4964,1,1,0.9109,0.9497
135,1_lmer_complete,-0.139286331,0.384826141,0.601070208,1,1,0.759783479,0.98113175
135,2_blimp_complete,-0.1522,0.3849,0.597,1,1,0.7818,0.9813
135,3_lmer_naive,-0.61095769,0.5082922,0.456239622,0,1,0.663811636,0.807765194
135,4_blimp_lmc_noaux,-0.6174,0.509,0.4417,0,0,0.6834,0.8082
135,5_blimp_omc_aux,-0.1716,0.4243,0.678,1,1,0.7816,1.0277
135,6_blimp_rescue,-0.1059,0.3924,0.6453,1,1,0.8082,1.0016
136,1_lmer_complete,-0.001385044,0.398716206,0.699401298,1,1,1.24163908,1.019158684
136,2_blimp_complete,-0.0185,0.3988,0.6924,1,1,1.2801,1.0193
136,3_lmer_naive,-0.627696774,0.504585161,0.463609741,0,1,0.868108776,0.791864214
136,4_blimp_lmc_noaux,-0.6239,0.5046,0.4659,0,1,0.8909,0.7927
136,5_blimp_omc_aux,-0.0887,0.4138,0.7359,1,1,1.1763,1.05
136,6_blimp_rescue,-0.0208,0.3674,0.6941,1,1,1.2326,1.0085
137,1_lmer_complete,0.000434762,0.399550516,0.666868107,1,1,0.796206316,0.9758679
137,2_blimp_complete,-0.0132,0.3997,0.6656,1,1,0.8186,0.9761
137,3_lmer_naive,-0.555832977,0.528919415,0.438287156,0,0,0.656582999,0.759685677
137,4_blimp_lmc_noaux,-0.5665,0.5289,0.4343,0,0,0.6777,0.7602
137,5_blimp_omc_aux,-0.0362,0.4352,0.6923,1,1,0.8095,1.0425
137,6_blimp_rescue,0.0124,0.3831,0.665,1,1,0.8213,0.9998
138,1_lmer_complete,0.046177126,0.383397279,0.473013794,1,1,1.25750201,1.00211012
138,2_blimp_complete,0.0295,0.3835,0.4692,1,1,1.3001,1.0024
138,3_lmer_naive,-0.470371543,0.56767708,0.401761122,0,0,1.048914557,0.76897015
138,4_blimp_lmc_noaux,-0.4712,0.568,0.3875,0,0,1.0787,0.7695
138,5_blimp_omc_aux,0.0654,0.4589,0.5849,0,1,1.3353,1.0648
138,6_blimp_rescue,0.0817,0.4242,0.5365,1,1,1.405,1.0374
139,1_lmer_complete,-0.050416698,0.378837375,0.537520164,1,1,1.321026707,0.976021526
139,2_blimp_complete,-0.0669,0.3789,0.5032,1,1,1.3592,0.9762
139,3_lmer_naive,-0.569804651,0.532587467,0.4431931,0,1,1.053212871,0.773340254
139,4_blimp_lmc_noaux,-0.5705,0.5332,0.4302,0,1,1.0817,0.7741
139,5_blimp_omc_aux,-0.0257,0.4331,0.6378,1,1,1.317,1.0651
139,6_blimp_rescue,0.0253,0.3943,0.6283,1,1,1.3835,1.0377
140,1_lmer_complete,0.009583576,0.419770753,0.622223675,1,1,0.874219134,1.013820397
140,2_blimp_complete,-0.0044,0.4199,0.6272,1,1,0.9013,1.0141
140,3_lmer_naive,-0.541771966,0.554712085,0.461128828,0,1,0.72732428,0.771470775
140,4_blimp_lmc_noaux,-0.5511,0.5551,0.4542,0,1,0.7502,0.772
140,5_blimp_omc_aux,-0.0271,0.4556,0.6943,0,1,0.9266,1.047
140,6_blimp_rescue,0.0081,0.4169,0.6363,1,1,0.9402,1.0159
141,1_lmer_complete,-0.162321978,0.397182176,0.617669064,1,1,0.927486382,0.987894999
141,2_blimp_complete,-0.1763,0.3973,0.6038,1,1,0.9544,0.9881
141,3_lmer_naive,-0.662677933,0.519573371,0.423694697,0,0,0.67371122,0.779057364
141,4_blimp_lmc_noaux,-0.673,0.5193,0.4133,0,0,0.6964,0.7796
141,5_blimp_omc_aux,-0.1875,0.4292,0.6411,1,1,0.8519,1.0167
141,6_blimp_rescue,-0.1605,0.3934,0.605,1,1,0.8751,0.9849
142,1_lmer_complete,0.088269161,0.416578753,0.73868749,1,1,0.821869544,1.001230651
142,2_blimp_complete,0.0742,0.4167,0.7337,1,1,0.8442,1.0014
142,3_lmer_naive,-0.525216307,0.542626039,0.493461711,0,1,0.649132375,0.750897877
142,4_blimp_lmc_noaux,-0.5266,0.5431,0.4852,0,1,0.6688,0.7516
142,5_blimp_omc_aux,0.0227,0.4532,0.7145,0,1,0.7628,1.0127
142,6_blimp_rescue,0.0817,0.4132,0.7001,1,1,0.7857,0.9756
143,1_lmer_complete,0.199358233,0.405984663,0.679603972,1,1,1.080707776,0.97577772
143,2_blimp_complete,0.1829,0.4061,0.6698,1,1,1.1144,0.976
143,3_lmer_naive,-0.377294901,0.525811958,0.545535936,0,1,0.875724123,0.769832721
143,4_blimp_lmc_noaux,-0.364,0.5264,0.5319,0,1,0.8994,0.7707
143,5_blimp_omc_aux,0.1854,0.4506,0.7862,0,0,1.1088,1.0149
143,6_blimp_rescue,0.2698,0.4036,0.7575,1,1,1.1931,0.9796
144,1_lmer_complete,0.058266918,0.409914381,0.630525231,1,1,1.065103831,1.019640743
144,2_blimp_complete,0.043,0.41,0.6262,1,1,1.0994,1.0198
144,3_lmer_naive,-0.46131819,0.56168319,0.506185597,0,1,0.917694415,0.809221469
144,4_blimp_lmc_noaux,-0.4692,0.5618,0.5023,0,1,0.9478,0.8097
144,5_blimp_omc_aux,0.013,0.4594,0.7045,0,1,1.0861,1.0904
144,6_blimp_rescue,0.1126,0.4349,0.6835,1,1,1.1057,1.0717
145,1_lmer_complete,0.200084555,0.399152903,0.700387603,1,1,1.153954653,1.00579459
145,2_blimp_complete,0.1848,0.3992,0.702,1,1,1.1863,1.0061
145,3_lmer_naive,-0.375770038,0.523843741,0.482104249,0,1,0.806813037,0.767564826
145,4_blimp_lmc_noaux,-0.3707,0.524,0.4769,0,1,0.8264,0.7684
145,5_blimp_omc_aux,0.1403,0.4261,0.7007,1,1,1.0477,1.0243
145,6_blimp_rescue,0.196,0.389,0.6589,1,1,1.1022,0.9959
146,1_lmer_complete,-0.035036993,0.408885756,0.601071011,1,1,1.1017606,0.990752879
146,2_blimp_complete,-0.0508,0.409,0.5983,1,1,1.1364,0.991
146,3_lmer_naive,-0.568368069,0.564969639,0.47238084,0,1,0.849606454,0.757347102
146,4_blimp_lmc_noaux,-0.5778,0.5654,0.4583,0,1,0.8762,0.7577
146,5_blimp_omc_aux,-0.0607,0.4731,0.6508,0,1,1.1294,1.0101
146,6_blimp_rescue,-0.0573,0.4381,0.5818,1,1,1.1584,0.9838
147,1_lmer_complete,-3.93E-05,0.416522566,0.606473642,1,1,1.010059696,1.001231244
147,2_blimp_complete,-0.0149,0.4165,0.5788,1,1,1.0404,1.0014
147,3_lmer_naive,-0.518358447,0.578685147,0.419433117,0,1,0.968948996,0.749175112
147,4_blimp_lmc_noaux,-0.5136,0.5793,0.3874,0,1,0.9951,0.7499
147,5_blimp_omc_aux,-0.0131,0.4851,0.672,0,1,1.1034,1.0172
147,6_blimp_rescue,0.0035,0.4527,0.6693,0,1,1.1262,0.9961
148,1_lmer_complete,0.048687103,0.400400673,0.602817332,1,1,0.903435482,1.022874134
148,2_blimp_complete,0.0347,0.4005,0.5987,1,1,0.9295,1.0231
148,3_lmer_naive,-0.505474309,0.552856044,0.423670416,0,0,0.792497015,0.765919909
148,4_blimp_lmc_noaux,-0.5144,0.5532,0.4052,0,0,0.8152,0.7663
148,5_blimp_omc_aux,0.0015,0.4533,0.6302,0,1,0.8905,1.0617
148,6_blimp_rescue,0.0266,0.4129,0.6117,1,1,0.9096,1.0306
149,1_lmer_complete,0.09280176,0.40553234,0.585440525,1,1,0.977706776,1.007624262
149,2_blimp_complete,0.0774,0.4056,0.5873,1,1,1.0087,1.0078
149,3_lmer_naive,-0.44956981,0.542564942,0.417650117,0,0,0.801489387,0.766419728
149,4_blimp_lmc_noaux,-0.4589,0.5429,0.4114,0,0,0.8273,0.7669
149,5_blimp_omc_aux,0.0676,0.4452,0.634,0,1,0.9701,1.0394
149,6_blimp_rescue,0.1115,0.4049,0.5876,1,1,0.9884,1.0098
150,1_lmer_complete,0.009519209,0.404647404,0.421940809,1,1,0.877838969,1.016783393
150,2_blimp_complete,-0.0041,0.4047,0.4184,1,1,0.9039,1.0171
150,3_lmer_naive,-0.499658594,0.552090675,0.278371942,0,0,0.747632649,0.77012674
150,4_blimp_lmc_noaux,-0.512,0.5521,0.2675,0,0,0.769,0.7706
150,5_blimp_omc_aux,0.0395,0.4522,0.493,0,1,0.8881,1.059
150,6_blimp_rescue,0.0431,0.4186,0.4457,1,1,0.8876,1.0339
151,1_lmer_complete,0.090180014,0.406744029,0.573899346,1,1,0.853413618,1.014336691
151,2_blimp_complete,0.0762,0.4068,0.5629,1,1,0.8811,1.0146
151,3_lmer_naive,-0.459028025,0.527513505,0.400239379,0,0,0.689604385,0.791429004
151,4_blimp_lmc_noaux,-0.4641,0.528,0.38,0,0,0.7109,0.7921
151,5_blimp_omc_aux,0.0758,0.4289,0.611,1,1,0.8838,1.0404
151,6_blimp_rescue,0.102,0.3898,0.5404,1,1,0.8874,1.0047
152,1_lmer_complete,0.091519866,0.401566603,0.608193265,1,1,1.121383858,0.973388599
152,2_blimp_complete,0.0757,0.4017,0.6069,1,1,1.1549,0.9736
152,3_lmer_naive,-0.412948141,0.509171081,0.469142049,0,1,0.90886268,0.783903597
152,4_blimp_lmc_noaux,-0.4235,0.5094,0.459,0,1,0.937,0.7843
152,5_blimp_omc_aux,0.0552,0.4137,0.682,1,1,1.1124,1.0198
152,6_blimp_rescue,0.101,0.3804,0.5778,1,1,1.1347,0.9857
153,1_lmer_complete,0.020108789,0.416454697,0.561240457,1,1,1.127313648,1.015607223
153,2_blimp_complete,0.0037,0.4165,0.5516,1,1,1.1617,1.0159
153,3_lmer_naive,-0.54547497,0.554867353,0.457017141,0,1,0.870589017,0.775751559
153,4_blimp_lmc_noaux,-0.5542,0.5552,0.4387,0,1,0.896,0.7762
153,5_blimp_omc_aux,0.0129,0.4421,0.6669,1,1,1.1443,1.0793
153,6_blimp_rescue,0.0359,0.4065,0.593,1,1,1.1584,1.0469
154,1_lmer_complete,0.127985627,0.377537629,0.711535204,1,1,0.963354846,1.00236683
154,2_blimp_complete,0.1107,0.3776,0.7127,1,1,0.9927,1.0026
154,3_lmer_naive,-0.402406206,0.515527623,0.505049036,0,1,0.782270168,0.756795265
154,4_blimp_lmc_noaux,-0.4113,0.5159,0.4937,0,1,0.8095,0.7572
154,5_blimp_omc_aux,0.0481,0.4127,0.7688,1,1,0.9714,1.0182
154,6_blimp_rescue,0.1213,0.3774,0.7391,1,1,1.0179,0.9927
155,1_lmer_complete,0.065488738,0.391470172,0.794605104,1,1,1.059707456,0.968647208
155,2_blimp_complete,0.051,0.3916,0.8036,1,1,1.0888,0.9688
155,3_lmer_naive,-0.522383648,0.508134641,0.616742929,0,1,0.844056685,0.755369386
155,4_blimp_lmc_noaux,-0.515,0.5082,0.6247,0,1,0.8648,0.7563
155,5_blimp_omc_aux,-0.0291,0.4013,0.8281,1,0,1.1261,0.9973
155,6_blimp_rescue,0.1179,0.3674,0.805,1,1,1.1923,0.9671
156,1_lmer_complete,-0.067058955,0.395810849,0.533624469,1,1,1.001005808,1.024952206
156,2_blimp_complete,-0.081,0.3959,0.5175,1,1,1.031,1.0252
156,3_lmer_naive,-0.569034586,0.532411088,0.395497637,0,0,0.824011342,0.781741555
156,4_blimp_lmc_noaux,-0.5755,0.5329,0.3909,0,0,0.8455,0.7824
156,5_blimp_omc_aux,-0.0698,0.4174,0.6173,1,1,1.0519,1.0657
156,6_blimp_rescue,0.0014,0.3842,0.5639,1,1,1.0886,1.0331
157,1_lmer_complete,0.017430753,0.402354668,0.434711149,1,0,0.732937434,0.988857503
157,2_blimp_complete,0.0053,0.4025,0.4279,1,0,0.757,0.9891
157,3_lmer_naive,-0.489152965,0.532711665,0.282833838,0,0,0.60538926,0.748417359
157,4_blimp_lmc_noaux,-0.4963,0.5328,0.2752,0,0,0.6224,0.7491
157,5_blimp_omc_aux,0.0381,0.4024,0.5017,1,1,0.7611,1.0563
157,6_blimp_rescue,0.0546,0.365,0.4519,1,1,0.7598,1.0209
158,1_lmer_complete,0.008794628,0.406204724,0.600437404,1,1,0.887205247,1.001308677
158,2_blimp_complete,-0.0061,0.4063,0.5901,1,1,0.9147,1.0015
158,3_lmer_naive,-0.547104311,0.523199838,0.463784166,0,1,0.696727685,0.77578978
158,4_blimp_lmc_noaux,-0.5551,0.5232,0.4679,0,1,0.7186,0.7765
158,5_blimp_omc_aux,-0.0243,0.424,0.687,1,1,0.8738,1.0378
158,6_blimp_rescue,0.0426,0.3899,0.6406,1,1,0.9021,1.0106
159,1_lmer_complete,0.010731693,0.376797226,0.756831141,1,1,1.03812104,0.982993388
159,2_blimp_complete,-0.004,0.3769,0.7643,1,1,1.0661,0.9833
159,3_lmer_naive,-0.549391194,0.519201226,0.613758504,0,1,0.861461139,0.746522897
159,4_blimp_lmc_noaux,-0.5552,0.5195,0.6155,0,1,0.8866,0.747
159,5_blimp_omc_aux,-0.0927,0.4031,0.7989,1,0,1.008,0.9871
159,6_blimp_rescue,0.0183,0.38,0.789,1,1,1.0667,0.9632
160,1_lmer_complete,0.120892559,0.389309762,0.671926955,1,1,1.030254704,1.009008594
160,2_blimp_complete,0.1043,0.3894,0.6633,1,1,1.0606,1.0092
160,3_lmer_naive,-0.406660217,0.516993646,0.468324417,0,1,0.896784139,0.79178921
160,4_blimp_lmc_noaux,-0.4095,0.5175,0.4604,0,1,0.9221,0.7925
160,5_blimp_omc_aux,0.0706,0.4253,0.745,1,1,1.0803,1.0423
160,6_blimp_rescue,0.1505,0.3862,0.7028,1,1,1.1204,1.0105
161,1_lmer_complete,-0.11238833,0.406364921,0.638654066,1,1,0.903650002,0.979225658
161,2_blimp_complete,-0.1276,0.4065,0.6449,1,1,0.9308,0.9795
161,3_lmer_naive,-0.658765515,0.539747488,0.489164008,0,1,0.67532453,0.726911037
161,4_blimp_lmc_noaux,-0.6695,0.54,0.4889,0,1,0.6961,0.7272
161,5_blimp_omc_aux,-0.1928,0.449,0.6772,0,1,0.8958,0.9557
161,6_blimp_rescue,-0.156,0.4097,0.6034,1,1,0.9154,0.9241
162,1_lmer_complete,-0.052020849,0.406765528,0.693572404,1,1,0.86419126,1.012592614
162,2_blimp_complete,-0.0664,0.4069,0.6807,1,1,0.8896,1.0128
162,3_lmer_naive,-0.60896789,0.543509764,0.488559475,0,1,0.79073549,0.78740846
162,4_blimp_lmc_noaux,-0.6164,0.5436,0.4714,0,1,0.8156,0.7879
162,5_blimp_omc_aux,-0.1245,0.4511,0.7363,0,1,0.9046,1.0395
162,6_blimp_rescue,-0.0282,0.4192,0.706,1,1,0.945,1.0162
163,1_lmer_complete,-0.167868565,0.38828961,0.536161651,1,1,0.774032287,1.027320796
163,2_blimp_complete,-0.1806,0.3884,0.5324,1,1,0.7969,1.0276
163,3_lmer_naive,-0.67883361,0.513965236,0.397048171,0,0,0.607178419,0.799271393
163,4_blimp_lmc_noaux,-0.6853,0.5139,0.3981,0,0,0.6264,0.8
163,5_blimp_omc_aux,-0.1606,0.4186,0.6048,1,1,0.7884,1.0604
163,6_blimp_rescue,-0.1119,0.3793,0.5759,1,1,0.8184,1.0299
164,1_lmer_complete,0.11033539,0.374950166,0.788434504,1,1,1.035031406,0.983458118
164,2_blimp_complete,0.0946,0.375,0.7898,1,1,1.062,0.9837
164,3_lmer_naive,-0.491699501,0.524415321,0.577496483,0,1,0.863718019,0.717909186
164,4_blimp_lmc_noaux,-0.4938,0.5248,0.572,0,1,0.8879,0.7185
164,5_blimp_omc_aux,0.004,0.4166,0.7915,1,0,1.0452,0.9663
164,6_blimp_rescue,0.09,0.3883,0.8063,1,1,1.0977,0.9429
165,1_lmer_complete,-0.098513659,0.401278583,0.690128723,1,1,1.0227804,0.987979816
165,2_blimp_complete,-0.1142,0.4014,0.6703,1,1,1.0532,0.9882
165,3_lmer_naive,-0.630272763,0.50731369,0.485929026,0,1,0.89599192,0.79614468
165,4_blimp_lmc_noaux,-0.635,0.5072,0.4935,0,1,0.9211,0.7968
165,5_blimp_omc_aux,-0.1315,0.4271,0.7046,1,1,1.0446,1.0314
165,6_blimp_rescue,-0.045,0.3948,0.6908,1,1,1.1092,1.0052
166,1_lmer_complete,-0.087956715,0.388581089,0.678212963,1,1,0.900465299,1.001182325
166,2_blimp_complete,-0.1031,0.3887,0.6775,1,1,0.9261,1.0014
166,3_lmer_naive,-0.653526861,0.517843173,0.496772789,0,1,0.763335243,0.758584593
166,4_blimp_lmc_noaux,-0.6604,0.518,0.4917,0,1,0.7865,0.759
166,5_blimp_omc_aux,-0.1246,0.4248,0.7189,1,1,0.9149,1.0207
166,6_blimp_rescue,-0.0738,0.3859,0.6784,1,1,0.9391,0.9866
167,1_lmer_complete,0.106979481,0.369410037,0.530174081,0,1,1.230590879,0.997711041
167,2_blimp_complete,0.0903,0.3695,0.5223,0,1,1.2677,0.9979
167,3_lmer_naive,-0.443815836,0.49688615,0.373410043,0,0,1.1354296,0.750712663
167,4_blimp_lmc_noaux,-0.4609,0.497,0.3552,0,0,1.1699,0.7511
167,5_blimp_omc_aux,0.0664,0.3879,0.5921,1,1,1.2968,1.0105
167,6_blimp_rescue,0.1216,0.3521,0.5357,0,1,1.3088,0.9789
168,1_lmer_complete,0.012046519,0.382459155,0.564302389,1,1,0.847749167,0.983921605
168,2_blimp_complete,-0.0022,0.3826,0.5648,1,1,0.8721,0.9841
168,3_lmer_naive,-0.490342149,0.535205981,0.419911061,0,0,0.751882477,0.778507413
168,4_blimp_lmc_noaux,-0.4886,0.5352,0.4251,0,1,0.7736,0.7794
168,5_blimp_omc_aux,0.0452,0.4361,0.6448,1,1,0.9517,1.0783
168,6_blimp_rescue,0.1064,0.394,0.6388,1,1,0.9987,1.0465
169,1_lmer_complete,-0.029519761,0.419620851,0.595604556,1,1,0.98042759,0.991457866
169,2_blimp_complete,-0.0449,0.4198,0.5875,1,1,1.0092,0.9917
169,3_lmer_naive,-0.589878554,0.558527483,0.486369172,0,1,0.763242935,0.784245187
169,4_blimp_lmc_noaux,-0.5891,0.5596,0.4683,0,1,0.7834,0.7849
169,5_blimp_omc_aux,-0.0827,0.4606,0.6924,0,1,1.0293,1.0444
169,6_blimp_rescue,-0.019,0.4249,0.6308,1,1,1.0533,1.017
170,1_lmer_complete,0.084234553,0.396662218,0.503122464,1,1,0.766839392,0.963665012
170,2_blimp_complete,0.0716,0.3968,0.4864,1,1,0.7909,0.9638
170,3_lmer_naive,-0.425894404,0.528146615,0.353147911,0,0,0.687525527,0.728873061
170,4_blimp_lmc_noaux,-0.4312,0.5283,0.3308,0,0,0.7083,0.7294
170,5_blimp_omc_aux,0.0711,0.4111,0.5371,1,1,0.7635,1.011
170,6_blimp_rescue,0.0946,0.3838,0.5123,1,1,0.7782,0.9892
171,1_lmer_complete,0.234423431,0.403930499,0.642142199,1,1,1.111551252,0.975425141
171,2_blimp_complete,0.2166,0.4041,0.6409,1,1,1.1441,0.9756
171,3_lmer_naive,-0.244651976,0.539421332,0.475309011,0,1,0.949545594,0.811196134
171,4_blimp_lmc_noaux,-0.2577,0.5396,0.47,0,1,0.9798,0.8117
171,5_blimp_omc_aux,0.1808,0.4544,0.7236,0,1,1.1377,1.0358
171,6_blimp_rescue,0.2481,0.4226,0.6422,1,1,1.1752,1.0128
172,1_lmer_complete,0.135712854,0.396913435,0.463433267,1,1,1.015958009,1.018404787
172,2_blimp_complete,0.1194,0.397,0.4704,1,1,1.0469,1.0187
172,3_lmer_naive,-0.381696988,0.558045345,0.362808315,0,0,0.922457264,0.757231961
172,4_blimp_lmc_noaux,-0.3993,0.558,0.3614,0,0,0.952,0.7577
172,5_blimp_omc_aux,0.147,0.4484,0.5544,0,1,1.0569,1.046
172,6_blimp_rescue,0.1427,0.4154,0.4815,1,1,1.0662,1.0186
173,1_lmer_complete,0.00241985,0.397069807,0.612972924,1,1,1.010988122,1.013426764
173,2_blimp_complete,-0.0147,0.3972,0.6146,1,1,1.0435,1.0137
173,3_lmer_naive,-0.56282346,0.531480514,0.481000927,0,1,0.743791403,0.770894229
173,4_blimp_lmc_noaux,-0.5705,0.5318,0.4712,0,1,0.7686,0.7715
173,5_blimp_omc_aux,-0.0572,0.4387,0.6964,1,1,0.9396,1.0313
173,6_blimp_rescue,0.0073,0.3985,0.6451,1,1,0.9613,0.9991
174,1_lmer_complete,0.082189276,0.407196039,0.582094256,1,1,0.875511241,1.012208708
174,2_blimp_complete,0.0683,0.4073,0.5761,1,1,0.9033,1.0124
174,3_lmer_naive,-0.435793847,0.544406807,0.401475431,0,0,0.632936771,0.824128632
174,4_blimp_lmc_noaux,-0.4365,0.5454,0.3796,0,0,0.6478,0.8247
174,5_blimp_omc_aux,0.0852,0.4548,0.6292,0,1,0.8799,1.0813
174,6_blimp_rescue,0.0962,0.4158,0.5401,1,1,0.9,1.0515
175,1_lmer_complete,0.123083119,0.396386106,0.49542963,1,1,0.90261456,1.005740393
175,2_blimp_complete,0.1087,0.3965,0.4937,1,1,0.9307,1.006
175,3_lmer_naive,-0.402015468,0.551365594,0.358458988,0,0,0.733975398,0.782095462
175,4_blimp_lmc_noaux,-0.415,0.5517,0.3418,0,0,0.7539,0.7824
175,5_blimp_omc_aux,0.1049,0.4612,0.5691,0,1,0.905,1.0592
175,6_blimp_rescue,0.1368,0.4226,0.5292,1,1,0.9214,1.032
176,1_lmer_complete,0.020000801,0.418777623,0.367381568,1,1,1.226595956,0.986436564
176,2_blimp_complete,0.0017,0.4188,0.3354,1,0,1.2617,0.9866
176,3_lmer_naive,-0.472745267,0.539259766,0.341676363,0,0,0.855806619,0.786649376
176,4_blimp_lmc_noaux,-0.4833,0.5395,0.3172,0,0,0.8781,0.7871
176,5_blimp_omc_aux,0.0722,0.4552,0.5156,0,1,1.2777,1.0212
176,6_blimp_rescue,0.0222,0.4161,0.325,1,0,1.228,0.9928
177,1_lmer_complete,-0.108657658,0.380207766,0.668741037,1,1,0.897049009,1.00468307
177,2_blimp_complete,-0.1238,0.3803,0.6653,1,1,0.9242,1.0049
177,3_lmer_naive,-0.605659183,0.501038273,0.534373152,0,1,0.802257636,0.784346525
177,4_blimp_lmc_noaux,-0.6047,0.5004,0.5549,0,1,0.8233,0.7853
177,5_blimp_omc_aux,-0.1259,0.3998,0.7434,1,1,0.9708,1.0463
177,6_blimp_rescue,-0.0482,0.3638,0.768,1,1,1.0318,1.0102
178,1_lmer_complete,-0.165913433,0.395646877,0.483679703,1,1,0.926209776,1.001877328
178,2_blimp_complete,-0.1806,0.3957,0.4911,1,1,0.9532,1.0021
178,3_lmer_naive,-0.646093168,0.529753935,0.373589225,0,0,0.827823017,0.810893949
178,4_blimp_lmc_noaux,-0.6582,0.53,0.3673,0,0,0.8511,0.8114
178,5_blimp_omc_aux,-0.1403,0.4277,0.5879,1,1,1.013,1.0709
178,6_blimp_rescue,-0.1385,0.392,0.5321,1,1,1.0163,1.0398
179,1_lmer_complete,0.006852808,0.393021064,0.728429766,1,1,1.060828593,1.006690158
179,2_blimp_complete,-0.0091,0.3931,0.7189,1,1,1.092,1.0069
179,3_lmer_naive,-0.565464048,0.53638915,0.559576032,0,1,0.909617277,0.778956497
179,4_blimp_lmc_noaux,-0.5745,0.5366,0.5515,0,1,0.9375,0.7794
179,5_blimp_omc_aux,-0.0719,0.4257,0.7846,1,1,1.0275,1.0405
179,6_blimp_rescue,0.0294,0.3946,0.7843,1,1,1.0546,1.0118
180,1_lmer_complete,-0.102985231,0.407814883,0.630824716,1,1,1.034421647,0.975589693
180,2_blimp_complete,-0.1182,0.4079,0.6268,1,1,1.0653,0.9758
180,3_lmer_naive,-0.63346776,0.503832031,0.475200321,0,1,0.80529538,0.772395908
180,4_blimp_lmc_noaux,-0.6386,0.5048,0.4515,0,1,0.8288,0.7728
180,5_blimp_omc_aux,-0.167,0.4219,0.7208,1,1,1.0423,1.011
180,6_blimp_rescue,-0.0831,0.3778,0.6425,1,1,1.085,0.9743
181,1_lmer_complete,-0.072258277,0.426285767,0.686094614,1,1,0.821675563,1.034385779
181,2_blimp_complete,-0.0857,0.4264,0.686,1,1,0.845,1.0346
181,3_lmer_naive,-0.627012967,0.553410202,0.519641835,0,1,0.669233912,0.792185043
181,4_blimp_lmc_noaux,-0.6361,0.5542,0.5061,0,1,0.689,0.7926
181,5_blimp_omc_aux,-0.1258,0.4678,0.7442,0,1,0.8186,1.037
181,6_blimp_rescue,-0.0892,0.4375,0.6964,1,1,0.8574,1.0131
182,1_lmer_complete,0.128928631,0.393609524,0.562478074,1,1,0.884560336,0.992993914
182,2_blimp_complete,0.1149,0.3937,0.5543,1,1,0.9115,0.9933
182,3_lmer_naive,-0.461859332,0.563473724,0.357042418,0,0,0.733625907,0.742572036
182,4_blimp_lmc_noaux,-0.457,0.5634,0.349,0,0,0.7508,0.7435
182,5_blimp_omc_aux,0.12,0.4651,0.5635,0,1,0.8867,1.0281
182,6_blimp_rescue,0.1272,0.4318,0.5271,1,1,0.9172,0.9998
183,1_lmer_complete,-0.105862002,0.385847584,0.746793173,1,1,1.063845355,0.963581577
183,2_blimp_complete,-0.1214,0.3859,0.73,1,1,1.0947,0.9638
183,3_lmer_naive,-0.656171197,0.513693795,0.576612806,0,1,0.875265956,0.745674746
183,4_blimp_lmc_noaux,-0.6559,0.5141,0.5602,0,1,0.9046,0.7461
183,5_blimp_omc_aux,-0.1933,0.3985,0.8037,1,0,1.0605,1.0152
183,6_blimp_rescue,-0.0705,0.3671,0.7652,1,1,1.1114,0.9842
184,1_lmer_complete,0.219377749,0.43768671,0.643434237,0,1,0.722789666,1.004094143
184,2_blimp_complete,0.2066,0.4378,0.6402,0,1,0.7432,1.0043
184,3_lmer_naive,-0.326611848,0.577645275,0.373830515,0,0,0.624134296,0.746723809
184,4_blimp_lmc_noaux,-0.3323,0.5775,0.3711,0,0,0.6431,0.7475
184,5_blimp_omc_aux,0.1925,0.4909,0.6205,0,1,0.7329,1.0192
184,6_blimp_rescue,0.2195,0.4519,0.5926,0,1,0.7579,0.9928
185,1_lmer_complete,0.095837662,0.374976932,0.584066743,1,1,1.148670012,0.992946436
185,2_blimp_complete,0.0792,0.3751,0.5722,1,1,1.1863,0.9932
185,3_lmer_naive,-0.418829735,0.48378481,0.452283624,0,1,0.999383676,0.777892522
185,4_blimp_lmc_noaux,-0.4271,0.4845,0.4571,0,1,1.0289,0.7785
185,5_blimp_omc_aux,0.0306,0.379,0.6395,1,1,1.2337,1.0334
185,6_blimp_rescue,0.1327,0.3438,0.5612,0,1,1.2664,1.0029
186,1_lmer_complete,0.095879235,0.394858377,0.653277671,1,1,1.153852554,1.003103452
186,2_blimp_complete,0.0796,0.3951,0.6345,1,1,1.1891,1.0033
186,3_lmer_naive,-0.483539402,0.526190782,0.486402843,0,1,0.843510509,0.770513074
186,4_blimp_lmc_noaux,-0.4948,0.5264,0.4747,0,1,0.8685,0.7709
186,5_blimp_omc_aux,0.0413,0.4329,0.6971,1,1,1.1945,1.0237
186,6_blimp_rescue,0.0748,0.3924,0.6207,1,1,1.2374,0.9889
187,1_lmer_complete,-0.066891728,0.39446308,0.440475728,1,1,1.017003653,1.008616746
187,2_blimp_complete,-0.0821,0.3946,0.4203,1,1,1.0462,1.0088
187,3_lmer_naive,-0.55338386,0.525561122,0.36753284,0,0,0.760455615,0.799347697
187,4_blimp_lmc_noaux,-0.5663,0.5257,0.3543,0,0,0.7831,0.7997
187,5_blimp_omc_aux,-0.05,0.4256,0.5691,1,1,1.0477,1.0745
187,6_blimp_rescue,-0.0406,0.388,0.448,1,1,1.0503,1.0402
188,1_lmer_complete,-0.176159271,0.426139011,0.638532926,1,1,1.141397438,0.998724734
188,2_blimp_complete,-0.1919,0.4263,0.6212,1,1,1.1766,0.999
188,3_lmer_naive,-0.674637577,0.53620515,0.407076282,0,0,0.961442685,0.809994141
188,4_blimp_lmc_noaux,-0.6884,0.5358,0.3938,0,0,0.9933,0.8105
188,5_blimp_omc_aux,-0.1922,0.4488,0.6575,0,1,1.153,1.0664
188,6_blimp_rescue,-0.1359,0.4149,0.6539,1,1,1.1976,1.0437
189,1_lmer_complete,0.021269812,0.390706935,0.675319613,1,1,1.280178532,0.978471385
189,2_blimp_complete,0.005,0.3908,0.6766,1,1,1.3186,0.9786
189,3_lmer_naive,-0.501216381,0.503743888,0.528293885,0,1,1.081301911,0.78372061
189,4_blimp_lmc_noaux,-0.5101,0.5039,0.5293,0,1,1.1154,0.7841
189,5_blimp_omc_aux,0.0037,0.4148,0.791,1,0,1.2957,1.0305
189,6_blimp_rescue,0.0747,0.3772,0.7537,1,1,1.3457,1.0021
190,1_lmer_complete,-0.076046216,0.396562247,0.630402216,1,1,1.070771514,1.009226277
190,2_blimp_complete,-0.0927,0.3967,0.635,1,1,1.1032,1.0095
190,3_lmer_naive,-0.680886497,0.536749833,0.460549972,0,1,0.803522769,0.775242599
190,4_blimp_lmc_noaux,-0.6893,0.537,0.4698,0,1,0.8293,0.776
190,5_blimp_omc_aux,-0.1483,0.4567,0.7016,0,1,1.0639,1.0487
190,6_blimp_rescue,-0.0583,0.4044,0.6415,1,1,1.0879,1.0066
191,1_lmer_complete,-0.074419186,0.386802331,0.794889834,1,1,0.913996337,1.019087649
191,2_blimp_complete,-0.0895,0.3869,0.7917,1,1,0.9386,1.0193
191,3_lmer_naive,-0.667333204,0.525201873,0.60578238,0,1,0.715743574,0.754769587
191,4_blimp_lmc_noaux,-0.6719,0.5253,0.6004,0,1,0.7378,0.7553
191,5_blimp_omc_aux,-0.2028,0.4166,0.8376,1,0,0.8902,1.0226
191,6_blimp_rescue,-0.0671,0.3794,0.7743,1,1,0.9335,0.987
192,1_lmer_complete,0.015438742,0.417441002,0.492852654,1,1,1.247667025,0.978188838
192,2_blimp_complete,-0.001,0.4176,0.4729,1,1,1.284,0.9785
192,3_lmer_naive,-0.484672716,0.552562916,0.394333655,0,0,0.939888051,0.774323302
192,4_blimp_lmc_noaux,-0.4905,0.5532,0.3638,0,0,0.9635,0.7748
192,5_blimp_omc_aux,-0.0065,0.4695,0.597,0,1,1.3337,1.0141
192,6_blimp_rescue,-0.0041,0.4284,0.4341,1,1,1.3126,0.9812
193,1_lmer_complete,-0.01987693,0.414461849,0.469979663,1,1,0.933353263,0.995754804
193,2_blimp_complete,-0.0341,0.4146,0.4587,1,1,0.9623,0.996
193,3_lmer_naive,-0.55019424,0.534671805,0.31834197,0,0,0.684375608,0.763790956
193,4_blimp_lmc_noaux,-0.5632,0.5347,0.2975,0,0,0.7032,0.7643
193,5_blimp_omc_aux,-0.017,0.4351,0.5306,1,1,0.9045,1.0215
193,6_blimp_rescue,-0.0337,0.3947,0.4169,1,1,0.8958,0.9867
194,1_lmer_complete,0.072295416,0.408847181,0.640102437,1,1,0.885373986,1.008341515
194,2_blimp_complete,0.0579,0.4089,0.6404,1,1,0.912,1.0086
194,3_lmer_naive,-0.464470222,0.537116233,0.458385392,0,1,0.787036832,0.760922512
194,4_blimp_lmc_noaux,-0.4751,0.5374,0.4541,0,1,0.8115,0.7613
194,5_blimp_omc_aux,0.0317,0.4353,0.6838,1,1,0.8819,1.0447
194,6_blimp_rescue,0.0961,0.3972,0.6633,1,1,0.901,1.0116
195,1_lmer_complete,0.104609885,0.415190336,0.588250629,1,1,1.047486598,1.032966465
195,2_blimp_complete,0.0894,0.4154,0.5855,1,1,1.0767,1.0332
195,3_lmer_naive,-0.466943268,0.545878952,0.400893101,0,0,0.866626467,0.80073034
195,4_blimp_lmc_noaux,-0.4804,0.546,0.3869,0,0,0.8929,0.8013
195,5_blimp_omc_aux,0.1088,0.4577,0.6413,0,1,1.0834,1.0699
195,6_blimp_rescue,0.1425,0.4138,0.6068,1,1,1.1106,1.0381
196,1_lmer_complete,-0.017928868,0.405551865,0.603542274,1,1,0.919559756,1.008130646
196,2_blimp_complete,-0.0303,0.4057,0.6077,1,1,0.9447,1.0084
196,3_lmer_naive,-0.525072142,0.542786664,0.434602063,0,0,0.778623817,0.791801978
196,4_blimp_lmc_noaux,-0.5295,0.5429,0.4313,0,1,0.8018,0.7924
196,5_blimp_omc_aux,-0.0395,0.443,0.6078,0,1,0.9325,1.0271
196,6_blimp_rescue,-0.0279,0.4188,0.6084,1,1,0.9681,1.0093
197,1_lmer_complete,-0.068028336,0.400820027,0.531020088,1,1,1.001301279,1.015568095
197,2_blimp_complete,-0.0824,0.4009,0.5274,1,1,1.0314,1.0158
197,3_lmer_naive,-0.544619232,0.525858157,0.389199915,0,0,0.817537664,0.787343503
197,4_blimp_lmc_noaux,-0.5562,0.5261,0.3754,0,0,0.8412,0.7876
197,5_blimp_omc_aux,-0.1,0.4364,0.6004,1,1,1.0072,1.0133
197,6_blimp_rescue,-0.0962,0.4074,0.551,1,1,1.0211,0.9916
198,1_lmer_complete,0.00892172,0.426375065,0.60864759,1,1,0.70419087,0.997777994
198,2_blimp_complete,-0.0032,0.4265,0.6042,1,1,0.7256,0.998
198,3_lmer_naive,-0.52937161,0.565350836,0.44195028,0,0,0.553705665,0.728328758
198,4_blimp_lmc_noaux,-0.5333,0.5654,0.4363,0,0,0.5705,0.729
198,5_blimp_omc_aux,-0.0361,0.4579,0.6532,0,1,0.7002,0.9828
198,6_blimp_rescue,-0.0118,0.4281,0.6016,1,1,0.7113,0.9583
199,1_lmer_complete,-0.141160074,0.416573672,0.494290952,1,1,0.861197724,0.99454957
199,2_blimp_complete,-0.1553,0.4167,0.485,1,1,0.885,0.9947
199,3_lmer_naive,-0.638525199,0.554821636,0.401475627,0,0,0.695820344,0.730759699
199,4_blimp_lmc_noaux,-0.6471,0.555,0.387,0,0,0.7163,0.7311
199,5_blimp_omc_aux,-0.175,0.4603,0.5903,0,1,0.8227,0.9879
199,6_blimp_rescue,-0.1794,0.4205,0.5248,1,1,0.8297,0.9592
200,1_lmer_complete,-0.125090161,0.372559186,0.757432896,1,1,1.021376072,1.013769428
200,2_blimp_complete,-0.1432,0.3726,0.7631,1,1,1.0488,1.0141
200,3_lmer_naive,-0.685936874,0.53303874,0.556474578,0,1,0.834596616,0.782387945
200,4_blimp_lmc_noaux,-0.6957,0.5334,0.5533,0,1,0.8607,0.783
200,5_blimp_omc_aux,-0.211,0.4237,0.805,1,0,1.0169,1.0595
200,6_blimp_rescue,-0.1331,0.3824,0.75,1,1,1.0854,1.0216
201,1_lmer_complete,-0.045408172,0.371954199,0.652244466,1,1,0.997197675,1.011046645
201,2_blimp_complete,-0.0601,0.372,0.6487,1,1,1.0264,1.0113
201,3_lmer_naive,-0.631036125,0.506521434,0.458336666,0,1,0.763815718,0.803793359
201,4_blimp_lmc_noaux,-0.6366,0.5068,0.4538,0,1,0.786,0.8045
201,5_blimp_omc_aux,-0.0822,0.407,0.7409,1,1,1.0056,1.0919
201,6_blimp_rescue,0.0028,0.3622,0.6647,1,1,1.0446,1.0489
202,1_lmer_complete,-0.157803268,0.409657603,0.703934732,1,1,1.033364572,0.994008498
202,2_blimp_complete,-0.1735,0.4097,0.6843,1,1,1.0628,0.9943
202,3_lmer_naive,-0.68623697,0.548546294,0.484051523,0,1,0.896471209,0.789269252
202,4_blimp_lmc_noaux,-0.6947,0.5487,0.4804,0,1,0.9244,0.79
202,5_blimp_omc_aux,-0.1551,0.4624,0.7283,0,1,1.1188,1.0461
202,6_blimp_rescue,-0.0967,0.4264,0.7469,1,1,1.1849,1.0205
203,1_lmer_complete,0.027372271,0.371236663,0.654049253,0,1,0.989134783,1.018054621
203,2_blimp_complete,0.0122,0.3714,0.6522,0,1,1.0203,1.0183
203,3_lmer_naive,-0.529255247,0.464799946,0.439520402,0,0,0.815750181,0.78751112
203,4_blimp_lmc_noaux,-0.5399,0.4646,0.4383,0,1,0.8432,0.788
203,5_blimp_omc_aux,-0.0191,0.3681,0.6731,1,1,0.959,1.0419
203,6_blimp_rescue,0.0426,0.3301,0.6337,0,1,0.9905,1.006
204,1_lmer_complete,0.165073628,0.407543389,0.54777989,1,1,0.880570123,0.97689766
204,2_blimp_complete,0.1508,0.4077,0.5494,1,1,0.9083,0.9771
204,3_lmer_naive,-0.385527787,0.551042127,0.430774495,0,0,0.788643427,0.764354605
204,4_blimp_lmc_noaux,-0.3977,0.5511,0.4232,0,0,0.8138,0.7648
204,5_blimp_omc_aux,0.1687,0.4499,0.6843,0,1,0.9396,1.0551
204,6_blimp_rescue,0.2014,0.405,0.6288,1,1,0.9621,1.0205
205,1_lmer_complete,-0.173585144,0.396575723,0.567426789,1,1,0.977298734,0.997622498
205,2_blimp_complete,-0.1886,0.3967,0.5607,1,1,1.0074,0.9978
205,3_lmer_naive,-0.676971262,0.531867408,0.407278675,0,0,0.90897011,0.792392069
205,4_blimp_lmc_noaux,-0.6674,0.5318,0.3955,0,0,0.9342,0.7935
205,5_blimp_omc_aux,-0.1523,0.4351,0.6499,1,1,1.003,1.0646
205,6_blimp_rescue,-0.1261,0.398,0.6008,1,1,1.0324,1.0358
206,1_lmer_complete,-0.063427468,0.416127067,0.622505759,1,1,1.052975612,1.003417167
206,2_blimp_complete,-0.0781,0.4162,0.6137,1,1,1.0841,1.0036
206,3_lmer_naive,-0.636287287,0.513030691,0.45021416,0,1,0.800452124,0.798284712
206,4_blimp_lmc_noaux,-0.6381,0.5137,0.4496,0,1,0.8234,0.799
206,5_blimp_omc_aux,-0.0653,0.4257,0.7141,1,1,1.0755,1.0552
206,6_blimp_rescue,-0.0334,0.3853,0.6718,1,1,1.0935,1.0181
207,1_lmer_complete,0.005727607,0.373381647,0.67163085,1,1,1.170891303,0.997633091
207,2_blimp_complete,-0.0117,0.3735,0.6663,1,1,1.2051,0.9978
207,3_lmer_naive,-0.574413894,0.51079157,0.477986788,0,1,0.975346411,0.757920478
207,4_blimp_lmc_noaux,-0.5813,0.511,0.4791,0,1,1.004,0.7587
207,5_blimp_omc_aux,-0.0654,0.3987,0.7084,1,1,1.223,1.0333
207,6_blimp_rescue,-0.0029,0.3598,0.659,1,1,1.2809,0.9974
208,1_lmer_complete,0.03298061,0.406015273,0.607703996,1,1,0.737654201,1.011758642
208,2_blimp_complete,0.0207,0.4061,0.5983,1,1,0.7596,1.0119
208,3_lmer_naive,-0.523264916,0.556491374,0.430236579,0,0,0.683916139,0.764661443
208,4_blimp_lmc_noaux,-0.5306,0.5565,0.4362,0,1,0.7063,0.7653
208,5_blimp_omc_aux,0.0064,0.4503,0.6204,0,1,0.7721,1.0437
208,6_blimp_rescue,0.0333,0.4146,0.6,1,1,0.7977,1.0162
209,1_lmer_complete,0.015255229,0.390598375,0.48609978,1,1,1.173001608,0.997915856
209,2_blimp_complete,-0.0014,0.3907,0.4754,1,1,1.2099,0.9981
209,3_lmer_naive,-0.473177613,0.527189713,0.394619484,0,0,0.98030416,0.762708106
209,4_blimp_lmc_noaux,-0.4815,0.5274,0.379,0,0,1.0084,0.7632
209,5_blimp_omc_aux,-0.0301,0.4287,0.5807,1,1,1.1973,1.0209
209,6_blimp_rescue,0.0038,0.3932,0.4784,1,1,1.2118,0.9911
210,1_lmer_complete,0.045946956,0.419453686,0.61257857,1,1,1.036478752,0.993631362
210,2_blimp_complete,0.0296,0.4196,0.5901,1,1,1.0683,0.9939
210,3_lmer_naive,-0.525222446,0.562429399,0.458891364,0,1,0.780977952,0.765910601
210,4_blimp_lmc_noaux,-0.5307,0.5631,0.4172,0,1,0.8026,0.7665
210,5_blimp_omc_aux,0.0213,0.476,0.7094,0,1,1.0517,1.0283
210,6_blimp_rescue,0.0734,0.4377,0.6453,1,1,1.078,0.9993
211,1_lmer_complete,-0.053455485,0.388644836,0.570702977,1,1,0.95479391,1.030763178
211,2_blimp_complete,-0.0708,0.3887,0.5699,1,1,0.9845,1.031
211,3_lmer_naive,-0.591538387,0.54112275,0.397789539,0,0,0.756688653,0.798501562
211,4_blimp_lmc_noaux,-0.6002,0.5418,0.3735,0,0,0.778,0.7989
211,5_blimp_omc_aux,-0.1137,0.4439,0.6043,1,1,0.9356,1.0506
211,6_blimp_rescue,-0.0843,0.4119,0.5586,1,1,0.9589,1.0253
212,1_lmer_complete,-0.298972042,0.41033372,0.395422886,1,1,0.970199301,0.988998874
212,2_blimp_complete,-0.3134,0.4105,0.3701,1,0,1.0002,0.9892
212,3_lmer_naive,-0.746784693,0.55101082,0.237672962,0,0,0.769341854,0.724073956
212,4_blimp_lmc_noaux,-0.7551,0.5511,0.2076,0,0,0.7927,0.7245
212,5_blimp_omc_aux,-0.3041,0.4483,0.4718,0,1,0.9574,0.9669
212,6_blimp_rescue,-0.3291,0.4164,0.3655,1,0,0.9427,0.9431
213,1_lmer_complete,0.012159163,0.397805209,0.624289116,1,1,1.027765715,1.006970181
213,2_blimp_complete,-0.0034,0.3979,0.6212,1,1,1.0577,1.0072
213,3_lmer_naive,-0.534899996,0.530823192,0.451099033,0,1,0.87311176,0.75718533
213,4_blimp_lmc_noaux,-0.5421,0.5313,0.4325,0,1,0.8976,0.7577
213,5_blimp_omc_aux,-0.0191,0.4164,0.6238,1,1,1.0274,1.0311
213,6_blimp_rescue,0.0363,0.3899,0.5692,1,1,1.0421,1.0066
214,1_lmer_complete,0.071585449,0.398360967,0.470900017,1,1,1.158042993,0.98987638
214,2_blimp_complete,0.0555,0.3985,0.4699,1,1,1.1923,0.9901
214,3_lmer_naive,-0.447062685,0.520040244,0.299442971,0,0,0.894532484,0.764611772
214,4_blimp_lmc_noaux,-0.4603,0.5205,0.2986,0,0,0.9202,0.7651
214,5_blimp_omc_aux,0.1072,0.4214,0.5095,1,1,1.174,1.0217
214,6_blimp_rescue,0.0918,0.3831,0.4698,1,1,1.1664,0.9874
215,1_lmer_complete,-0.002563046,0.39439811,0.528458885,1,1,0.791618249,1.014911864
215,2_blimp_complete,-0.015,0.3945,0.5235,1,1,0.8167,1.0151
215,3_lmer_naive,-0.51118361,0.523592858,0.423357897,0,0,0.677319185,0.792085245
215,4_blimp_lmc_noaux,-0.5212,0.5238,0.4132,0,0,0.6982,0.7926
215,5_blimp_omc_aux,-0.0222,0.4252,0.6065,1,1,0.8243,1.0508
215,6_blimp_rescue,0.0085,0.3927,0.5541,1,1,0.8341,1.0261
216,1_lmer_complete,0.015973076,0.425243441,0.545722835,1,1,1.023945505,0.984612098
216,2_blimp_complete,8.00E-04,0.4253,0.5295,1,1,1.0546,0.9849
216,3_lmer_naive,-0.484355179,0.54641161,0.376631812,0,0,0.762294511,0.798872662
216,4_blimp_lmc_noaux,-0.4933,0.5467,0.3751,0,0,0.785,0.7995
216,5_blimp_omc_aux,0.0031,0.4695,0.5988,0,1,1.0011,1.0221
216,6_blimp_rescue,0.0235,0.4284,0.5463,1,1,1.0157,0.99
217,1_lmer_complete,0.016287245,0.393868731,0.442760133,1,1,0.730583786,0.994171789
217,2_blimp_complete,0.0027,0.394,0.4444,1,1,0.7523,0.9944
217,3_lmer_naive,-0.453839175,0.547567074,0.29851707,0,0,0.574357892,0.751688673
217,4_blimp_lmc_noaux,-0.4515,0.5481,0.2769,0,0,0.5867,0.7523
217,5_blimp_omc_aux,-0.0098,0.422,0.5185,1,1,0.7549,1.0271
217,6_blimp_rescue,0.0048,0.3904,0.4627,1,1,0.7564,0.9969
218,1_lmer_complete,-0.094030776,0.406947992,0.728219656,1,1,0.909284324,1.037346535
218,2_blimp_complete,-0.1087,0.407,0.7203,1,1,0.9359,1.0375
218,3_lmer_naive,-0.66165306,0.560852787,0.482794334,0,1,0.798390505,0.819293481
218,4_blimp_lmc_noaux,-0.6735,0.561,0.4682,0,1,0.8232,0.8197
218,5_blimp_omc_aux,-0.1129,0.4765,0.7261,0,1,0.9739,1.0853
218,6_blimp_rescue,-0.0662,0.4357,0.7296,1,1,1.0125,1.0588
219,1_lmer_complete,-0.217536344,0.421512633,0.493913187,1,1,1.037294598,1.010678171
219,2_blimp_complete,-0.2321,0.4216,0.4947,1,1,1.0682,1.011
219,3_lmer_naive,-0.709471725,0.550482615,0.356663361,0,0,0.784425158,0.765156767
219,4_blimp_lmc_noaux,-0.7138,0.5509,0.3378,0,0,0.8037,0.7656
219,5_blimp_omc_aux,-0.2354,0.4525,0.5882,0,1,1.0435,1.01
219,6_blimp_rescue,-0.2401,0.4226,0.5017,1,1,1.0657,0.9858
220,1_lmer_complete,-0.037514561,0.393898949,0.603849344,1,1,1.107269398,0.99009223
220,2_blimp_complete,-0.0528,0.394,0.6023,1,1,1.1403,0.9902
220,3_lmer_naive,-0.56538185,0.531572188,0.499681397,0,1,0.86334299,0.763898848
220,4_blimp_lmc_noaux,-0.5774,0.5318,0.4904,0,1,0.8907,0.7643
220,5_blimp_omc_aux,-0.0911,0.4241,0.6907,1,1,1.0777,1.0177
220,6_blimp_rescue,-0.0528,0.3943,0.627,1,1,1.1178,0.99
221,1_lmer_complete,0.025901387,0.38753762,0.653434078,1,1,1.146463513,1.019720049
221,2_blimp_complete,0.0094,0.3876,0.6562,1,1,1.1816,1.02
221,3_lmer_naive,-0.524817933,0.531952907,0.504477334,0,1,0.973277961,0.802563737
221,4_blimp_lmc_noaux,-0.5289,0.5328,0.496,0,1,1.0019,0.8031
221,5_blimp_omc_aux,-0.031,0.4346,0.7214,1,1,1.1317,1.0843
221,6_blimp_rescue,0.0126,0.3991,0.6992,1,1,1.1773,1.0515
222,1_lmer_complete,-0.114801576,0.398806433,0.758350253,1,1,1.275293593,0.967732268
222,2_blimp_complete,-0.1308,0.3989,0.7601,1,1,1.311,0.968
222,3_lmer_naive,-0.661517078,0.521010727,0.607029228,0,1,0.936777233,0.798193083
222,4_blimp_lmc_noaux,-0.6662,0.5217,0.5967,0,1,0.9654,0.7986
222,5_blimp_omc_aux,-0.1712,0.4477,0.8362,0,0,1.2609,1.0019
222,6_blimp_rescue,-0.1083,0.4142,0.7826,1,1,1.3284,0.9769
223,1_lmer_complete,-0.100680969,0.38449166,0.510147257,1,1,1.119549287,1.002176814
223,2_blimp_complete,-0.1162,0.3846,0.5018,1,1,1.1505,1.0024
223,3_lmer_naive,-0.60279046,0.510076187,0.413631241,0,0,1.031737891,0.779039089
223,4_blimp_lmc_noaux,-0.6062,0.5108,0.404,0,1,1.0584,0.7796
223,5_blimp_omc_aux,-0.0732,0.3999,0.5959,1,1,1.1795,1.0686
223,6_blimp_rescue,-0.0475,0.3662,0.5902,1,1,1.2246,1.0368
224,1_lmer_complete,-0.027145357,0.403661832,0.426578098,1,1,1.018430122,0.995455291
224,2_blimp_complete,-0.0446,0.4038,0.3955,1,1,1.05,0.9957
224,3_lmer_naive,-0.555093998,0.531042129,0.308863726,0,0,0.796391478,0.772777014
224,4_blimp_lmc_noaux,-0.5667,0.5311,0.2768,0,0,0.8193,0.7733
224,5_blimp_omc_aux,-0.0169,0.4354,0.5132,1,1,1.0247,1.0141
224,6_blimp_rescue,-0.0122,0.4022,0.4285,1,1,1.0197,0.9871
225,1_lmer_complete,-0.178338091,0.386837573,0.521522434,1,1,0.859516819,0.992201346
225,2_blimp_complete,-0.1916,0.387,0.5174,1,1,0.8847,0.9924
225,3_lmer_naive,-0.665336493,0.511843831,0.328047499,0,0,0.688467919,0.76705409
225,4_blimp_lmc_noaux,-0.6717,0.5122,0.3265,0,0,0.7082,0.7676
225,5_blimp_omc_aux,-0.2064,0.4186,0.5343,1,1,0.8335,0.9961
225,6_blimp_rescue,-0.1895,0.3894,0.4783,1,1,0.8478,0.971
226,1_lmer_complete,-0.015720884,0.40887619,0.339861707,1,0,0.893013276,1.00090383
226,2_blimp_complete,-0.0292,0.409,0.3378,1,0,0.9205,1.0012
226,3_lmer_naive,-0.505959784,0.528005981,0.238942909,0,0,0.706581103,0.768298885
226,4_blimp_lmc_noaux,-0.5147,0.5283,0.2241,0,0,0.722,0.7689
226,5_blimp_omc_aux,0.01,0.4269,0.4169,1,0,0.9459,1.0222
226,6_blimp_rescue,-0.0094,0.3899,0.3314,1,0,0.9272,0.9918
227,1_lmer_complete,0.016232842,0.390705445,0.456388957,1,1,0.931079269,1.058361166
227,2_blimp_complete,0.0018,0.3908,0.4476,1,1,0.9593,1.0586
227,3_lmer_naive,-0.520849264,0.516295501,0.294097499,0,0,0.806859915,0.850911891
227,4_blimp_lmc_noaux,-0.5288,0.5168,0.2912,0,0,0.8276,0.8517
227,5_blimp_omc_aux,0.0665,0.4148,0.53,1,1,1.0127,1.1558
227,6_blimp_rescue,0.0492,0.3711,0.4232,1,1,0.9927,1.1124
228,1_lmer_complete,-0.05071752,0.400192421,0.548505495,1,1,0.936377499,1.020556079
228,2_blimp_complete,-0.0651,0.4002,0.5341,1,1,0.9652,1.0208
228,3_lmer_naive,-0.544559031,0.518458726,0.42085966,0,0,0.738454484,0.784951866
228,4_blimp_lmc_noaux,-0.5524,0.5188,0.4015,0,0,0.7614,0.7855
228,5_blimp_omc_aux,-0.088,0.42,0.6139,1,1,0.9386,1.0348
228,6_blimp_rescue,-0.0565,0.3866,0.5459,1,1,0.9449,1.0067
229,1_lmer_complete,0.041470446,0.413818301,0.55549438,1,1,1.067751483,0.99169211
229,2_blimp_complete,0.0263,0.4139,0.5573,1,1,1.1001,0.9919
229,3_lmer_naive,-0.502626001,0.564574176,0.43844164,0,1,0.837161202,0.7671602
229,4_blimp_lmc_noaux,-0.5162,0.5648,0.4287,0,1,0.8627,0.7676
229,5_blimp_omc_aux,0.0203,0.4724,0.6285,0,1,1.0691,1.0213
229,6_blimp_rescue,0.0465,0.4377,0.5511,1,1,1.0857,0.9946
230,1_lmer_complete,0.075933548,0.388915775,0.622504205,1,1,1.000324792,0.990587306
230,2_blimp_complete,0.0607,0.3889,0.6145,1,1,1.0303,0.9908
230,3_lmer_naive,-0.470769984,0.540454682,0.490879128,0,1,0.842125588,0.766531775
230,4_blimp_lmc_noaux,-0.4804,0.5407,0.4786,0,1,0.8688,0.767
230,5_blimp_omc_aux,0.0123,0.4449,0.6872,1,1,0.9996,1.0366
230,6_blimp_rescue,0.0754,0.4066,0.6453,1,1,1.0288,1.0063
231,1_lmer_complete,0.015969019,0.407358057,0.508806331,1,1,0.97270242,1.008389381
231,2_blimp_complete,0.0022,0.4074,0.5084,1,1,1.0035,1.0086
231,3_lmer_naive,-0.511833795,0.535109757,0.377749385,0,0,0.729968644,0.793926826
231,4_blimp_lmc_noaux,-0.5215,0.5356,0.3699,0,0,0.7484,0.7946
231,5_blimp_omc_aux,0.0046,0.4345,0.6342,1,1,1.0036,1.0426
231,6_blimp_rescue,0.041,0.3982,0.5445,1,1,1.0023,1.0119
232,1_lmer_complete,-0.086740311,0.397643995,0.474632177,1,1,0.720772051,0.987520296
232,2_blimp_complete,-0.099,0.3977,0.4768,1,1,0.7435,0.9878
232,3_lmer_naive,-0.523637026,0.525669254,0.32082421,0,0,0.65560963,0.758548178
232,4_blimp_lmc_noaux,-0.5359,0.5258,0.3097,0,0,0.6732,0.7589
232,5_blimp_omc_aux,-0.0864,0.4238,0.5096,1,1,0.7672,1.0084
232,6_blimp_rescue,-0.0885,0.3928,0.4454,1,1,0.7568,0.9825
233,1_lmer_complete,0.045290611,0.392507683,0.791019168,1,1,1.038588777,0.96467654
233,2_blimp_complete,0.0292,0.3926,0.7839,1,1,1.0679,0.9649
233,3_lmer_naive,-0.528507158,0.52752069,0.616284402,0,1,0.860502553,0.763554373
233,4_blimp_lmc_noaux,-0.5364,0.5278,0.6298,0,1,0.8854,0.7642
233,5_blimp_omc_aux,-0.038,0.4385,0.8146,1,0,1.0203,0.9969
233,6_blimp_rescue,0.0311,0.4016,0.7861,1,1,1.0699,0.9631
234,1_lmer_complete,-0.060720047,0.410274473,0.622897887,1,1,0.836290774,1.013983466
234,2_blimp_complete,-0.073,0.4104,0.6256,1,1,0.8603,1.0142
234,3_lmer_naive,-0.577526798,0.537916659,0.400577567,0,0,0.729866406,0.826341502
234,4_blimp_lmc_noaux,-0.5892,0.5379,0.3961,0,0,0.7523,0.8268
234,5_blimp_omc_aux,-0.0577,0.456,0.6596,0,1,0.8435,1.1007
234,6_blimp_rescue,-0.0293,0.4138,0.6339,1,1,0.8574,1.068
235,1_lmer_complete,-0.018057799,0.39624038,0.495895653,1,1,1.183865617,1.010289101
235,2_blimp_complete,-0.0343,0.3964,0.4889,1,1,1.2223,1.0105
235,3_lmer_naive,-0.574240937,0.539502119,0.412905199,0,0,0.883972466,0.785307992
235,4_blimp_lmc_noaux,-0.5879,0.5396,0.3982,0,0,0.9134,0.7858
235,5_blimp_omc_aux,-0.037,0.4388,0.6291,1,1,1.2199,1.0584
235,6_blimp_rescue,2.00E-04,0.4041,0.5312,1,1,1.2398,1.0295
236,1_lmer_complete,-0.008015002,0.355770886,0.442659108,0,0,0.770470644,1.029175816
236,2_blimp_complete,-0.0199,0.3558,0.434,0,0,0.7947,1.0294
236,3_lmer_naive,-0.574787241,0.53316886,0.313158009,0,0,0.694757704,0.735113885
236,4_blimp_lmc_noaux,-0.5821,0.5328,0.3043,0,0,0.7183,0.7355
236,5_blimp_omc_aux,-0.0051,0.4288,0.4853,1,1,0.8419,1.0287
236,6_blimp_rescue,-0.0152,0.3794,0.4237,1,1,0.8423,0.9824
237,1_lmer_complete,0.039843436,0.419206256,0.593566995,1,1,0.936454746,1.044667542
237,2_blimp_complete,0.0263,0.4193,0.5801,1,1,0.9652,1.0449
237,3_lmer_naive,-0.533336647,0.552844318,0.42392641,0,0,0.79156222,0.808451678
237,4_blimp_lmc_noaux,-0.5386,0.553,0.4055,0,0,0.8154,0.809
237,5_blimp_omc_aux,0.0206,0.458,0.655,0,1,0.9372,1.092
237,6_blimp_rescue,0.0444,0.4195,0.6236,1,1,0.9617,1.0572
238,1_lmer_complete,-0.124713079,0.396160421,0.58370143,1,1,0.942107865,1.008763955
238,2_blimp_complete,-0.1397,0.3963,0.5772,1,1,0.9705,1.009
238,3_lmer_naive,-0.626393721,0.50829067,0.395952621,0,0,0.753092758,0.809755303
238,4_blimp_lmc_noaux,-0.6296,0.5085,0.3879,0,0,0.7752,0.8104
238,5_blimp_omc_aux,-0.1098,0.4064,0.6262,1,1,0.9098,1.0744
238,6_blimp_rescue,-0.0988,0.3733,0.5488,1,1,0.9224,1.0459
239,1_lmer_complete,-0.035267546,0.407278975,0.542982945,1,1,0.888462593,0.986066296
239,2_blimp_complete,-0.0497,0.4074,0.5461,1,1,0.9158,0.9863
239,3_lmer_naive,-0.571790921,0.555161802,0.44606371,0,1,0.710997509,0.750492259
239,4_blimp_lmc_noaux,-0.5726,0.556,0.4244,0,1,0.7297,0.7511
239,5_blimp_omc_aux,-0.0606,0.4538,0.6834,0,1,0.8758,1.0112
239,6_blimp_rescue,-0.0282,0.4184,0.5999,1,1,0.9073,0.9835
240,1_lmer_complete,-0.02154703,0.397671603,0.47981549,1,1,1.088167074,0.999082512
240,2_blimp_complete,-0.037,0.3978,0.4711,1,1,1.1196,0.9993
240,3_lmer_naive,-0.475665716,0.535543298,0.330151199,0,0,0.907754188,0.785049201
240,4_blimp_lmc_noaux,-0.4796,0.5359,0.3168,0,0,0.9332,0.7856
240,5_blimp_omc_aux,-0.0129,0.426,0.5434,1,1,1.1137,1.0563
240,6_blimp_rescue,-0.0024,0.3962,0.4883,1,1,1.1629,1.0314
241,1_lmer_complete,-0.002348845,0.373614763,0.598972654,1,1,0.83393654,1.025834787
241,2_blimp_complete,-0.0137,0.3737,0.6061,1,1,0.8597,1.0261
241,3_lmer_naive,-0.532971475,0.512759599,0.411866844,0,0,0.698745202,0.800941112
241,4_blimp_lmc_noaux,-0.5444,0.5129,0.4084,0,0,0.7214,0.8014
241,5_blimp_omc_aux,-0.0389,0.4199,0.6357,1,1,0.7895,1.0528
241,6_blimp_rescue,-0.0161,0.3844,0.6033,1,1,0.8105,1.0192
242,1_lmer_complete,-0.054061458,0.402234266,0.588237897,1,1,0.810033832,0.988477718
242,2_blimp_complete,-0.0669,0.4023,0.5835,1,1,0.8366,0.9887
242,3_lmer_naive,-0.5559419,0.528170701,0.424491059,0,0,0.733780442,0.784967954
242,4_blimp_lmc_noaux,-0.5662,0.5285,0.4123,0,0,0.7577,0.7854
242,5_blimp_omc_aux,-0.0679,0.4359,0.6277,1,1,0.8923,1.0442
242,6_blimp_rescue,-0.0263,0.3971,0.5533,1,1,0.9013,1.0162
243,1_lmer_complete,-0.061393224,0.400385502,0.696885967,1,1,1.032803599,1.0140407
243,2_blimp_complete,-0.0769,0.4005,0.6849,1,1,1.0633,1.0143
243,3_lmer_naive,-0.64286318,0.521170234,0.50333972,0,1,0.816785225,0.776398739
243,4_blimp_lmc_noaux,-0.6466,0.5214,0.4876,0,1,0.8414,0.7769
243,5_blimp_omc_aux,-0.1352,0.4336,0.7464,1,1,1.0362,1.0289
243,6_blimp_rescue,-0.0786,0.3922,0.6935,1,1,1.0765,0.9935
244,1_lmer_complete,0.054534228,0.391055431,0.622767309,1,1,1.072320465,1.021885882
244,2_blimp_complete,0.0387,0.3912,0.6169,1,1,1.1036,1.0221
244,3_lmer_naive,-0.517484932,0.54375039,0.436411646,0,0,0.899026498,0.810290012
244,4_blimp_lmc_noaux,-0.5273,0.5441,0.4223,0,0,0.9263,0.8108
244,5_blimp_omc_aux,0.0188,0.4381,0.7176,1,1,1.11,1.1025
244,6_blimp_rescue,0.0804,0.3957,0.6197,1,1,1.1323,1.0684
245,1_lmer_complete,0.080817947,0.39979497,0.596169033,1,1,1.065941239,1.022133203
245,2_blimp_complete,0.0648,0.3999,0.5776,1,1,1.0992,1.0224
245,3_lmer_naive,-0.468220222,0.53823551,0.41012531,0,0,0.866911344,0.800283942
245,4_blimp_lmc_noaux,-0.4735,0.5386,0.3967,0,0,0.8912,0.801
245,5_blimp_omc_aux,0.0464,0.4515,0.6613,0,1,1.0508,1.0531
245,6_blimp_rescue,0.0841,0.4119,0.633,1,1,1.1011,1.025
246,1_lmer_complete,0.018617711,0.37810051,0.768929222,1,1,0.924825896,0.988711027
246,2_blimp_complete,0.0053,0.3782,0.771,1,1,0.951,0.9889
246,3_lmer_naive,-0.529064028,0.519982806,0.606670913,0,1,0.740283145,0.805984018
246,4_blimp_lmc_noaux,-0.5336,0.5199,0.6243,0,1,0.7617,0.8064
246,5_blimp_omc_aux,-0.0217,0.4132,0.8269,1,0,0.9707,1.0697
246,6_blimp_rescue,0.0575,0.3821,0.8393,1,0,1.0328,1.0429
247,1_lmer_complete,-0.086856303,0.432675566,0.497174095,0,1,0.992557214,0.95182816
247,2_blimp_complete,-0.1017,0.4328,0.4805,0,1,1.0229,0.952
247,3_lmer_naive,-0.619956613,0.559763912,0.399027679,0,0,0.823386388,0.741443208
247,4_blimp_lmc_noaux,-0.6167,0.5597,0.394,0,0,0.8454,0.7423
247,5_blimp_omc_aux,-0.0888,0.4755,0.5907,0,1,1.0562,0.9876
247,6_blimp_rescue,-0.0452,0.4438,0.5748,0,1,1.0994,0.9673
248,1_lmer_complete,-0.067596489,0.378461757,0.773663704,1,1,1.003545902,0.995070572
248,2_blimp_complete,-0.0839,0.3786,0.7799,1,1,1.0307,0.9953
248,3_lmer_naive,-0.659524907,0.539031406,0.590433538,0,1,0.76615411,0.754528327
248,4_blimp_lmc_noaux,-0.6468,0.5392,0.5857,0,1,0.7866,0.7554
248,5_blimp_omc_aux,-0.14,0.4339,0.8229,1,0,1.0093,1.0271
248,6_blimp_rescue,-0.0554,0.3988,0.7659,1,1,1.0753,0.9945
249,1_lmer_complete,-0.059635384,0.361647981,0.705894698,0,1,0.93172588,0.945907801
249,2_blimp_complete,-0.0751,0.3617,0.6819,0,1,0.9598,0.946
249,3_lmer_naive,-0.60261016,0.511806495,0.540917692,0,1,0.748172404,0.71814876
249,4_blimp_lmc_noaux,-0.6013,0.5121,0.5412,0,1,0.7702,0.7188
249,5_blimp_omc_aux,-0.1644,0.4094,0.728,1,1,0.9091,0.943
249,6_blimp_rescue,-0.0909,0.3804,0.7141,1,1,0.9445,0.9194
250,1_lmer_complete,-0.150830839,0.385394615,0.663855583,1,1,0.99808423,0.992370341
250,2_blimp_complete,-0.1663,0.3855,0.6498,1,1,1.0285,0.9926
250,3_lmer_naive,-0.705296046,0.530230753,0.447006903,0,0,0.652983955,0.75208462
250,4_blimp_lmc_noaux,-0.7068,0.5306,0.4386,0,0,0.6728,0.7526
250,5_blimp_omc_aux,-0.214,0.4361,0.6785,1,1,0.9787,1.0195
250,6_blimp_rescue,-0.154,0.392,0.5882,1,1,1.0013,0.9817
251,1_lmer_complete,-0.138276625,0.370180052,0.578956346,0,1,1.51916089,0.97921456
251,2_blimp_complete,-0.1567,0.3703,0.5631,0,1,1.5623,0.9794
251,3_lmer_naive,-0.685940429,0.506710079,0.520941253,0,1,1.184496466,0.776940761
251,4_blimp_lmc_noaux,-0.6934,0.5071,0.5008,0,1,1.2198,0.7775
251,5_blimp_omc_aux,-0.1867,0.3932,0.6973,1,1,1.5262,1.0366
251,6_blimp_rescue,-0.0847,0.3647,0.6344,1,1,1.5953,1.0126
252,1_lmer_complete,0.065664505,0.397558927,0.64137151,1,1,1.014736405,0.960044626
252,2_blimp_complete,0.0515,0.3977,0.6497,1,1,1.0438,0.9603
252,3_lmer_naive,-0.493997676,0.536457974,0.421414222,0,0,0.766518661,0.777581104
252,4_blimp_lmc_noaux,-0.4996,0.5367,0.4146,0,1,0.7891,0.7782
252,5_blimp_omc_aux,0.0186,0.4566,0.6528,0,1,0.9619,1.0072
252,6_blimp_rescue,0.0384,0.4211,0.6049,1,1,0.9889,0.9809
253,1_lmer_complete,-0.054310038,0.416924324,0.599334496,1,1,1.202765403,0.985995599
253,2_blimp_complete,-0.0699,0.4171,0.6015,1,1,1.2401,0.9863
253,3_lmer_naive,-0.659752794,0.556370343,0.449134867,0,1,0.844494783,0.763300506
253,4_blimp_lmc_noaux,-0.6662,0.5571,0.441,0,1,0.8677,0.7638
253,5_blimp_omc_aux,-0.1084,0.4678,0.6779,0,1,1.1857,1.0188
253,6_blimp_rescue,-0.0762,0.4202,0.6002,1,1,1.2265,0.9808
254,1_lmer_complete,-0.076889536,0.403591763,0.578433354,1,1,1.041287216,1.003910649
254,2_blimp_complete,-0.0923,0.4037,0.5571,1,1,1.0735,1.0041
254,3_lmer_naive,-0.590926781,0.527875099,0.44558484,0,1,0.895811137,0.781707358
254,4_blimp_lmc_noaux,-0.599,0.5283,0.42,0,1,0.9247,0.7821
254,5_blimp_omc_aux,-0.0985,0.4292,0.6701,1,1,1.0083,1.0554
254,6_blimp_rescue,-0.0427,0.3989,0.6005,1,1,1.041,1.0324
255,1_lmer_complete,0.188141802,0.396835447,0.572089851,1,1,1.219986678,1.028168508
255,2_blimp_complete,0.1708,0.3969,0.5642,1,1,1.2579,1.0284
255,3_lmer_naive,-0.385767874,0.554232964,0.449668045,0,1,0.974742041,0.77984304
255,4_blimp_lmc_noaux,-0.397,0.5542,0.4436,0,1,1.0055,0.7803
255,5_blimp_omc_aux,0.1399,0.4544,0.6372,0,1,1.2071,1.0568
255,6_blimp_rescue,0.1737,0.4162,0.5924,1,1,1.2281,1.0236
256,1_lmer_complete,0.183263966,0.398035974,0.733681161,1,1,0.902969699,1.003775513
256,2_blimp_complete,0.1685,0.3982,0.7215,1,1,0.9273,1.004
256,3_lmer_naive,-0.44919293,0.509931288,0.492854434,0,1,0.799686439,0.783696599
256,4_blimp_lmc_noaux,-0.4468,0.5094,0.5072,0,1,0.8235,0.7846
256,5_blimp_omc_aux,0.1416,0.4008,0.744,1,0,0.8822,1.0699
256,6_blimp_rescue,0.209,0.3642,0.7422,1,1,0.9477,1.0334
257,1_lmer_complete,0.108839641,0.403528714,0.507346014,1,1,1.086903701,1.00626922
257,2_blimp_complete,0.0943,0.4036,0.4958,1,1,1.1188,1.0065
257,3_lmer_naive,-0.459957869,0.542561174,0.400943165,0,0,0.907007446,0.75534511
257,4_blimp_lmc_noaux,-0.4653,0.5436,0.3608,0,0,0.9264,0.7557
257,5_blimp_omc_aux,0.0878,0.4308,0.6002,1,1,1.1118,1.0553
257,6_blimp_rescue,0.1474,0.398,0.5315,1,1,1.1716,1.0289
258,1_lmer_complete,-0.034427092,0.38982134,0.494856481,1,1,0.743722301,1.030899738
258,2_blimp_complete,-0.0466,0.3899,0.5029,1,1,0.7674,1.0311
258,3_lmer_naive,-0.542369215,0.563544545,0.363341695,0,0,0.657287449,0.761018982
258,4_blimp_lmc_noaux,-0.5571,0.5635,0.3602,0,0,0.678,0.7615
258,5_blimp_omc_aux,-0.0289,0.4488,0.5619,0,1,0.7663,1.0648
258,6_blimp_rescue,-0.0314,0.4148,0.5152,1,1,0.7702,1.0339
259,1_lmer_complete,-0.055860386,0.409892897,0.438505368,1,1,0.858880418,1.010979039
259,2_blimp_complete,-0.0699,0.41,0.4287,1,1,0.8837,1.0113
259,3_lmer_naive,-0.523358376,0.55039281,0.310718788,0,0,0.719534021,0.800791127
259,4_blimp_lmc_noaux,-0.532,0.5506,0.2912,0,0,0.7394,0.8013
259,5_blimp_omc_aux,-0.027,0.4509,0.5086,0,1,0.8877,1.0548
259,6_blimp_rescue,-0.0432,0.4182,0.3969,1,1,0.8823,1.0293
260,1_lmer_complete,0.242788021,0.395824308,0.633132856,1,1,0.923280473,1.002018946
260,2_blimp_complete,0.228,0.3959,0.6412,1,1,0.9509,1.0022
260,3_lmer_naive,-0.336053808,0.519703848,0.491687548,0,1,0.760825235,0.781118482
260,4_blimp_lmc_noaux,-0.3406,0.5203,0.4739,0,1,0.7845,0.7817
260,5_blimp_omc_aux,0.1928,0.4177,0.7042,1,1,0.9131,1.0505
260,6_blimp_rescue,0.2481,0.3768,0.6234,1,1,0.9368,1.0156
261,1_lmer_complete,-0.042892304,0.399064103,0.685852158,1,1,1.158000983,1.028313277
261,2_blimp_complete,-0.0601,0.3992,0.6901,1,1,1.1937,1.0286
261,3_lmer_naive,-0.586044868,0.525146509,0.54168472,0,1,1.014489326,0.807498712
261,4_blimp_lmc_noaux,-0.6008,0.5255,0.5416,0,1,1.0487,0.808
261,5_blimp_omc_aux,-0.0732,0.419,0.7678,1,1,1.1928,1.103
261,6_blimp_rescue,-0.0038,0.3781,0.7523,1,1,1.235,1.0663
262,1_lmer_complete,-0.095374283,0.400907408,0.580221681,1,1,0.997954501,0.991381476
262,2_blimp_complete,-0.1103,0.401,0.5754,1,1,1.0277,0.9916
262,3_lmer_naive,-0.606600709,0.517457251,0.386928483,0,0,0.825456097,0.75964023
262,4_blimp_lmc_noaux,-0.6188,0.5175,0.379,0,0,0.8518,0.7601
262,5_blimp_omc_aux,-0.1239,0.426,0.5946,1,1,1.0086,1.0203
262,6_blimp_rescue,-0.0968,0.3813,0.531,1,1,1.0169,0.9833
263,1_lmer_complete,0.141679291,0.422702421,0.547461453,1,1,1.148161324,0.959927984
263,2_blimp_complete,0.1263,0.4228,0.5418,1,1,1.1826,0.9602
263,3_lmer_naive,-0.409414736,0.537297117,0.399427123,0,0,0.848927689,0.748567709
263,4_blimp_lmc_noaux,-0.4141,0.5379,0.4002,0,0,0.8736,0.7493
263,5_blimp_omc_aux,0.1285,0.4459,0.6033,0,1,1.1326,1.0001
263,6_blimp_rescue,0.1443,0.4037,0.5154,1,1,1.1526,0.9616
264,1_lmer_complete,-0.058732445,0.404875789,0.457913673,1,1,0.898210874,1.036410867
264,2_blimp_complete,-0.0725,0.4049,0.4473,1,1,0.9249,1.0367
264,3_lmer_naive,-0.546734545,0.549847803,0.295672908,0,0,0.801616075,0.794738115
264,4_blimp_lmc_noaux,-0.5556,0.55,0.2735,0,0,0.8235,0.7953
264,5_blimp_omc_aux,-0.0748,0.4532,0.5299,0,1,0.9054,1.0613
264,6_blimp_rescue,-0.0522,0.4154,0.4783,1,1,0.916,1.0343
265,1_lmer_complete,0.068505648,0.399281978,0.591788119,1,1,1.319691409,1.027494292
265,2_blimp_complete,0.0515,0.3994,0.5778,1,1,1.3594,1.0278
265,3_lmer_naive,-0.521288869,0.520850041,0.477184649,0,1,0.986313979,0.79317751
265,4_blimp_lmc_noaux,-0.5206,0.5215,0.4649,0,1,1.0159,0.7939
265,5_blimp_omc_aux,0.0245,0.4156,0.6763,1,1,1.3738,1.0813
265,6_blimp_rescue,0.1363,0.3757,0.6094,1,1,1.4487,1.0489
266,1_lmer_complete,-0.065133691,0.390693666,0.795954919,1,1,1.218617754,1.012959237
266,2_blimp_complete,-0.0848,0.3908,0.8108,1,1,1.2527,1.0132
266,3_lmer_naive,-0.602094453,0.515863712,0.576336836,0,1,1.119626616,0.813959804
266,4_blimp_lmc_noaux,-0.6157,0.5161,0.5776,0,1,1.1561,0.8145
266,5_blimp_omc_aux,-0.1197,0.4216,0.8062,1,0,1.2721,1.0775
266,6_blimp_rescue,-0.0476,0.3844,0.7989,1,1,1.3164,1.0441
267,1_lmer_complete,-0.049192052,0.375049279,0.432825263,1,1,1.064635441,0.980573491
267,2_blimp_complete,-0.0644,0.3752,0.4271,1,1,1.097,0.9807
267,3_lmer_naive,-0.569969875,0.544065414,0.315450123,0,0,0.882617567,0.746943855
267,4_blimp_lmc_noaux,-0.5767,0.5447,0.2937,0,0,0.9015,0.7477
267,5_blimp_omc_aux,-0.0632,0.4251,0.5409,1,1,1.0806,1.0334
267,6_blimp_rescue,-0.0282,0.3934,0.51,1,1,1.1549,1.0075
268,1_lmer_complete,-0.032540108,0.421731003,0.457651353,1,1,1.054789337,0.988386243
268,2_blimp_complete,-0.048,0.4218,0.4603,1,1,1.088,0.9886
268,3_lmer_naive,-0.541084556,0.552056577,0.328637634,0,0,0.905833254,0.786883228
268,4_blimp_lmc_noaux,-0.5537,0.5519,0.3251,0,0,0.9352,0.7873
268,5_blimp_omc_aux,0.0257,0.4563,0.5478,0,1,1.0506,1.0786
268,6_blimp_rescue,0.0154,0.4243,0.479,1,1,1.0551,1.0518
269,1_lmer_complete,-0.057281649,0.400353185,0.560227177,1,1,0.961103327,0.994565126
269,2_blimp_complete,-0.0728,0.4004,0.5552,1,1,0.9903,0.9948
269,3_lmer_naive,-0.571871936,0.524026338,0.451778431,0,1,0.798876488,0.766895165
269,4_blimp_lmc_noaux,-0.5795,0.5244,0.4388,0,1,0.8242,0.7674
269,5_blimp_omc_aux,-0.1431,0.4309,0.6853,1,1,1.0017,1.0196
269,6_blimp_rescue,-0.0413,0.3918,0.5811,1,1,1.039,0.9896
270,1_lmer_complete,0.083008232,0.449974257,0.567993474,0,1,1.096726214,0.985827197
270,2_blimp_complete,0.0674,0.4501,0.5586,0,1,1.1308,0.9861
270,3_lmer_naive,-0.476973228,0.598156883,0.450230105,0,1,0.806797859,0.759249601
270,4_blimp_lmc_noaux,-0.4882,0.5984,0.4348,0,1,0.8316,0.7597
270,5_blimp_omc_aux,0.0356,0.5085,0.6952,0,1,1.0875,1.0324
270,6_blimp_rescue,0.1021,0.4729,0.555,0,1,1.1115,1.007
271,1_lmer_complete,-0.07397823,0.38503036,0.625093265,1,1,1.077533561,1.007405789
271,2_blimp_complete,-0.0898,0.3851,0.6255,1,1,1.107,1.0076
271,3_lmer_naive,-0.581273729,0.51819493,0.476874284,0,1,0.900924543,0.771203696
271,4_blimp_lmc_noaux,-0.5869,0.5184,0.475,0,1,0.9282,0.7718
271,5_blimp_omc_aux,-0.0937,0.4131,0.7005,1,1,1.1593,1.0286
271,6_blimp_rescue,-0.0547,0.3799,0.6745,1,1,1.1949,1.0004
272,1_lmer_complete,0.098383738,0.388452606,0.489504216,1,1,0.880780976,0.988791679
272,2_blimp_complete,0.0833,0.3885,0.4743,1,1,0.9076,0.989
272,3_lmer_naive,-0.358958531,0.532513149,0.381884313,0,0,0.751432646,0.778554293
272,4_blimp_lmc_noaux,-0.3693,0.5327,0.3672,0,0,0.776,0.779
272,5_blimp_omc_aux,0.0959,0.4202,0.5547,1,1,0.8868,1.0337
272,6_blimp_rescue,0.1099,0.3941,0.5192,1,1,0.8918,1.0139
273,1_lmer_complete,-0.028753169,0.420163236,0.504188185,1,1,0.726849452,0.990619236
273,2_blimp_complete,-0.0409,0.4202,0.5038,1,1,0.7495,0.9909
273,3_lmer_naive,-0.512424531,0.545585448,0.384845095,0,0,0.620405773,0.745294012
273,4_blimp_lmc_noaux,-0.522,0.5455,0.3794,0,0,0.6407,0.7457
273,5_blimp_omc_aux,-0.0549,0.4532,0.5654,0,1,0.7481,0.985
273,6_blimp_rescue,-0.0286,0.4179,0.5338,1,1,0.758,0.958
274,1_lmer_complete,0.088348811,0.394866718,0.543482866,1,1,1.249235208,0.997408019
274,2_blimp_complete,0.0715,0.395,0.5255,1,1,1.2871,0.9976
274,3_lmer_naive,-0.450804161,0.557756841,0.391437052,0,1,1.11477867,0.748860398
274,4_blimp_lmc_noaux,-0.4514,0.5583,0.3853,0,1,1.1445,0.7496
274,5_blimp_omc_aux,0.0661,0.4502,0.6261,0,1,1.3162,1.0234
274,6_blimp_rescue,0.1065,0.4202,0.6028,1,1,1.3939,1.0013
275,1_lmer_complete,-0.065191931,0.418413243,0.648245787,1,1,0.868654946,1.015814105
275,2_blimp_complete,-0.0788,0.4185,0.6336,1,1,0.8949,1.016
275,3_lmer_naive,-0.586806739,0.530297582,0.479802966,0,1,0.706894023,0.766928579
275,4_blimp_lmc_noaux,-0.5915,0.531,0.4739,0,1,0.7264,0.7675
275,5_blimp_omc_aux,-0.1534,0.438,0.7011,1,1,0.9051,0.9863
275,6_blimp_rescue,-0.0882,0.4064,0.6493,1,1,0.9331,0.9575
276,1_lmer_complete,0.231032313,0.404311518,0.57855258,1,1,0.839921265,0.998923116
276,2_blimp_complete,0.2163,0.4044,0.5809,1,1,0.8671,0.9992
276,3_lmer_naive,-0.29217098,0.530228288,0.377076881,0,0,0.739086816,0.774317466
276,4_blimp_lmc_noaux,-0.2946,0.5309,0.3662,0,0,0.7582,0.775
276,5_blimp_omc_aux,0.2132,0.4393,0.6075,1,1,0.8435,1.0221
276,6_blimp_rescue,0.2299,0.4035,0.5669,1,1,0.8763,0.9911
277,1_lmer_complete,-0.075448222,0.393489791,0.583811319,1,1,0.976871874,1.010791169
277,2_blimp_complete,-0.0899,0.3935,0.5761,1,1,1.0067,1.011
277,3_lmer_naive,-0.549489953,0.516004712,0.488937764,0,1,0.761808174,0.801102332
277,4_blimp_lmc_noaux,-0.5558,0.5162,0.5046,0,1,0.7853,0.8017
277,5_blimp_omc_aux,-0.0874,0.4104,0.6841,1,1,0.988,1.0441
277,6_blimp_rescue,-0.0258,0.3852,0.6452,1,1,1.0307,1.0199
278,1_lmer_complete,0.188329415,0.420950528,0.603675822,1,1,1.007976307,1.03940688
278,2_blimp_complete,0.1729,0.4211,0.5884,1,1,1.0386,1.0396
278,3_lmer_naive,-0.413298042,0.566942282,0.431554324,0,0,0.831073034,0.761881903
278,4_blimp_lmc_noaux,-0.4194,0.5675,0.422,0,0,0.8508,0.7626
278,5_blimp_omc_aux,0.128,0.4729,0.6672,0,1,1.0561,1.0252
278,6_blimp_rescue,0.176,0.4331,0.5757,1,1,1.0715,0.9972
279,1_lmer_complete,0.091615585,0.421735238,0.596035471,1,1,0.917643467,1.017938196
279,2_blimp_complete,0.0772,0.4219,0.5865,1,1,0.9464,1.0182
279,3_lmer_naive,-0.457385137,0.5506945,0.440231083,0,0,0.682062677,0.789142046
279,4_blimp_lmc_noaux,-0.4595,0.5514,0.4257,0,0,0.7007,0.7897
279,5_blimp_omc_aux,0.0445,0.4567,0.6506,0,1,0.9513,1.0357
279,6_blimp_rescue,0.1077,0.4226,0.5616,1,1,0.9725,1.0061
280,1_lmer_complete,-0.077869447,0.390617878,0.489243017,1,1,0.828498315,0.995115916
280,2_blimp_complete,-0.0921,0.3907,0.4887,1,1,0.8549,0.9954
280,3_lmer_naive,-0.599619684,0.531932428,0.365677266,0,0,0.640833886,0.777972986
280,4_blimp_lmc_noaux,-0.6049,0.5321,0.3626,0,0,0.6599,0.7788
280,5_blimp_omc_aux,-0.041,0.4263,0.5902,1,1,0.8282,1.0735
280,6_blimp_rescue,-0.0037,0.3931,0.4978,1,1,0.8412,1.046
281,1_lmer_complete,0.038317185,0.398848837,0.422268001,1,1,0.909036322,0.98503776
281,2_blimp_complete,0.0238,0.399,0.41,1,1,0.9394,0.9853
281,3_lmer_naive,-0.440465671,0.521851429,0.251714114,0,0,0.799943831,0.762864243
281,4_blimp_lmc_noaux,-0.4483,0.522,0.235,0,0,0.8193,0.7634
281,5_blimp_omc_aux,0.0609,0.4262,0.4761,1,1,0.9853,1.0021
281,6_blimp_rescue,0.0571,0.3927,0.3743,1,0,0.975,0.9724
282,1_lmer_complete,0.208955455,0.402745524,0.613284619,1,1,0.898052321,0.986882928
282,2_blimp_complete,0.1946,0.4028,0.6058,1,1,0.9227,0.9871
282,3_lmer_naive,-0.36539932,0.534252006,0.45187775,0,1,0.74744205,0.771201172
282,4_blimp_lmc_noaux,-0.3719,0.535,0.4158,0,1,0.7674,0.7717
282,5_blimp_omc_aux,0.1765,0.4242,0.7192,1,1,0.9161,1.0417
282,6_blimp_rescue,0.2431,0.3927,0.6034,1,1,0.9365,1.0153
283,1_lmer_complete,-0.017825403,0.396529135,0.730472751,1,1,1.113129703,1.01247282
283,2_blimp_complete,-0.0324,0.3966,0.7321,1,1,1.1466,1.0128
283,3_lmer_naive,-0.574229238,0.510654069,0.579282344,0,1,0.864908005,0.839496648
283,4_blimp_lmc_noaux,-0.585,0.5105,0.5811,0,1,0.8928,0.84
283,5_blimp_omc_aux,-0.0588,0.4176,0.7904,1,1,1.1106,1.0905
283,6_blimp_rescue,0.0154,0.3863,0.7262,1,1,1.1477,1.0567
284,1_lmer_complete,-0.061897294,0.402003474,0.456536655,1,1,1.04567666,1.003352118
284,2_blimp_complete,-0.0766,0.4021,0.4509,1,1,1.0797,1.0036
284,3_lmer_naive,-0.599212374,0.515653385,0.358221054,0,0,0.769833934,0.739060838
284,4_blimp_lmc_noaux,-0.6008,0.5162,0.3447,0,0,0.7904,0.7397
284,5_blimp_omc_aux,-0.1243,0.3937,0.5966,1,1,1.0108,1.0026
284,6_blimp_rescue,-0.0697,0.3602,0.483,1,1,1.0343,0.9721
285,1_lmer_complete,-0.008871063,0.402572294,0.541535353,1,1,1.050437774,1.018757356
285,2_blimp_complete,-0.0243,0.4027,0.5335,1,1,1.0816,1.019
285,3_lmer_naive,-0.558969005,0.54188548,0.351886995,0,0,0.822058157,0.780728526
285,4_blimp_lmc_noaux,-0.5728,0.5422,0.3347,0,0,0.8445,0.7812
285,5_blimp_omc_aux,-0.0076,0.4583,0.6199,0,1,1.1201,1.028
285,6_blimp_rescue,0.0065,0.4206,0.5043,1,1,1.1286,1.0006
286,1_lmer_complete,-0.022187288,0.399267844,0.677121914,1,1,0.887889382,1.035575659
286,2_blimp_complete,-0.0347,0.3993,0.6785,1,1,0.9136,1.0358
286,3_lmer_naive,-0.623331121,0.511031476,0.46828196,0,0,0.636020233,0.812994903
286,4_blimp_lmc_noaux,-0.6248,0.5109,0.4675,0,1,0.6579,0.8137
286,5_blimp_omc_aux,-0.0815,0.4158,0.694,1,1,0.8607,1.0666
286,6_blimp_rescue,-0.018,0.3783,0.6454,1,1,0.8921,1.0304
287,1_lmer_complete,-0.039982785,0.412530255,0.67662476,1,1,1.107962602,0.962325653
287,2_blimp_complete,-0.056,0.4127,0.6694,1,1,1.1394,0.9625
287,3_lmer_naive,-0.567210856,0.510493809,0.511805533,0,1,0.945349554,0.790582061
287,4_blimp_lmc_noaux,-0.5759,0.5104,0.5102,0,1,0.9734,0.791
287,5_blimp_omc_aux,-0.0472,0.4303,0.7253,1,1,1.1556,1.0204
287,6_blimp_rescue,0.0016,0.3937,0.6642,1,1,1.1843,0.9885
288,1_lmer_complete,0.194833374,0.411913775,0.541914054,1,1,0.900655312,0.983296661
288,2_blimp_complete,0.1807,0.412,0.5381,1,1,0.9305,0.9835
288,3_lmer_naive,-0.353392578,0.5421631,0.375351365,0,0,0.672879151,0.724752358
288,4_blimp_lmc_noaux,-0.3585,0.5429,0.3416,0,0,0.6895,0.7251
288,5_blimp_omc_aux,0.1422,0.4533,0.6145,0,1,0.8929,0.9692
288,6_blimp_rescue,0.1634,0.4129,0.4902,1,1,0.8963,0.9377
289,1_lmer_complete,0.166390923,0.410752704,0.615868854,1,1,1.202931292,0.987639759
289,2_blimp_complete,0.1504,0.4109,0.6087,1,1,1.2383,0.9879
289,3_lmer_naive,-0.370351875,0.539772021,0.488609253,0,1,0.968862863,0.763707232
289,4_blimp_lmc_noaux,-0.3798,0.54,0.4826,0,1,0.9977,0.7641
289,5_blimp_omc_aux,0.1053,0.4311,0.6986,1,1,1.1948,1.0322
289,6_blimp_rescue,0.1655,0.3931,0.6542,1,1,1.2311,0.9971
290,1_lmer_complete,-0.050383079,0.381858281,0.640397197,1,1,1.003493514,0.96979974
290,2_blimp_complete,-0.0656,0.382,0.6363,1,1,1.0319,0.97
290,3_lmer_naive,-0.615638014,0.512725047,0.375961131,0,0,0.841656293,0.747420906
290,4_blimp_lmc_noaux,-0.6319,0.5124,0.373,0,0,0.869,0.7479
290,5_blimp_omc_aux,-0.116,0.4015,0.6408,1,1,1.0312,0.9995
290,6_blimp_rescue,-0.0607,0.3702,0.5982,1,1,1.0667,0.9722
291,1_lmer_complete,-0.142308024,0.394348894,0.308728123,1,0,0.696118564,0.994360945
291,2_blimp_complete,-0.1534,0.3945,0.2911,1,0,0.7185,0.9946
291,3_lmer_naive,-0.536919446,0.537448165,0.200860845,0,0,0.631495095,0.770753655
291,4_blimp_lmc_noaux,-0.5452,0.5375,0.1634,0,0,0.6455,0.7711
291,5_blimp_omc_aux,-0.09,0.4101,0.4171,1,0,0.7617,1.0501
291,6_blimp_rescue,-0.1033,0.3839,0.2964,1,0,0.7496,1.0255
292,1_lmer_complete,0.013531049,0.396539798,0.46127482,1,1,1.162693383,0.989315995
292,2_blimp_complete,-0.0026,0.3966,0.4626,1,1,1.1988,0.9895
292,3_lmer_naive,-0.484635547,0.517212773,0.363439375,0,0,0.927428928,0.789849246
292,4_blimp_lmc_noaux,-0.4967,0.5176,0.3452,0,0,0.9532,0.7902
292,5_blimp_omc_aux,-0.0058,0.4377,0.5372,1,1,1.1248,1.012
292,6_blimp_rescue,-0.0188,0.4069,0.4483,1,1,1.118,0.987
293,1_lmer_complete,0.077318541,0.39533265,0.539342396,1,1,0.949542617,0.991869296
293,2_blimp_complete,0.0607,0.3955,0.5164,1,1,0.9802,0.9921
293,3_lmer_naive,-0.401003559,0.513099619,0.443994997,0,1,0.793544727,0.802931764
293,4_blimp_lmc_noaux,-0.4101,0.5135,0.4198,0,1,0.8183,0.8033
293,5_blimp_omc_aux,0.0903,0.4075,0.6338,1,1,0.9666,1.0429
293,6_blimp_rescue,0.1208,0.3804,0.583,1,1,1.0034,1.0161
294,1_lmer_complete,0.02491854,0.422120414,0.538546936,1,1,1.076079037,1.005963403
294,2_blimp_complete,0.01,0.4222,0.5352,1,1,1.1074,1.0062
294,3_lmer_naive,-0.508134919,0.556019416,0.457585853,0,1,0.91792883,0.800632786
294,4_blimp_lmc_noaux,-0.5224,0.5565,0.4447,0,1,0.9439,0.8011
294,5_blimp_omc_aux,0.0358,0.4598,0.638,0,1,1.0839,1.0713
294,6_blimp_rescue,0.024,0.4247,0.57,1,1,1.1027,1.0429
295,1_lmer_complete,-0.075655625,0.405183616,0.648445111,1,1,1.274324856,0.989366497
295,2_blimp_complete,-0.0925,0.4053,0.6281,1,1,1.3125,0.9895
295,3_lmer_naive,-0.566784808,0.527299094,0.505925915,0,1,1.098395337,0.806738197
295,4_blimp_lmc_noaux,-0.5755,0.5274,0.4891,0,1,1.1318,0.8071
295,5_blimp_omc_aux,-0.1501,0.4452,0.7295,0,1,1.2799,1.0295
295,6_blimp_rescue,-0.0673,0.4156,0.68,1,1,1.3128,1.0047
296,1_lmer_complete,-0.124363781,0.39066563,0.352147157,1,0,0.980449326,1.027727202
296,2_blimp_complete,-0.1389,0.3908,0.3522,1,0,1.0076,1.0279
296,3_lmer_naive,-0.602256441,0.537536037,0.285138068,0,0,0.860698662,0.800350086
296,4_blimp_lmc_noaux,-0.619,0.5388,0.2379,0,0,0.8674,0.8007
296,5_blimp_omc_aux,-0.0723,0.4367,0.4721,1,1,1.0586,1.076
296,6_blimp_rescue,-0.0953,0.4059,0.3839,1,0,1.0469,1.0524
297,1_lmer_complete,0.011378164,0.40851132,0.627775458,1,1,0.952941831,0.998008591
297,2_blimp_complete,-0.0039,0.4086,0.6178,1,1,0.9828,0.9982
297,3_lmer_naive,-0.553501463,0.542746707,0.476131232,0,1,0.799964425,0.784301711
297,4_blimp_lmc_noaux,-0.5626,0.5435,0.4532,0,1,0.8242,0.7848
297,5_blimp_omc_aux,-0.0477,0.4523,0.7412,0,1,0.974,1.0217
297,6_blimp_rescue,0.0391,0.4177,0.6914,1,1,1.01,0.9969
298,1_lmer_complete,-0.045563712,0.39435341,0.567612668,1,1,0.984113713,0.996135601
298,2_blimp_complete,-0.0597,0.3945,0.5747,1,1,1.013,0.9964
298,3_lmer_naive,-0.560900703,0.475255098,0.391203025,0,0,0.874869459,0.77913579
298,4_blimp_lmc_noaux,-0.5649,0.4753,0.3851,0,0,0.9023,0.7798
298,5_blimp_omc_aux,-0.0512,0.3788,0.633,1,1,1.0371,1.0225
298,6_blimp_rescue,-0.013,0.3423,0.6393,0,1,1.0912,0.9883
299,1_lmer_complete,-0.012074211,0.41049633,0.652055478,1,1,0.891840272,0.995288247
299,2_blimp_complete,-0.0269,0.4105,0.6525,1,1,0.9182,0.9955
299,3_lmer_naive,-0.565385611,0.573131622,0.436547207,0,0,0.72933688,0.777802218
299,4_blimp_lmc_noaux,-0.5744,0.5738,0.4114,0,0,0.7488,0.7784
299,5_blimp_omc_aux,-0.0498,0.4694,0.6506,0,1,0.924,1.0514
299,6_blimp_rescue,6.00E-04,0.4353,0.63,1,1,0.9526,1.0259
300,1_lmer_complete,0.061888161,0.384394567,0.582885352,1,1,1.013430618,1.00872846
300,2_blimp_complete,0.0464,0.3845,0.5845,1,1,1.0439,1.009
300,3_lmer_naive,-0.473273716,0.496133825,0.336448318,0,0,0.793988466,0.738250032
300,4_blimp_lmc_noaux,-0.47,0.496,0.3318,0,0,0.8144,0.7392
300,5_blimp_omc_aux,0.0196,0.3869,0.6509,1,1,1.0178,1.0001
300,6_blimp_rescue,0.1017,0.3425,0.5289,0,1,1.0479,0.9555
301,1_lmer_complete,-0.076686939,0.418015195,0.524929185,1,1,0.741843333,1.013192779
301,2_blimp_complete,-0.0888,0.4182,0.5183,1,1,0.7653,1.0135
301,3_lmer_naive,-0.552352981,0.565027927,0.357920451,0,0,0.657337644,0.753028846
301,4_blimp_lmc_noaux,-0.5629,0.5649,0.345,0,0,0.6784,0.7535
301,5_blimp_omc_aux,-0.09,0.4612,0.5596,0,1,0.7555,1.0132
301,6_blimp_rescue,-0.0684,0.4354,0.4967,1,1,0.7522,0.9934
302,1_lmer_complete,-0.133999809,0.399588668,0.470277276,1,1,1.098229142,1.040385108
302,2_blimp_complete,-0.1492,0.3997,0.4456,1,1,1.1309,1.0406
302,3_lmer_naive,-0.612308078,0.518476812,0.270465924,0,0,0.909683262,0.787128174
302,4_blimp_lmc_noaux,-0.6096,0.5183,0.2718,0,0,0.9347,0.788
302,5_blimp_omc_aux,-0.1476,0.4147,0.486,1,1,1.1104,1.0427
302,6_blimp_rescue,-0.1188,0.3855,0.436,1,1,1.1491,1.0187
303,1_lmer_complete,0.08465341,0.395893039,0.629118435,1,1,1.18195149,1.030671588
303,2_blimp_complete,0.0671,0.3961,0.6302,1,1,1.2179,1.0309
303,3_lmer_naive,-0.509670945,0.554361858,0.485921545,0,1,0.912063681,0.779892597
303,4_blimp_lmc_noaux,-0.5143,0.5549,0.482,0,1,0.9382,0.7807
303,5_blimp_omc_aux,0.024,0.4558,0.6959,0,1,1.2004,1.0684
303,6_blimp_rescue,0.1165,0.4203,0.6699,1,1,1.2667,1.041
304,1_lmer_complete,0.00311014,0.417665826,0.698831834,1,1,1.2354675,1.034210959
304,2_blimp_complete,-0.018,0.4178,0.7039,1,1,1.2721,1.0345
304,3_lmer_naive,-0.540854786,0.550498642,0.45067091,0,1,0.935443572,0.82612607
304,4_blimp_lmc_noaux,-0.547,0.5508,0.4461,0,1,0.9624,0.8268
304,5_blimp_omc_aux,-0.0275,0.4541,0.7325,0,1,1.1661,1.1202
304,6_blimp_rescue,0.0354,0.4137,0.692,1,1,1.2271,1.0886
305,1_lmer_complete,-0.018389006,0.391290989,0.561017883,1,1,0.919233425,1.009835999
305,2_blimp_complete,-0.0328,0.3914,0.5494,1,1,0.9488,1.0101
305,3_lmer_naive,-0.531668789,0.519725508,0.421617861,0,0,0.819269668,0.799912618
305,4_blimp_lmc_noaux,-0.5401,0.5204,0.4023,0,0,0.8451,0.8004
305,5_blimp_omc_aux,-0.0276,0.4278,0.6398,1,1,0.933,1.0557
305,6_blimp_rescue,0.0255,0.3893,0.5716,1,1,0.9504,1.0209
306,1_lmer_complete,0.100071647,0.403012958,0.494303324,1,1,1.125241683,0.991094083
306,2_blimp_complete,0.0811,0.4031,0.4932,1,1,1.1577,0.9913
306,3_lmer_naive,-0.431991735,0.547713351,0.33290617,0,0,0.897420727,0.759397146
306,4_blimp_lmc_noaux,-0.4448,0.5478,0.3166,0,0,0.9209,0.7599
306,5_blimp_omc_aux,0.0762,0.4627,0.5834,0,1,1.1783,1.0185
306,6_blimp_rescue,0.0884,0.418,0.4384,1,1,1.1845,0.9811
307,1_lmer_complete,-0.056410961,0.402095198,0.730679494,1,1,1.003988167,0.994342124
307,2_blimp_complete,-0.0715,0.4022,0.7258,1,1,1.0325,0.9945
307,3_lmer_naive,-0.610852504,0.531991865,0.525284066,0,1,0.812963641,0.787306021
307,4_blimp_lmc_noaux,-0.6136,0.5322,0.5252,0,1,0.8371,0.7879
307,5_blimp_omc_aux,-0.1175,0.4512,0.7464,0,1,0.986,1.0388
307,6_blimp_rescue,-0.0709,0.4115,0.7282,1,1,1.0349,1.0116
308,1_lmer_complete,-0.063387868,0.382085446,0.591881575,1,1,1.229608804,0.977028328
308,2_blimp_complete,-0.0796,0.3821,0.59,1,1,1.268,0.9772
308,3_lmer_naive,-0.64128725,0.526359644,0.477498093,0,1,0.853469056,0.754660468
308,4_blimp_lmc_noaux,-0.6453,0.527,0.4614,0,1,0.88,0.7551
308,5_blimp_omc_aux,-0.1353,0.4197,0.691,1,1,1.158,1.0055
308,6_blimp_rescue,-0.087,0.3861,0.611,1,1,1.1959,0.9752
309,1_lmer_complete,-0.046443083,0.413118778,0.388849749,1,1,1.16544535,1.032142387
309,2_blimp_complete,-0.0614,0.4132,0.3672,1,1,1.202,1.0323
309,3_lmer_naive,-0.54245124,0.541373944,0.322636805,0,0,1.055170196,0.764949893
309,4_blimp_lmc_noaux,-0.5481,0.5417,0.2836,0,0,1.0859,0.7653
309,5_blimp_omc_aux,-0.0776,0.4306,0.5777,1,1,1.2816,1.0435
309,6_blimp_rescue,-0.0393,0.3931,0.4398,1,1,1.2739,1.0089
310,1_lmer_complete,-0.110501749,0.398234764,0.706920008,1,1,1.116560947,1.045922997
310,2_blimp_complete,-0.1275,0.3983,0.707,1,1,1.1525,1.0462
310,3_lmer_naive,-0.700520033,0.527100449,0.518558708,0,1,0.900043418,0.811903329
310,4_blimp_lmc_noaux,-0.7058,0.5271,0.5132,0,1,0.9322,0.8125
310,5_blimp_omc_aux,-0.1533,0.4355,0.7807,1,0,1.141,1.1194
310,6_blimp_rescue,-0.0572,0.3825,0.7516,1,1,1.1807,1.0744
311,1_lmer_complete,-0.012636404,0.437841178,0.683369898,0,1,0.979728125,1.018090923
311,2_blimp_complete,-0.0295,0.4379,0.6715,0,1,1.0087,1.0183
311,3_lmer_naive,-0.546959571,0.568056953,0.528936867,0,1,0.75278704,0.801644015
311,4_blimp_lmc_noaux,-0.5561,0.5683,0.5152,0,1,0.7767,0.802
311,5_blimp_omc_aux,-0.0258,0.4833,0.7475,0,1,0.9762,1.0472
311,6_blimp_rescue,0.0052,0.4541,0.6727,0,1,1.0137,1.0245
312,1_lmer_complete,-0.107078896,0.388535675,0.678384437,1,1,1.101994818,1.023783569
312,2_blimp_complete,-0.1244,0.3887,0.6676,1,1,1.1349,1.0241
312,3_lmer_naive,-0.674208425,0.536439469,0.507760974,0,1,0.864053987,0.776929183
312,4_blimp_lmc_noaux,-0.6752,0.5372,0.4972,0,1,0.8878,0.7776
312,5_blimp_omc_aux,-0.165,0.4378,0.6992,1,1,1.09,1.0447
312,6_blimp_rescue,-0.1026,0.4032,0.6605,1,1,1.1346,1.0177
313,1_lmer_complete,0.05342838,0.41143161,0.687195521,1,1,1.206002132,1.018596668
313,2_blimp_complete,0.0367,0.4115,0.6687,1,1,1.2451,1.0189
313,3_lmer_naive,-0.508369755,0.556843307,0.534607755,0,1,1.006526122,0.788002015
313,4_blimp_lmc_noaux,-0.5208,0.5568,0.5217,0,1,1.0396,0.7885
313,5_blimp_omc_aux,-0.0047,0.4652,0.7426,0,1,1.2026,1.0613
313,6_blimp_rescue,0.0471,0.4285,0.7226,1,1,1.2255,1.036
314,1_lmer_complete,-0.194961442,0.390196295,0.463902798,1,1,1.003168796,0.951743842
314,2_blimp_complete,-0.2109,0.3904,0.4453,1,1,1.0356,0.9519
314,3_lmer_naive,-0.651389554,0.508062932,0.344689165,0,0,0.769666796,0.769066158
314,4_blimp_lmc_noaux,-0.66,0.5081,0.3246,0,0,0.7934,0.7694
314,5_blimp_omc_aux,-0.2087,0.4168,0.5476,1,1,0.9894,0.9924
314,6_blimp_rescue,-0.1873,0.3858,0.4523,1,1,0.9876,0.9643
315,1_lmer_complete,-0.073841826,0.391934456,0.32584126,1,0,1.165263582,0.996419249
315,2_blimp_complete,-0.0892,0.3921,0.3194,1,0,1.2012,0.9967
315,3_lmer_naive,-0.540293393,0.522027702,0.238659216,0,0,0.994145467,0.774195163
315,4_blimp_lmc_noaux,-0.553,0.5224,0.2118,0,0,1.0178,0.7746
315,5_blimp_omc_aux,-0.0013,0.4138,0.3973,1,1,1.1887,1.0547
315,6_blimp_rescue,-0.0558,0.3839,0.3199,1,0,1.202,1.0278
316,1_lmer_complete,-0.043221132,0.398193071,0.434089989,1,1,1.36089637,1.011397975
316,2_blimp_complete,-0.0587,0.3983,0.4292,1,1,1.402,1.0116
316,3_lmer_naive,-0.542970784,0.517394043,0.363927786,0,0,1.040120008,0.786397802
316,4_blimp_lmc_noaux,-0.5558,0.5177,0.3385,0,0,1.0673,0.7869
316,5_blimp_omc_aux,-0.0652,0.4206,0.5147,1,1,1.3279,1.0115
316,6_blimp_rescue,-0.0978,0.397,0.3838,1,1,1.3057,0.9904
317,1_lmer_complete,-0.078873027,0.402251983,0.640786171,1,1,0.941359423,1.003091328
317,2_blimp_complete,-0.093,0.4023,0.6319,1,1,0.9686,1.0034
317,3_lmer_naive,-0.619828179,0.523554505,0.493135424,0,1,0.752381349,0.750579925
317,4_blimp_lmc_noaux,-0.6274,0.5237,0.4831,0,1,0.7761,0.7511
317,5_blimp_omc_aux,-0.1229,0.4255,0.6885,1,1,0.9774,1.016
317,6_blimp_rescue,-0.0476,0.3924,0.6621,1,1,1.0101,0.9913
318,1_lmer_complete,0.038453878,0.409348721,0.726176379,1,1,0.943724524,0.990210139
318,2_blimp_complete,0.0237,0.4094,0.7251,1,1,0.9706,0.9904
318,3_lmer_naive,-0.55941242,0.545967427,0.544321723,0,1,0.825611491,0.748298253
318,4_blimp_lmc_noaux,-0.5626,0.5458,0.5363,0,1,0.8474,0.7492
318,5_blimp_omc_aux,0.0169,0.4538,0.7512,0,1,0.9932,1.0078
318,6_blimp_rescue,0.069,0.4231,0.7489,1,1,1.0348,0.9824
319,1_lmer_complete,0.054242968,0.391529508,0.475711249,1,1,1.01201644,0.989322268
319,2_blimp_complete,0.0408,0.3917,0.4742,1,1,1.0409,0.9896
319,3_lmer_naive,-0.434941514,0.513350854,0.425894129,0,1,0.944299452,0.747568032
319,4_blimp_lmc_noaux,-0.4493,0.5137,0.4196,0,0,0.9723,0.7479
319,5_blimp_omc_aux,0.0475,0.4118,0.5689,1,1,1.0611,0.9864
319,6_blimp_rescue,0.0757,0.38,0.5383,1,1,1.0677,0.9614
320,1_lmer_complete,0.060857273,0.356109998,0.528779852,0,1,0.724576318,1.01955432
320,2_blimp_complete,0.0486,0.3562,0.529,0,1,0.7465,1.0197
320,3_lmer_naive,-0.459278031,0.49138659,0.359644223,0,0,0.590278747,0.792443251
320,4_blimp_lmc_noaux,-0.4685,0.4916,0.3462,0,0,0.6077,0.7928
320,5_blimp_omc_aux,0.022,0.3719,0.5788,1,1,0.729,1.0452
320,6_blimp_rescue,0.0515,0.3423,0.4884,0,1,0.734,1.012
321,1_lmer_complete,0.290926659,0.408767381,0.571570899,1,1,0.889036043,0.974461684
321,2_blimp_complete,0.2765,0.4089,0.5725,1,1,0.9145,0.9747
321,3_lmer_naive,-0.27127969,0.531031041,0.36199316,0,0,0.754578872,0.721158181
321,4_blimp_lmc_noaux,-0.2864,0.531,0.3558,0,0,0.7775,0.7217
321,5_blimp_omc_aux,0.2813,0.4449,0.5848,0,1,0.9212,0.9562
321,6_blimp_rescue,0.2718,0.403,0.5128,1,1,0.9245,0.9175
322,1_lmer_complete,-0.085351165,0.403664358,0.520682806,1,1,0.787219771,1.009441872
322,2_blimp_complete,-0.0984,0.4038,0.5183,1,1,0.8116,1.0096
322,3_lmer_naive,-0.577579044,0.529462084,0.407930049,0,0,0.625327699,0.834349304
322,4_blimp_lmc_noaux,-0.587,0.5297,0.4095,0,0,0.6445,0.8352
322,5_blimp_omc_aux,-0.0838,0.4342,0.6481,1,1,0.8069,1.1129
322,6_blimp_rescue,-0.0572,0.398,0.6076,1,1,0.8214,1.0825
323,1_lmer_complete,0.193201417,0.407037843,0.50209617,1,1,1.164290665,1.006859186
323,2_blimp_complete,0.1776,0.4072,0.5016,1,1,1.2017,1.0071
323,3_lmer_naive,-0.368317473,0.529804604,0.350875673,0,0,0.928909561,0.754117166
323,4_blimp_lmc_noaux,-0.3741,0.5301,0.3292,0,0,0.9525,0.7547
323,5_blimp_omc_aux,0.1746,0.4125,0.5747,1,1,1.1953,1.0487
323,6_blimp_rescue,0.2381,0.3708,0.4615,1,1,1.2089,1.0078
324,1_lmer_complete,0.009142527,0.4000555,0.511568387,1,1,0.975198822,1.013705797
324,2_blimp_complete,-0.0043,0.4003,0.4864,1,1,1.0052,1.0139
324,3_lmer_naive,-0.471816846,0.550827691,0.407231111,0,0,0.895231974,0.798537643
324,4_blimp_lmc_noaux,-0.4702,0.5518,0.3569,0,0,0.916,0.7989
324,5_blimp_omc_aux,0.0121,0.4515,0.6425,0,1,1.0172,1.0827
324,6_blimp_rescue,0.0617,0.4187,0.5888,1,1,1.0545,1.0591
325,1_lmer_complete,0.052098184,0.402259038,0.60474028,1,1,1.0907843,0.97297657
325,2_blimp_complete,0.0349,0.4023,0.6106,1,1,1.1259,0.9732
325,3_lmer_naive,-0.545837342,0.515582493,0.421106913,0,0,0.916244467,0.780549929
325,4_blimp_lmc_noaux,-0.5573,0.5159,0.4143,0,0,0.9456,0.7811
325,5_blimp_omc_aux,0.032,0.4139,0.6734,1,1,1.057,1.0628
325,6_blimp_rescue,0.0775,0.3784,0.6245,1,1,1.1038,1.035
326,1_lmer_complete,0.129859952,0.387072648,0.740730218,1,1,1.11816722,0.990050001
326,2_blimp_complete,0.1148,0.3872,0.7456,1,1,1.1471,0.9903
326,3_lmer_naive,-0.418917099,0.504301995,0.538158958,0,1,0.923316657,0.807016775
326,4_blimp_lmc_noaux,-0.4183,0.5044,0.5495,0,1,0.9477,0.8079
326,5_blimp_omc_aux,0.1009,0.4142,0.8102,1,0,1.2146,1.0406
326,6_blimp_rescue,0.1681,0.3816,0.806,1,1,1.2897,1.0095
327,1_lmer_complete,0.085436553,0.410600297,0.485699212,1,1,1.031385522,1.015285533
327,2_blimp_complete,0.0698,0.4107,0.4718,1,1,1.0626,1.0155
327,3_lmer_naive,-0.500283315,0.55465198,0.354017697,0,0,0.894676705,0.755558736
327,4_blimp_lmc_noaux,-0.5068,0.5551,0.3412,0,0,0.9163,0.7563
327,5_blimp_omc_aux,0.0947,0.464,0.5539,0,1,1.0643,1.0281
327,6_blimp_rescue,0.0822,0.4257,0.4651,1,1,1.0623,0.999
328,1_lmer_complete,-0.295916249,0.422584979,0.684797877,1,1,1.126839042,0.996148647
328,2_blimp_complete,-0.3117,0.4227,0.6929,1,1,1.1596,0.9963
328,3_lmer_naive,-0.792794312,0.546494545,0.524600175,0,1,1.047588588,0.776557867
328,4_blimp_lmc_noaux,-0.7981,0.547,0.5107,0,1,1.0785,0.7771
328,5_blimp_omc_aux,-0.3457,0.455,0.7929,0,0,1.1503,1.0157
328,6_blimp_rescue,-0.2648,0.4204,0.7651,1,1,1.207,0.9871
329,1_lmer_complete,-0.028519049,0.398732435,0.510865182,1,1,0.905166954,0.964806695
329,2_blimp_complete,-0.0428,0.3988,0.5078,1,1,0.9319,0.9651
329,3_lmer_naive,-0.523986469,0.529291577,0.348838358,0,0,0.696772336,0.781248315
329,4_blimp_lmc_noaux,-0.5298,0.5296,0.3364,0,0,0.714,0.782
329,5_blimp_omc_aux,-0.0386,0.4334,0.5658,1,1,0.9302,1.027
329,6_blimp_rescue,-0.019,0.3936,0.4823,1,1,0.9299,0.9949
330,1_lmer_complete,-0.02441804,0.411854717,0.572350652,1,1,0.853750175,0.984092209
330,2_blimp_complete,-0.0399,0.412,0.566,1,1,0.88,0.9843
330,3_lmer_naive,-0.552706063,0.562373796,0.454243205,0,1,0.727758276,0.728972682
330,4_blimp_lmc_noaux,-0.5589,0.5627,0.4364,0,1,0.7508,0.7294
330,5_blimp_omc_aux,-0.0913,0.46,0.6739,0,1,0.8853,0.9995
330,6_blimp_rescue,-0.0343,0.4272,0.6187,1,1,0.9002,0.9753
331,1_lmer_complete,0.127547606,0.40582348,0.563948918,1,1,0.91395257,0.976653477
331,2_blimp_complete,0.1133,0.406,0.5662,1,1,0.9428,0.9769
331,3_lmer_naive,-0.401346069,0.52252377,0.409556044,0,0,0.733161589,0.756413945
331,4_blimp_lmc_noaux,-0.4138,0.5225,0.4075,0,0,0.757,0.7569
331,5_blimp_omc_aux,0.0905,0.4456,0.623,0,1,0.9109,0.974
331,6_blimp_rescue,0.1091,0.4087,0.5616,1,1,0.9198,0.9421
332,1_lmer_complete,0.047281982,0.404532639,0.668702883,1,1,1.013165969,1.002779056
332,2_blimp_complete,0.0328,0.4047,0.6656,1,1,1.0436,1.003
332,3_lmer_naive,-0.495810032,0.51188157,0.487160673,0,1,0.931567131,0.785076012
332,4_blimp_lmc_noaux,-0.4928,0.5121,0.4933,0,1,0.9576,0.786
332,5_blimp_omc_aux,0.0072,0.4203,0.7403,1,1,1.0886,1.018
332,6_blimp_rescue,0.0784,0.385,0.6999,1,1,1.1161,0.9812
333,1_lmer_complete,0.134276623,0.39539466,0.656275152,1,1,1.030828082,1.024598341
333,2_blimp_complete,0.1165,0.3955,0.6551,1,1,1.0621,1.0248
333,3_lmer_naive,-0.440024121,0.543239342,0.395141928,0,0,0.734707593,0.785884325
333,4_blimp_lmc_noaux,-0.4459,0.5434,0.3856,0,0,0.7552,0.7867
333,5_blimp_omc_aux,0.0621,0.442,0.664,1,1,0.9352,1.0663
333,6_blimp_rescue,0.1266,0.4018,0.6277,1,1,0.9679,1.0345
334,1_lmer_complete,-0.078498771,0.414083329,0.681901046,1,1,0.948224866,0.953611041
334,2_blimp_complete,-0.0952,0.4141,0.6825,1,1,0.9757,0.9538
334,3_lmer_naive,-0.595530808,0.53553348,0.55070575,0,1,0.745020258,0.756620947
334,4_blimp_lmc_noaux,-0.6063,0.5356,0.5491,0,1,0.768,0.757
334,5_blimp_omc_aux,-0.1051,0.4321,0.7965,1,0,0.9716,1.0176
334,6_blimp_rescue,-0.028,0.3968,0.7365,1,1,1.0123,0.9855
335,1_lmer_complete,0.249840808,0.404143072,0.664917631,1,1,0.822570651,1.018300696
335,2_blimp_complete,0.2367,0.4042,0.661,1,1,0.8453,1.0185
335,3_lmer_naive,-0.321242361,0.544125314,0.477779437,0,1,0.596312858,0.761778929
335,4_blimp_lmc_noaux,-0.3238,0.5441,0.4777,0,1,0.6149,0.7624
335,5_blimp_omc_aux,0.1976,0.4374,0.6706,1,1,0.7397,1.0312
335,6_blimp_rescue,0.2342,0.4078,0.6438,1,1,0.7677,1.0063
336,1_lmer_complete,0.102976286,0.396167137,0.616804133,1,1,0.995442447,0.985396821
336,2_blimp_complete,0.0865,0.3963,0.6199,1,1,1.0242,0.9856
336,3_lmer_naive,-0.472634922,0.53442538,0.43223035,0,0,0.809067387,0.746912477
336,4_blimp_lmc_noaux,-0.476,0.5346,0.4287,0,1,0.8332,0.7476
336,5_blimp_omc_aux,0.0385,0.439,0.6416,1,1,0.9553,1.0198
336,6_blimp_rescue,0.0731,0.3991,0.5833,1,1,0.978,0.9879
337,1_lmer_complete,-0.089308858,0.405133619,0.570710282,1,1,1.000012886,0.980248024
337,2_blimp_complete,-0.1043,0.4051,0.5576,1,1,1.031,0.9804
337,3_lmer_naive,-0.600534624,0.544478748,0.458267612,0,1,0.831699691,0.740753558
337,4_blimp_lmc_noaux,-0.605,0.5448,0.4489,0,0,0.8546,0.7414
337,5_blimp_omc_aux,-0.086,0.4512,0.6777,0,1,1.0247,0.9924
337,6_blimp_rescue,-0.0383,0.4186,0.6689,1,1,1.0567,0.9687
338,1_lmer_complete,-0.041955599,0.380727746,0.688023236,1,1,0.95372094,0.993342193
338,2_blimp_complete,-0.0538,0.3808,0.6932,1,1,0.9813,0.9936
338,3_lmer_naive,-0.662445176,0.51574366,0.452184211,0,1,0.742327465,0.749887771
338,4_blimp_lmc_noaux,-0.6752,0.5163,0.4393,0,1,0.7657,0.7503
338,5_blimp_omc_aux,-0.1004,0.4082,0.7253,1,1,0.921,1.0246
338,6_blimp_rescue,-0.0245,0.3714,0.6783,1,1,0.9853,0.9942
339,1_lmer_complete,-0.112189611,0.387247178,0.715466299,1,1,0.938147438,1.041034986
339,2_blimp_complete,-0.1272,0.3873,0.7227,1,1,0.9628,1.0412
339,3_lmer_naive,-0.679566475,0.534375004,0.541185142,0,1,0.799158862,0.79776091
339,4_blimp_lmc_noaux,-0.6909,0.5348,0.538,0,1,0.8221,0.7981
339,5_blimp_omc_aux,-0.1612,0.4277,0.7754,1,0,0.9586,1.0855
339,6_blimp_rescue,-0.106,0.3923,0.7392,1,1,0.9957,1.0547
340,1_lmer_complete,0.056214999,0.395206312,0.683829083,1,1,1.020082543,1.010595482
340,2_blimp_complete,0.0405,0.3953,0.679,1,1,1.0494,1.0108
340,3_lmer_naive,-0.518491068,0.509303967,0.492727775,0,1,0.858741809,0.771450041
340,4_blimp_lmc_noaux,-0.5282,0.5091,0.5071,0,1,0.8828,0.7721
340,5_blimp_omc_aux,-0.0233,0.4055,0.7083,1,1,1.0654,1.0155
340,6_blimp_rescue,0.0428,0.3802,0.6499,1,1,1.1229,0.9913
341,1_lmer_complete,0.122714828,0.399602221,0.63801116,1,1,1.230986569,1.011213667
341,2_blimp_complete,0.105,0.3998,0.6526,1,1,1.2692,1.0115
341,3_lmer_naive,-0.417745171,0.566329008,0.396994351,0,0,0.909082116,0.765758762
341,4_blimp_lmc_noaux,-0.414,0.5671,0.3497,0,0,0.9324,0.7664
341,5_blimp_omc_aux,0.0607,0.4566,0.6367,0,1,1.1724,1.0481
341,6_blimp_rescue,0.1085,0.4268,0.5684,1,1,1.2319,1.0267
342,1_lmer_complete,0.107638746,0.422389715,0.425439943,1,0,0.958430206,0.983159924
342,2_blimp_complete,0.0923,0.4225,0.4227,1,0,0.987,0.9834
342,3_lmer_naive,-0.433807935,0.541883986,0.349589248,0,0,0.829478669,0.740924884
342,4_blimp_lmc_noaux,-0.4347,0.5426,0.3267,0,0,0.8473,0.7415
342,5_blimp_omc_aux,0.0967,0.4559,0.5545,0,1,1.055,0.9906
342,6_blimp_rescue,0.1274,0.4225,0.4758,1,1,1.079,0.9633
343,1_lmer_complete,-0.016176195,0.415300882,0.529931169,1,1,1.154471604,1.004962434
343,2_blimp_complete,-0.0321,0.4154,0.5156,1,1,1.189,1.0052
343,3_lmer_naive,-0.552952712,0.580511966,0.380744367,0,0,0.958585813,0.735712237
343,4_blimp_lmc_noaux,-0.5603,0.5806,0.3598,0,0,0.9861,0.7362
343,5_blimp_omc_aux,-0.0225,0.4892,0.5605,0,1,1.1482,1.0128
343,6_blimp_rescue,-0.0336,0.4535,0.5123,0,1,1.1513,0.9836
344,1_lmer_complete,-0.003403162,0.427310335,0.638921269,1,1,0.992701551,1.018728894
344,2_blimp_complete,-0.0181,0.4274,0.6335,1,1,1.0213,1.019
344,3_lmer_naive,-0.504394014,0.542145589,0.454823335,0,0,0.855080157,0.827622252
344,4_blimp_lmc_noaux,-0.5116,0.5426,0.4526,0,1,0.8793,0.8283
344,5_blimp_omc_aux,-0.0036,0.4735,0.7097,0,1,1.0443,1.0572
344,6_blimp_rescue,0.0504,0.439,0.6812,1,1,1.0732,1.0323
345,1_lmer_complete,0.053606946,0.409565535,0.439755783,1,1,1.119049022,1.009431872
345,2_blimp_complete,0.0385,0.4096,0.4413,1,1,1.1547,1.0096
345,3_lmer_naive,-0.439458492,0.548240592,0.262959434,0,0,0.913145576,0.790264519
345,4_blimp_lmc_noaux,-0.4485,0.5491,0.2284,0,0,0.9264,0.7908
345,5_blimp_omc_aux,0.1037,0.4523,0.4769,0,1,1.1419,1.0426
345,6_blimp_rescue,0.0808,0.4217,0.4116,1,1,1.1755,1.0182
346,1_lmer_complete,0.183437264,0.409224182,0.456380264,1,1,1.1097442,1.014693073
346,2_blimp_complete,0.1669,0.4094,0.4417,1,1,1.1446,1.0149
346,3_lmer_naive,-0.337625577,0.551779778,0.345733908,0,0,0.908834042,0.778872946
346,4_blimp_lmc_noaux,-0.3541,0.5517,0.3268,0,0,0.937,0.7793
346,5_blimp_omc_aux,0.2011,0.4441,0.5759,0,1,1.1464,1.0531
346,6_blimp_rescue,0.1912,0.4115,0.4838,1,1,1.1615,1.0268
347,1_lmer_complete,-0.004295849,0.374759361,0.616019786,1,1,0.876530086,1.002672
347,2_blimp_complete,-0.0184,0.3749,0.6021,1,1,0.9034,1.0029
347,3_lmer_naive,-0.574987332,0.529555704,0.446453738,0,1,0.738330732,0.750808365
347,4_blimp_lmc_noaux,-0.5783,0.5297,0.428,0,0,0.7602,0.7512
347,5_blimp_omc_aux,-0.0769,0.4264,0.6632,1,1,0.8802,1.0167
347,6_blimp_rescue,-0.0461,0.3865,0.6028,1,1,0.891,0.9841
348,1_lmer_complete,0.072168696,0.405549796,0.683223105,1,1,1.162285019,1.002475949
348,2_blimp_complete,0.0569,0.4057,0.6866,1,1,1.1998,1.0026
348,3_lmer_naive,-0.463685089,0.513869295,0.45826148,0,1,0.7767657,0.80712509
348,4_blimp_lmc_noaux,-0.4657,0.5156,0.4076,0,0,0.7917,0.8077
348,5_blimp_omc_aux,0.0023,0.4253,0.7312,1,1,1.0198,1.0421
348,6_blimp_rescue,0.0871,0.3938,0.6595,1,1,1.1095,1.0124
349,1_lmer_complete,0.093739343,0.388989359,0.576355951,1,1,1.071118747,1.003407242
349,2_blimp_complete,0.0775,0.3891,0.5721,1,1,1.1013,1.0036
349,3_lmer_naive,-0.373769575,0.519622914,0.427721084,0,1,0.93755472,0.794229378
349,4_blimp_lmc_noaux,-0.3873,0.5199,0.4101,0,1,0.9636,0.7946
349,5_blimp_omc_aux,0.084,0.4164,0.671,1,1,1.1248,1.0491
349,6_blimp_rescue,0.1363,0.3899,0.6454,1,1,1.1535,1.0265
350,1_lmer_complete,0.064529163,0.414050579,0.618310788,1,1,1.018038363,0.995730379
350,2_blimp_complete,0.0492,0.4141,0.619,1,1,1.0504,0.9959
350,3_lmer_naive,-0.472683125,0.562461172,0.46050969,0,1,0.852679806,0.736068036
350,4_blimp_lmc_noaux,-0.4844,0.5627,0.4511,0,1,0.8815,0.7366
350,5_blimp_omc_aux,0.0162,0.4494,0.6768,0,1,1.0698,1.0098
350,6_blimp_rescue,0.0964,0.4169,0.6441,1,1,1.1188,0.9891
351,1_lmer_complete,-0.013561102,0.400084979,0.656385013,1,1,0.973668315,1.031512628
351,2_blimp_complete,-0.0284,0.4002,0.6499,1,1,1.0014,1.0317
351,3_lmer_naive,-0.593535948,0.541955385,0.545948305,0,1,0.760012598,0.801441659
351,4_blimp_lmc_noaux,-0.5982,0.5423,0.5376,0,1,0.7832,0.802
351,5_blimp_omc_aux,-0.0607,0.4379,0.7554,1,1,0.974,1.0789
351,6_blimp_rescue,0.0245,0.4024,0.6866,1,1,1.007,1.0484
352,1_lmer_complete,0.010017079,0.370675349,0.578147461,0,1,1.090845606,1.008784082
352,2_blimp_complete,-0.0057,0.3708,0.5682,0,1,1.1228,1.009
352,3_lmer_naive,-0.506034878,0.539576098,0.436376604,0,0,1.050211061,0.790004486
352,4_blimp_lmc_noaux,-0.5197,0.5394,0.4316,0,1,1.085,0.7905
352,5_blimp_omc_aux,0.0062,0.4392,0.6222,1,1,1.1264,1.0772
352,6_blimp_rescue,0.0328,0.405,0.6059,1,1,1.1469,1.0503
353,1_lmer_complete,0.007593304,0.389839402,0.634501522,1,1,0.784521349,0.971276473
353,2_blimp_complete,-0.007,0.39,0.6361,1,1,0.807,0.9716
353,3_lmer_naive,-0.500491003,0.531417677,0.51594854,0,1,0.605818265,0.74645723
353,4_blimp_lmc_noaux,-0.5085,0.5317,0.5105,0,1,0.6242,0.747
353,5_blimp_omc_aux,-0.0777,0.4337,0.7119,1,1,0.7743,0.9732
353,6_blimp_rescue,-0.0094,0.4048,0.6407,1,1,0.8021,0.9489
354,1_lmer_complete,0.050398766,0.421812283,0.777396015,1,1,1.014716247,0.979502873
354,2_blimp_complete,0.0347,0.4219,0.7745,1,1,1.0449,0.9797
354,3_lmer_naive,-0.52381085,0.554955691,0.601698017,0,1,0.825818845,0.78397565
354,4_blimp_lmc_noaux,-0.5351,0.555,0.6062,0,1,0.8517,0.7843
354,5_blimp_omc_aux,-0.0257,0.4592,0.8323,0,0,1.0066,1.0354
354,6_blimp_rescue,0.0879,0.4291,0.8498,1,0,1.0637,1.0132
355,1_lmer_complete,-0.030844817,0.397657884,0.608131944,1,1,0.897168323,0.963884776
355,2_blimp_complete,-0.047,0.3977,0.6095,1,1,0.9261,0.9641
355,3_lmer_naive,-0.544771452,0.521635905,0.447366701,0,0,0.682674181,0.728419907
355,4_blimp_lmc_noaux,-0.5537,0.5221,0.4355,0,0,0.7052,0.7289
355,5_blimp_omc_aux,-0.1045,0.4241,0.6793,1,1,0.8885,0.9543
355,6_blimp_rescue,-0.0529,0.3887,0.6094,1,1,0.916,0.9197
356,1_lmer_complete,0.045014437,0.399965107,0.740854591,1,1,1.263555789,0.981431128
356,2_blimp_complete,0.0279,0.4001,0.7423,1,1,1.2995,0.9817
356,3_lmer_naive,-0.513915499,0.518514822,0.505099364,0,1,1.034552502,0.822683534
356,4_blimp_lmc_noaux,-0.5169,0.5188,0.507,0,1,1.0675,0.8234
356,5_blimp_omc_aux,-0.0016,0.4392,0.7964,1,0,1.2622,1.0671
356,6_blimp_rescue,0.0776,0.4053,0.7797,1,1,1.3369,1.0428
357,1_lmer_complete,0.134617192,0.390013172,0.622299682,1,1,1.113348963,0.997919585
357,2_blimp_complete,0.1199,0.3901,0.6205,1,1,1.1451,0.9981
357,3_lmer_naive,-0.428310332,0.541606936,0.49387608,0,1,0.923315096,0.743438326
357,4_blimp_lmc_noaux,-0.4407,0.542,0.4826,0,1,0.9501,0.744
357,5_blimp_omc_aux,0.0946,0.4341,0.7055,1,1,1.1129,1.0103
357,6_blimp_rescue,0.1182,0.3973,0.6572,1,1,1.1355,0.9789
358,1_lmer_complete,0.001642947,0.423669248,0.562958941,1,1,0.825792615,1.029237155
358,2_blimp_complete,-0.012,0.4237,0.5525,1,1,0.8521,1.0295
358,3_lmer_naive,-0.526020188,0.53970838,0.411851673,0,0,0.637507233,0.820977335
358,4_blimp_lmc_noaux,-0.5354,0.5399,0.3967,0,0,0.6582,0.8214
358,5_blimp_omc_aux,-0.0059,0.4398,0.6342,1,1,0.8441,1.1007
358,6_blimp_rescue,0.0123,0.3976,0.5624,1,1,0.8587,1.0627
359,1_lmer_complete,0.003089606,0.392209667,0.654537428,1,1,0.843837277,0.998965795
359,2_blimp_complete,-0.0104,0.3923,0.6483,1,1,0.8689,0.9992
359,3_lmer_naive,-0.513107058,0.547342701,0.50359509,0,1,0.697819729,0.790610063
359,4_blimp_lmc_noaux,-0.5217,0.5477,0.4952,0,1,0.7196,0.7912
359,5_blimp_omc_aux,-0.036,0.4526,0.7049,0,1,0.8676,1.0463
359,6_blimp_rescue,-0.0064,0.4189,0.6599,1,1,0.8776,1.0191
360,1_lmer_complete,0.037686002,0.386974919,0.462983056,1,1,1.220709927,0.989780382
360,2_blimp_complete,0.0192,0.387,0.4363,1,1,1.2575,0.99
360,3_lmer_naive,-0.468009321,0.523564344,0.376361472,0,0,1.021580768,0.751395061
360,4_blimp_lmc_noaux,-0.4743,0.5239,0.3322,0,0,1.0478,0.7519
360,5_blimp_omc_aux,0.0254,0.4113,0.5481,1,1,1.2484,0.998
360,6_blimp_rescue,0.042,0.3818,0.4762,1,1,1.2697,0.9691
361,1_lmer_complete,0.015695919,0.424215793,0.521174908,1,1,0.695444405,0.999167976
361,2_blimp_complete,0.0037,0.4243,0.5204,1,1,0.7168,0.9994
361,3_lmer_naive,-0.465124663,0.537937914,0.368946937,0,0,0.624204784,0.76217775
361,4_blimp_lmc_noaux,-0.4732,0.5384,0.3523,0,0,0.6407,0.7627
361,5_blimp_omc_aux,0.0066,0.4221,0.5739,1,1,0.7315,1.0402
361,6_blimp_rescue,0.0592,0.3928,0.549,1,1,0.7596,1.018
362,1_lmer_complete,0.016303143,0.378172368,0.548453891,1,1,1.305989294,1.026802651
362,2_blimp_complete,-4.00E-04,0.3783,0.5423,1,1,1.3417,1.027
362,3_lmer_naive,-0.591487749,0.498181886,0.40305285,0,0,1.055350054,0.802206007
362,4_blimp_lmc_noaux,-0.5944,0.4989,0.3918,0,0,1.083,0.8029
362,5_blimp_omc_aux,0.0109,0.3985,0.6487,1,1,1.3286,1.1
362,6_blimp_rescue,0.0718,0.3528,0.5827,0,1,1.3588,1.0613
363,1_lmer_complete,0.080504032,0.403343094,0.767625526,1,1,1.140720388,0.993633372
363,2_blimp_complete,0.0659,0.4034,0.7617,1,1,1.1715,0.9939
363,3_lmer_naive,-0.50096743,0.502519908,0.570385937,0,1,0.892318666,0.793120456
363,4_blimp_lmc_noaux,-0.5049,0.5023,0.5832,0,1,0.9181,0.7936
363,5_blimp_omc_aux,0.0271,0.4174,0.8155,1,0,1.1777,1.0376
363,6_blimp_rescue,0.1353,0.3734,0.7719,1,1,1.2302,1.0011
364,1_lmer_complete,0.08153177,0.397018416,0.61209879,1,1,0.978419783,0.978624438
364,2_blimp_complete,0.0662,0.3971,0.6014,1,1,1.0079,0.9789
364,3_lmer_naive,-0.439252166,0.524428386,0.466848515,0,1,0.831888596,0.770892596
364,4_blimp_lmc_noaux,-0.4497,0.5242,0.4658,0,1,0.86,0.7714
364,5_blimp_omc_aux,0.0649,0.4291,0.6573,1,1,1.0179,1.0331
364,6_blimp_rescue,0.1302,0.3917,0.6398,1,1,1.0503,1.0041
365,1_lmer_complete,0.130667663,0.3999153,0.730903639,1,1,1.235570456,1.000444169
365,2_blimp_complete,0.1142,0.4,0.6988,1,1,1.2755,1.0007
365,3_lmer_naive,-0.487353832,0.543284995,0.533804154,0,1,0.955196393,0.746947367
365,4_blimp_lmc_noaux,-0.4884,0.5439,0.5277,0,1,0.983,0.7477
365,5_blimp_omc_aux,0.0468,0.4467,0.7866,0,1,1.1907,1.0107
365,6_blimp_rescue,0.1197,0.4082,0.7415,1,1,1.2451,0.9786
366,1_lmer_complete,-0.067989538,0.390631118,0.420792874,1,0,0.886608234,1.043100309
366,2_blimp_complete,-0.0811,0.3908,0.4069,1,0,0.9146,1.0433
366,3_lmer_naive,-0.539303517,0.543650766,0.252087072,0,0,0.807123872,0.782144339
366,4_blimp_lmc_noaux,-0.5454,0.5441,0.2148,0,0,0.8215,0.7826
366,5_blimp_omc_aux,-0.0356,0.4391,0.4731,1,1,0.9182,1.0788
366,6_blimp_rescue,-0.0376,0.4064,0.4181,1,1,0.9185,1.0495
367,1_lmer_complete,0.018026108,0.390393836,0.506382094,1,1,0.873646214,1.03296631
367,2_blimp_complete,0.0044,0.3905,0.4977,1,1,0.8999,1.0331
367,3_lmer_naive,-0.518299008,0.532438549,0.344982302,0,0,0.787604831,0.790351392
367,4_blimp_lmc_noaux,-0.5333,0.5323,0.3314,0,0,0.8106,0.7908
367,5_blimp_omc_aux,0.023,0.4336,0.5744,1,1,0.9104,1.0675
367,6_blimp_rescue,0.0278,0.3948,0.5193,1,1,0.9177,1.0372
368,1_lmer_complete,0.056132762,0.407614149,0.707200265,1,1,0.972852201,1.016133427
368,2_blimp_complete,0.0407,0.4078,0.6991,1,1,1.001,1.0164
368,3_lmer_naive,-0.573196353,0.555142549,0.557697642,0,1,0.766541804,0.769486966
368,4_blimp_lmc_noaux,-0.5713,0.5551,0.5661,0,1,0.7871,0.7704
368,5_blimp_omc_aux,0.043,0.4632,0.7822,0,0,0.9977,1.0508
368,6_blimp_rescue,0.1022,0.4149,0.8035,1,1,1.0275,1.0107
369,1_lmer_complete,-0.100469591,0.390110211,0.513285323,1,1,0.932801203,1.027432299
369,2_blimp_complete,-0.1149,0.3903,0.4964,1,1,0.961,1.0277
369,3_lmer_naive,-0.58878953,0.52352597,0.34461751,0,0,0.688362902,0.798330085
369,4_blimp_lmc_noaux,-0.5951,0.5238,0.3227,0,0,0.7083,0.7987
369,5_blimp_omc_aux,-0.1235,0.4344,0.5824,1,1,0.9207,1.0644
369,6_blimp_rescue,-0.1045,0.3913,0.4707,1,1,0.9176,1.0272
370,1_lmer_complete,0.201259939,0.369332586,0.644340214,0,1,0.93321764,1.003287917
370,2_blimp_complete,0.1862,0.3695,0.6439,0,1,0.9613,1.0035
370,3_lmer_naive,-0.358912426,0.523178154,0.508883914,0,1,0.872962065,0.783101666
370,4_blimp_lmc_noaux,-0.3653,0.5234,0.5067,0,1,0.9001,0.7839
370,5_blimp_omc_aux,0.1774,0.417,0.7295,1,1,0.9826,1.0515
370,6_blimp_rescue,0.2619,0.3791,0.7135,1,1,1.025,1.0191
371,1_lmer_complete,0.197990506,0.412566914,0.642503472,1,1,0.879316394,0.982162172
371,2_blimp_complete,0.1827,0.4127,0.6471,1,1,0.9038,0.9825
371,3_lmer_naive,-0.406446537,0.553127187,0.505372944,0,1,0.727339902,0.769809617
371,4_blimp_lmc_noaux,-0.4149,0.5537,0.4917,0,1,0.7492,0.7703
371,5_blimp_omc_aux,0.1638,0.4732,0.7323,0,1,0.8822,1.0243
371,6_blimp_rescue,0.2046,0.4344,0.6679,1,1,0.9253,0.9919
372,1_lmer_complete,-0.047580302,0.386630602,0.543203947,1,1,1.28698244,1.013873284
372,2_blimp_complete,-0.0635,0.3867,0.5606,1,1,1.3229,1.0141
372,3_lmer_naive,-0.555299005,0.538023326,0.42441908,0,1,0.989161711,0.790835342
372,4_blimp_lmc_noaux,-0.5502,0.5381,0.435,0,0,1.0145,0.7917
372,5_blimp_omc_aux,-0.0401,0.44,0.6257,1,1,1.3533,1.0607
372,6_blimp_rescue,0.0126,0.4016,0.5645,1,1,1.4308,1.0304
373,1_lmer_complete,-0.076624748,0.398514338,0.553351623,1,1,0.827386887,0.995070987
373,2_blimp_complete,-0.09,0.3986,0.5501,1,1,0.8514,0.9954
373,3_lmer_naive,-0.600879259,0.510343504,0.421429621,0,0,0.662073776,0.781433844
373,4_blimp_lmc_noaux,-0.6095,0.5107,0.4113,0,0,0.6822,0.7819
373,5_blimp_omc_aux,-0.082,0.4057,0.6249,1,1,0.8311,1.052
373,6_blimp_rescue,-0.0395,0.3692,0.566,1,1,0.8445,1.0202
374,1_lmer_complete,0.011425546,0.388618573,0.718267302,1,1,0.855941997,0.999547145
374,2_blimp_complete,-0.0027,0.3888,0.7124,1,1,0.8822,0.9998
374,3_lmer_naive,-0.508732733,0.525458346,0.518483031,0,1,0.791285407,0.781196741
374,4_blimp_lmc_noaux,-0.5134,0.526,0.5025,0,1,0.8172,0.7815
374,5_blimp_omc_aux,-0.0528,0.4233,0.7696,1,0,0.8649,1.0534
374,6_blimp_rescue,0.0305,0.3858,0.725,1,1,0.903,1.0178
375,1_lmer_complete,0.022072761,0.391824856,0.613449327,1,1,1.100252141,0.999460482
375,2_blimp_complete,0.0061,0.392,0.6139,1,1,1.1337,0.9997
375,3_lmer_naive,-0.479141432,0.507522917,0.466192738,0,1,0.907590977,0.800070796
375,4_blimp_lmc_noaux,-0.4847,0.508,0.4695,0,1,0.9331,0.8008
375,5_blimp_omc_aux,0.0081,0.4166,0.6327,1,1,1.0973,1.0489
375,6_blimp_rescue,0.0571,0.3832,0.6171,1,1,1.1157,1.02
376,1_lmer_complete,0.033744789,0.392989392,0.636612337,1,1,1.048977344,0.994963371
376,2_blimp_complete,0.0197,0.3931,0.6302,1,1,1.079,0.9952
376,3_lmer_naive,-0.482443798,0.524159942,0.505273598,0,1,0.785056986,0.78407892
376,4_blimp_lmc_noaux,-0.4869,0.5244,0.5089,0,1,0.808,0.7848
376,5_blimp_omc_aux,0.0101,0.4314,0.7192,1,1,1.0858,1.022
376,6_blimp_rescue,0.0721,0.3972,0.645,1,1,1.1059,0.9906
377,1_lmer_complete,0.085333851,0.413990751,0.685690455,1,1,1.049602879,1.018406076
377,2_blimp_complete,0.0693,0.4141,0.6859,1,1,1.0808,1.0187
377,3_lmer_naive,-0.494367,0.556825383,0.45552045,0,1,0.809304107,0.765681875
377,4_blimp_lmc_noaux,-0.498,0.5574,0.4394,0,1,0.8314,0.7663
377,5_blimp_omc_aux,0.0241,0.4513,0.7189,0,1,1.0495,1.0415
377,6_blimp_rescue,0.0801,0.4059,0.641,1,1,1.0793,0.9999
378,1_lmer_complete,0.000222976,0.373258499,0.486517292,1,1,1.20919173,1.014173786
378,2_blimp_complete,-0.0158,0.3733,0.4826,1,1,1.2469,1.0144
378,3_lmer_naive,-0.507147342,0.517283595,0.342861161,0,0,0.986052107,0.783413599
378,4_blimp_lmc_noaux,-0.5178,0.5179,0.317,0,0,1.0122,0.7838
378,5_blimp_omc_aux,0.0102,0.4039,0.5747,1,1,1.2448,1.0819
378,6_blimp_rescue,0.0201,0.3718,0.5174,1,1,1.2657,1.0529
379,1_lmer_complete,0.119130837,0.388431895,0.497305235,1,1,1.000468295,1.005711871
379,2_blimp_complete,0.1038,0.3885,0.4891,1,1,1.0313,1.0059
379,3_lmer_naive,-0.447105343,0.514685999,0.312085701,0,0,0.769440202,0.787165071
379,4_blimp_lmc_noaux,-0.4611,0.5156,0.2744,0,0,0.7851,0.7874
379,5_blimp_omc_aux,0.1072,0.4091,0.5456,1,1,1.0216,1.0449
379,6_blimp_rescue,0.1234,0.3662,0.4614,1,1,1.0378,1.0038
380,1_lmer_complete,0.038331688,0.384006313,0.713187479,1,1,1.027661228,1.017383588
380,2_blimp_complete,0.023,0.3841,0.7174,1,1,1.0555,1.0176
380,3_lmer_naive,-0.543218682,0.528689357,0.532776646,0,1,0.908565741,0.785553626
380,4_blimp_lmc_noaux,-0.556,0.5286,0.5379,0,1,0.9371,0.7861
380,5_blimp_omc_aux,-0.0153,0.4291,0.7701,1,1,1.0323,1.062
380,6_blimp_rescue,0.0623,0.3914,0.7423,1,1,1.0654,1.0338
381,1_lmer_complete,-0.097112515,0.400210883,0.720161405,1,1,0.919334053,0.975054989
381,2_blimp_complete,-0.1118,0.4003,0.7293,1,1,0.9456,0.9753
381,3_lmer_naive,-0.664476207,0.510206411,0.507511844,0,1,0.695011238,0.770151765
381,4_blimp_lmc_noaux,-0.6604,0.5103,0.5052,0,1,0.714,0.771
381,5_blimp_omc_aux,-0.1841,0.4276,0.7738,1,0,0.9009,0.9969
381,6_blimp_rescue,-0.1082,0.3886,0.7466,1,1,0.9323,0.9647
382,1_lmer_complete,0.028159624,0.391774679,0.784907061,1,0,0.973746531,1.007919824
382,2_blimp_complete,0.0111,0.3919,0.7955,1,1,1.0017,1.0081
382,3_lmer_naive,-0.530621935,0.533532179,0.531608939,0,1,0.80649703,0.765609359
382,4_blimp_lmc_noaux,-0.5396,0.5337,0.5332,0,1,0.8329,0.766
382,5_blimp_omc_aux,-0.0379,0.4326,0.7967,1,0,0.987,1.041
382,6_blimp_rescue,0.041,0.3945,0.7612,1,1,1.038,1.008
383,1_lmer_complete,-0.04923493,0.417740024,0.589825334,1,1,1.180242042,0.995829166
383,2_blimp_complete,-0.0656,0.4179,0.5808,1,1,1.2169,0.9961
383,3_lmer_naive,-0.571516348,0.553102644,0.447223874,0,1,0.924205133,0.775617629
383,4_blimp_lmc_noaux,-0.5832,0.5535,0.428,0,1,0.9512,0.776
383,5_blimp_omc_aux,-0.083,0.4656,0.6513,0,1,1.217,1.0123
383,6_blimp_rescue,-0.0418,0.4284,0.5604,1,1,1.2421,0.9813
384,1_lmer_complete,0.072884433,0.410208676,0.535871973,1,1,0.903842423,0.995987374
384,2_blimp_complete,0.0584,0.4103,0.529,1,1,0.9297,0.9963
384,3_lmer_naive,-0.451443931,0.518679253,0.357555156,0,0,0.750404498,0.807350225
384,4_blimp_lmc_noaux,-0.4546,0.5187,0.3586,0,0,0.771,0.8083
384,5_blimp_omc_aux,0.0977,0.4356,0.5982,1,1,0.9557,1.0457
384,6_blimp_rescue,0.0728,0.4056,0.5315,1,1,0.966,1.0195
385,1_lmer_complete,0.053158071,0.39825346,0.322030202,1,0,0.795977922,0.972988079
385,2_blimp_complete,0.0388,0.3985,0.2999,1,0,0.8184,0.9732
385,3_lmer_naive,-0.38920071,0.537801522,0.223558116,0,0,0.789703265,0.724838268
385,4_blimp_lmc_noaux,-0.3997,0.5382,0.1935,0,0,0.8069,0.7253
385,5_blimp_omc_aux,0.1133,0.4295,0.3935,1,0,0.914,0.9797
385,6_blimp_rescue,0.0611,0.396,0.3105,1,0,0.8951,0.9544
386,1_lmer_complete,0.015214087,0.373050318,0.577516908,1,1,1.05503632,0.985874144
386,2_blimp_complete,-3.00E-04,0.3731,0.5639,1,1,1.0899,0.986
386,3_lmer_naive,-0.517392033,0.520367121,0.463730836,0,1,0.756542062,0.763341129
386,4_blimp_lmc_noaux,-0.5241,0.5206,0.4489,0,1,0.7803,0.7638
386,5_blimp_omc_aux,-0.0504,0.4173,0.6905,1,1,1.0347,1.0313
386,6_blimp_rescue,0.0253,0.3819,0.5899,1,1,1.063,1.002
387,1_lmer_complete,-0.066796511,0.402433354,0.612835066,1,1,0.889871709,0.996041271
387,2_blimp_complete,-0.0809,0.4025,0.6003,1,1,0.9157,0.9963
387,3_lmer_naive,-0.549424494,0.544107943,0.455684438,0,1,0.771715092,0.777422285
387,4_blimp_lmc_noaux,-0.5597,0.5447,0.4322,0,0,0.7946,0.7778
387,5_blimp_omc_aux,-0.0889,0.4425,0.6606,0,1,0.9004,1.0313
387,6_blimp_rescue,-0.0457,0.4125,0.6029,1,1,0.9203,1.0046
388,1_lmer_complete,0.105445119,0.40598505,0.584382786,1,1,1.27968539,1.020149264
388,2_blimp_complete,0.0902,0.4061,0.5745,1,1,1.3175,1.0204
388,3_lmer_naive,-0.464763494,0.570686098,0.490072062,0,1,0.984477204,0.790313293
388,4_blimp_lmc_noaux,-0.4662,0.5718,0.4732,0,1,1.0099,0.791
388,5_blimp_omc_aux,0.0486,0.4819,0.7191,0,1,1.3439,1.0594
388,6_blimp_rescue,0.0968,0.4465,0.6496,0,1,1.3783,1.0347
389,1_lmer_complete,-0.22997477,0.388699612,0.438006933,1,1,0.82812773,0.99491661
389,2_blimp_complete,-0.2431,0.3888,0.4273,1,1,0.8528,0.9952
389,3_lmer_naive,-0.68888442,0.523253425,0.348870197,0,0,0.756761755,0.782645996
389,4_blimp_lmc_noaux,-0.7004,0.5233,0.335,0,0,0.7793,0.783
389,5_blimp_omc_aux,-0.2201,0.4268,0.5081,1,1,0.8507,1.0257
389,6_blimp_rescue,-0.226,0.4027,0.4417,1,1,0.8548,1.0047
390,1_lmer_complete,-0.055344836,0.38212156,0.746790171,1,1,1.030744945,0.97334069
390,2_blimp_complete,-0.0736,0.3822,0.7514,1,1,1.0579,0.9736
390,3_lmer_naive,-0.658959564,0.529059009,0.603383616,0,1,0.889812413,0.703298469
390,4_blimp_lmc_noaux,-0.6689,0.5294,0.625,0,1,0.917,0.704
390,5_blimp_omc_aux,-0.154,0.4195,0.7877,1,1,1.0414,0.9663
390,6_blimp_rescue,-0.0449,0.384,0.7526,1,1,1.0903,0.9344
391,1_lmer_complete,-0.026535173,0.415841528,0.507079182,1,1,1.064518075,0.976648693
391,2_blimp_complete,-0.0418,0.4159,0.4965,1,1,1.0956,0.9769
391,3_lmer_naive,-0.51568732,0.548296004,0.353739122,0,0,0.984933456,0.751209901
391,4_blimp_lmc_noaux,-0.5213,0.5491,0.3091,0,0,1.0052,0.7516
391,5_blimp_omc_aux,-0.055,0.4399,0.5985,1,1,1.1368,1.0041
391,6_blimp_rescue,-0.0166,0.4088,0.5419,1,1,1.193,0.9818
392,1_lmer_complete,-0.091247804,0.411353184,0.581667717,1,1,0.985008068,0.980598362
392,2_blimp_complete,-0.1078,0.4115,0.5604,1,1,1.014,0.9809
392,3_lmer_naive,-0.597372559,0.543568652,0.44898854,0,1,0.796717612,0.781633903
392,4_blimp_lmc_noaux,-0.609,0.5436,0.4334,0,0,0.8212,0.782
392,5_blimp_omc_aux,-0.096,0.4509,0.6477,0,1,1.0218,1.0393
392,6_blimp_rescue,-0.0501,0.4166,0.5814,1,1,1.0384,1.0089
393,1_lmer_complete,0.040536927,0.375999277,0.694528918,1,1,1.034990862,1.003732716
393,2_blimp_complete,0.0258,0.3761,0.698,1,1,1.0657,1.004
393,3_lmer_naive,-0.520354821,0.521682975,0.510428588,0,1,0.845634723,0.771391499
393,4_blimp_lmc_noaux,-0.5234,0.5222,0.5053,0,1,0.8696,0.772
393,5_blimp_omc_aux,-0.0301,0.424,0.7182,1,1,1.0003,1.0109
393,6_blimp_rescue,0.03,0.389,0.7243,1,1,1.0337,0.98
394,1_lmer_complete,0.070978059,0.401161906,0.63870717,1,1,0.938412519,0.980368057
394,2_blimp_complete,0.0569,0.4012,0.6275,1,1,0.965,0.9806
394,3_lmer_naive,-0.481396516,0.539381488,0.500785029,0,1,0.773361822,0.770751641
394,4_blimp_lmc_noaux,-0.4758,0.5394,0.4932,0,1,0.7941,0.7716
394,5_blimp_omc_aux,0.0745,0.4319,0.7495,1,1,0.9726,1.0243
394,6_blimp_rescue,0.1592,0.3993,0.7406,1,1,1.0501,0.9995
395,1_lmer_complete,-0.065912788,0.431439888,0.428141514,0,1,0.836835798,0.983921514
395,2_blimp_complete,-0.0793,0.4316,0.4137,0,0,0.8598,0.9842
395,3_lmer_naive,-0.51723051,0.576173649,0.29947919,0,0,0.691987668,0.787420052
395,4_blimp_lmc_noaux,-0.5212,0.5766,0.2808,0,0,0.7066,0.7881
395,5_blimp_omc_aux,-0.005,0.4874,0.5059,0,1,0.9058,1.0625
395,6_blimp_rescue,-0.0148,0.4477,0.44,0,1,0.9096,1.0355
396,1_lmer_complete,-0.034491541,0.380281158,0.664368455,1,1,0.954747108,0.993541905
396,2_blimp_complete,-0.0491,0.3804,0.6662,1,1,0.9822,0.9938
396,3_lmer_naive,-0.631168165,0.522671916,0.492717207,0,1,0.781826363,0.789654307
396,4_blimp_lmc_noaux,-0.6454,0.5224,0.5015,0,1,0.8087,0.7901
396,5_blimp_omc_aux,-0.064,0.4496,0.713,0,1,0.9495,1.0498
396,6_blimp_rescue,-0.0049,0.4025,0.6847,1,1,0.9783,1.0133
397,1_lmer_complete,-0.054235951,0.41526457,0.600219632,1,1,0.82141176,1.005232816
397,2_blimp_complete,-0.0668,0.4153,0.5953,1,1,0.8449,1.0055
397,3_lmer_naive,-0.588366055,0.554402302,0.416960553,0,0,0.665811908,0.796186639
397,4_blimp_lmc_noaux,-0.5967,0.5546,0.4051,0,0,0.6864,0.7966
397,5_blimp_omc_aux,-0.0867,0.4694,0.6614,0,1,0.8222,1.0403
397,6_blimp_rescue,-0.0809,0.4339,0.5574,1,1,0.8302,1.0121
398,1_lmer_complete,-0.142273256,0.409178038,0.698202601,1,1,0.922897149,0.994223926
398,2_blimp_complete,-0.1566,0.4093,0.6938,1,1,0.9491,0.9944
398,3_lmer_naive,-0.67868504,0.532088164,0.529718694,0,1,0.801796801,0.782357374
398,4_blimp_lmc_noaux,-0.6887,0.5318,0.5277,0,1,0.8261,0.7828
398,5_blimp_omc_aux,-0.1686,0.4417,0.7351,1,1,0.9538,1.047
398,6_blimp_rescue,-0.1029,0.4041,0.7122,1,1,0.9766,1.0186
399,1_lmer_complete,-0.062489861,0.435748126,0.641050694,0,1,1.019606176,0.980376598
399,2_blimp_complete,-0.0776,0.4359,0.6359,0,1,1.0503,0.9806
399,3_lmer_naive,-0.559220748,0.5459905,0.475908481,0,1,0.830406616,0.790520037
399,4_blimp_lmc_noaux,-0.5629,0.5468,0.4515,0,1,0.8532,0.7909
399,5_blimp_omc_aux,-0.0915,0.4729,0.7334,0,1,1.0649,1.0094
399,6_blimp_rescue,-0.0384,0.4375,0.6676,1,1,1.1157,0.985
400,1_lmer_complete,0.018047057,0.407769385,0.625319409,1,1,1.195083653,1.025130579
400,2_blimp_complete,0.0021,0.4078,0.6227,1,1,1.2297,1.0254
400,3_lmer_naive,-0.51822543,0.557227049,0.457412757,0,1,0.974267068,0.772306533
400,4_blimp_lmc_noaux,-0.5304,0.5576,0.4445,0,1,1.0023,0.7728
400,5_blimp_omc_aux,-0.0142,0.4618,0.6667,0,1,1.1997,1.0329
400,6_blimp_rescue,0.0026,0.4295,0.6154,1,1,1.211,1.0087
401,1_lmer_complete,0.191734094,0.406823331,0.594994844,1,1,0.844382283,0.997552635
401,2_blimp_complete,0.1773,0.4069,0.5915,1,1,0.8695,0.9978
401,3_lmer_naive,-0.323555246,0.561333525,0.433356782,0,0,0.730287652,0.776408056
401,4_blimp_lmc_noaux,-0.3306,0.5615,0.4327,0,1,0.7517,0.7771
401,5_blimp_omc_aux,0.1874,0.4538,0.6136,0,1,0.8858,1.0528
401,6_blimp_rescue,0.2282,0.4243,0.6106,1,1,0.9219,1.0265
402,1_lmer_complete,-0.130977899,0.412337517,0.51331614,1,1,1.066419142,1.034803525
402,2_blimp_complete,-0.1462,0.4125,0.5095,1,1,1.0977,1.0351
402,3_lmer_naive,-0.633524033,0.530258424,0.319529719,0,0,0.848077177,0.792289031
402,4_blimp_lmc_noaux,-0.6387,0.5307,0.3047,0,0,0.8681,0.7929
402,5_blimp_omc_aux,-0.1299,0.4252,0.5147,1,1,1.0746,1.0584
402,6_blimp_rescue,-0.1212,0.3939,0.46,1,1,1.103,1.031
403,1_lmer_complete,-0.100050476,0.396715802,0.687509551,1,1,1.108584113,1.015599008
403,2_blimp_complete,-0.1165,0.3967,0.6875,1,1,1.1445,1.0159
403,3_lmer_naive,-0.637019003,0.518892569,0.521578625,0,1,0.942421408,0.77782159
403,4_blimp_lmc_noaux,-0.6501,0.5191,0.5197,0,1,0.9741,0.7783
403,5_blimp_omc_aux,-0.1599,0.4247,0.7254,1,1,1.132,1.0242
403,6_blimp_rescue,-0.1019,0.3887,0.6944,1,1,1.1665,0.9928
404,1_lmer_complete,0.08988845,0.400743544,0.666418977,1,1,1.132086609,1.005230205
404,2_blimp_complete,0.074,0.4009,0.6535,1,1,1.1636,1.0054
404,3_lmer_naive,-0.451459064,0.546761813,0.535531209,0,1,0.949989341,0.782315566
404,4_blimp_lmc_noaux,-0.4611,0.5466,0.538,0,1,0.9787,0.7827
404,5_blimp_omc_aux,0.0487,0.4439,0.7733,0,1,1.1561,1.0514
404,6_blimp_rescue,0.0935,0.4169,0.718,1,1,1.1901,1.0306
405,1_lmer_complete,-0.162480283,0.390047096,0.372855736,1,1,1.077575628,1.002580831
405,2_blimp_complete,-0.1779,0.3902,0.3541,1,1,1.1106,1.0028
405,3_lmer_naive,-0.613555746,0.558115688,0.292309876,0,0,0.987070607,0.763377133
405,4_blimp_lmc_noaux,-0.6222,0.5583,0.2716,0,0,1.0145,0.7639
405,5_blimp_omc_aux,-0.1595,0.432,0.4819,1,1,1.1297,1.0512
405,6_blimp_rescue,-0.1585,0.4042,0.4101,1,1,1.1243,1.0251
406,1_lmer_complete,0.062227419,0.426683377,0.716587708,1,1,1.147592201,1.021557475
406,2_blimp_complete,0.0437,0.4268,0.7386,1,1,1.1822,1.0218
406,3_lmer_naive,-0.485995137,0.536635201,0.582987595,0,1,0.862561415,0.799915363
406,4_blimp_lmc_noaux,-0.5069,0.5359,0.6189,0,1,0.8873,0.8003
406,5_blimp_omc_aux,-0.0158,0.4373,0.8536,1,0,1.1222,1.0533
406,6_blimp_rescue,0.063,0.401,0.7816,1,1,1.1752,1.0243
407,1_lmer_complete,-0.098560314,0.398464374,0.695304503,1,1,1.00082054,0.995874548
407,2_blimp_complete,-0.1143,0.3986,0.6756,1,1,1.0291,0.9961
407,3_lmer_naive,-0.641137169,0.527629794,0.499959556,0,1,0.822985984,0.752506098
407,4_blimp_lmc_noaux,-0.6463,0.528,0.4819,0,1,0.8495,0.753
407,5_blimp_omc_aux,-0.1692,0.4398,0.733,1,1,1.0046,0.9977
407,6_blimp_rescue,-0.0924,0.4041,0.697,1,1,1.0461,0.9672
408,1_lmer_complete,0.011456317,0.383181205,0.617207481,1,1,1.015886357,0.996361852
408,2_blimp_complete,-0.0022,0.3834,0.5982,1,1,1.0463,0.9967
408,3_lmer_naive,-0.57690661,0.493513311,0.391245313,0,0,0.766481033,0.769140286
408,4_blimp_lmc_noaux,-0.5775,0.4946,0.3694,0,0,0.7848,0.7697
408,5_blimp_omc_aux,-0.0531,0.397,0.623,1,1,0.9327,1.028
408,6_blimp_rescue,0.0146,0.3538,0.5825,0,1,0.9658,0.9845
409,1_lmer_complete,-0.006071086,0.386494433,0.745489392,1,1,0.899324281,1.027284452
409,2_blimp_complete,-0.0202,0.3866,0.7336,1,1,0.924,1.0275
409,3_lmer_naive,-0.552245142,0.530095408,0.563601452,0,1,0.79914552,0.781792599
409,4_blimp_lmc_noaux,-0.5556,0.5304,0.5521,0,1,0.8235,0.7822
409,5_blimp_omc_aux,-0.0613,0.4355,0.7638,1,0,0.9388,1.0409
409,6_blimp_rescue,0.0076,0.3953,0.7503,1,1,0.9798,1.0074
410,1_lmer_complete,0.018427624,0.404349624,0.672041321,1,1,1.031199244,1.009329214
410,2_blimp_complete,0.0024,0.4045,0.6662,1,1,1.0644,1.0096
410,3_lmer_naive,-0.590019626,0.547574952,0.391727968,0,0,0.764988101,0.780562664
410,4_blimp_lmc_noaux,-0.5829,0.5478,0.3785,0,0,0.7868,0.7813
410,5_blimp_omc_aux,-0.0052,0.46,0.6714,0,1,1.0585,1.0519
410,6_blimp_rescue,0.0189,0.4093,0.62,1,1,1.0924,1.0071
411,1_lmer_complete,-0.107932895,0.399212916,0.504107686,1,1,0.970536205,0.986280955
411,2_blimp_complete,-0.1211,0.3993,0.5065,1,1,1.0001,0.9866
411,3_lmer_naive,-0.676559596,0.522056451,0.37681322,0,0,0.741029357,0.75783112
411,4_blimp_lmc_noaux,-0.6893,0.5224,0.3626,0,0,0.762,0.7582
411,5_blimp_omc_aux,-0.1433,0.4265,0.5849,1,1,0.9495,1.0084
411,6_blimp_rescue,-0.1354,0.3898,0.5119,1,1,0.9521,0.9772
412,1_lmer_complete,0.164170788,0.411621772,0.692974578,1,1,0.884680363,1.030048641
412,2_blimp_complete,0.149,0.4117,0.6964,1,1,0.9095,1.0303
412,3_lmer_naive,-0.459930332,0.534961993,0.504080205,0,1,0.731590002,0.76740154
412,4_blimp_lmc_noaux,-0.4584,0.5361,0.4864,0,1,0.7528,0.7682
412,5_blimp_omc_aux,0.0677,0.4362,0.7459,1,1,0.8943,1.0236
412,6_blimp_rescue,0.1566,0.4004,0.6806,1,1,0.9283,0.9957
413,1_lmer_complete,0.147332743,0.409251225,0.517787294,1,1,1.071378063,1.010490383
413,2_blimp_complete,0.1319,0.4093,0.5055,1,1,1.1033,1.0108
413,3_lmer_naive,-0.34708785,0.56013899,0.388375455,0,0,0.908536342,0.796573349
413,4_blimp_lmc_noaux,-0.3517,0.5609,0.3776,0,0,0.9299,0.7972
413,5_blimp_omc_aux,0.1645,0.4576,0.624,0,1,1.1477,1.0981
413,6_blimp_rescue,0.2005,0.4233,0.5674,1,1,1.1775,1.07
414,1_lmer_complete,-0.0238582,0.397663397,0.532840468,1,1,1.297958431,0.995498316
414,2_blimp_complete,-0.0427,0.3976,0.498,1,1,1.3403,0.9958
414,3_lmer_naive,-0.563772641,0.529598406,0.360298152,0,0,1.061730054,0.795477264
414,4_blimp_lmc_noaux,-0.5714,0.53,0.3223,0,0,1.0897,0.796
414,5_blimp_omc_aux,-0.0375,0.4427,0.5877,0,1,1.3333,1.0276
414,6_blimp_rescue,-0.0425,0.4084,0.5184,1,1,1.3509,0.9995
415,1_lmer_complete,0.00757999,0.413104705,0.508975848,1,1,0.769214632,0.991728046
415,2_blimp_complete,-0.0043,0.4132,0.5031,1,1,0.7929,0.992
415,3_lmer_naive,-0.493942374,0.5465243,0.443051756,0,0,0.57721208,0.766425217
415,4_blimp_lmc_noaux,-0.4973,0.5473,0.421,0,0,0.5942,0.767
415,5_blimp_omc_aux,-0.0111,0.4374,0.6486,1,1,0.778,1.051
415,6_blimp_rescue,0.0338,0.3989,0.5773,1,1,0.8052,1.0178
416,1_lmer_complete,-0.19878816,0.409100367,0.630402431,1,1,1.28665852,1.038642288
416,2_blimp_complete,-0.2161,0.4092,0.6098,1,1,1.3239,1.039
416,3_lmer_naive,-0.725969081,0.542866611,0.438646377,0,1,1.071747551,0.773321551
416,4_blimp_lmc_noaux,-0.7347,0.5432,0.4154,0,1,1.1005,0.7738
416,5_blimp_omc_aux,-0.2866,0.452,0.6557,0,1,1.3396,1.021
416,6_blimp_rescue,-0.2101,0.4215,0.5823,1,1,1.3954,1.0001
417,1_lmer_complete,-0.003706236,0.417295382,0.644353294,1,1,0.985608252,0.967222444
417,2_blimp_complete,-0.0205,0.4173,0.6435,1,1,1.0165,0.9674
417,3_lmer_naive,-0.598656851,0.561575898,0.414673737,0,0,0.762564905,0.718542445
417,4_blimp_lmc_noaux,-0.6121,0.5613,0.4262,0,0,0.7866,0.7192
417,5_blimp_omc_aux,-0.0748,0.4601,0.663,0,1,0.9323,0.9976
417,6_blimp_rescue,-0.0288,0.4147,0.6025,1,1,0.9625,0.9596
418,1_lmer_complete,-0.358655966,0.408842988,0.63522917,1,1,1.068785496,0.993535702
418,2_blimp_complete,-0.3733,0.4089,0.6358,1,1,1.0997,0.9938
418,3_lmer_naive,-0.832670547,0.541152748,0.470456765,0,1,0.763589976,0.777549581
418,4_blimp_lmc_noaux,-0.8455,0.5413,0.462,0,1,0.7858,0.7779
418,5_blimp_omc_aux,-0.4131,0.4569,0.6699,0,1,1.0205,1.0012
418,6_blimp_rescue,-0.3758,0.4232,0.5884,1,1,1.0329,0.9759
419,1_lmer_complete,-0.106637589,0.4108141,0.494518053,1,1,0.964262984,0.980664655
419,2_blimp_complete,-0.122,0.4109,0.4999,1,1,0.9937,0.9809
419,3_lmer_naive,-0.567208336,0.552985686,0.391681438,0,0,0.898341396,0.757875284
419,4_blimp_lmc_noaux,-0.5788,0.553,0.3867,0,0,0.9251,0.7583
419,5_blimp_omc_aux,-0.1069,0.4535,0.5885,0,1,1.0127,1.0101
419,6_blimp_rescue,-0.0683,0.4199,0.5221,1,1,1.0176,0.9803
420,1_lmer_complete,0.044408806,0.403184138,0.601746615,1,1,1.171768891,1.007474953
420,2_blimp_complete,0.0284,0.4033,0.5959,1,1,1.2059,1.0077
420,3_lmer_naive,-0.53807915,0.508699097,0.420045002,0,0,0.892841296,0.793066566
420,4_blimp_lmc_noaux,-0.5495,0.5096,0.3866,0,0,0.9165,0.7934
420,5_blimp_omc_aux,-0.0114,0.4129,0.6592,1,1,1.1589,1.0512
420,6_blimp_rescue,0.0368,0.3766,0.5619,1,1,1.1917,1.0189
421,1_lmer_complete,0.086519365,0.413542392,0.771087724,1,1,0.841107028,0.989282661
421,2_blimp_complete,0.0731,0.4136,0.7659,1,1,0.8652,0.9895
421,3_lmer_naive,-0.483746622,0.533772647,0.636890993,0,1,0.650170639,0.744384609
421,4_blimp_lmc_noaux,-0.4883,0.5339,0.6353,0,1,0.6719,0.7448
421,5_blimp_omc_aux,-0.0167,0.4149,0.8361,1,0,0.7902,1.0041
421,6_blimp_rescue,0.0874,0.3866,0.7975,1,0,0.8312,0.9746
422,1_lmer_complete,-0.024350868,0.412584655,0.562326286,1,1,0.842656973,0.994340359
422,2_blimp_complete,-0.0388,0.4127,0.5587,1,1,0.8668,0.9945
422,3_lmer_naive,-0.561398439,0.530960286,0.437802486,0,1,0.670296786,0.782782073
422,4_blimp_lmc_noaux,-0.5727,0.531,0.437,0,0,0.6914,0.7834
422,5_blimp_omc_aux,-0.0416,0.435,0.6535,1,1,0.8526,1.0523
422,6_blimp_rescue,0.0028,0.3987,0.5915,1,1,0.8688,1.0233
423,1_lmer_complete,0.040742979,0.410372522,0.442481412,1,1,1.138173871,1.005892449
423,2_blimp_complete,0.0252,0.4105,0.4317,1,1,1.1727,1.0061
423,3_lmer_naive,-0.487669025,0.56427322,0.319302445,0,0,0.968464065,0.77713169
423,4_blimp_lmc_noaux,-0.5009,0.5644,0.298,0,0,0.9923,0.7777
423,5_blimp_omc_aux,0.043,0.48,0.5101,0,1,1.1846,1.0235
423,6_blimp_rescue,0.0504,0.445,0.4369,0,1,1.1774,0.9971
424,1_lmer_complete,-0.044722894,0.402311178,0.499414762,1,1,1.040583752,0.983816536
424,2_blimp_complete,-0.0597,0.4024,0.492,1,1,1.0726,0.984
424,3_lmer_naive,-0.566667733,0.523772472,0.38427234,0,0,0.85764194,0.743714111
424,4_blimp_lmc_noaux,-0.5787,0.5241,0.3699,0,0,0.881,0.7442
424,5_blimp_omc_aux,-0.0551,0.4186,0.5967,1,1,1.0446,1.0063
424,6_blimp_rescue,-0.03,0.3807,0.5253,1,1,1.058,0.9736
425,1_lmer_complete,0.059849238,0.41383338,0.449339026,1,1,1.124886218,1.016808242
425,2_blimp_complete,0.0448,0.4139,0.4324,1,1,1.1603,1.0171
425,3_lmer_naive,-0.413341558,0.555865064,0.285679363,0,0,0.903123381,0.803882375
425,4_blimp_lmc_noaux,-0.4151,0.5568,0.2609,0,0,0.9175,0.8045
425,5_blimp_omc_aux,0.0983,0.4682,0.5233,0,1,1.1901,1.0739
425,6_blimp_rescue,0.0986,0.43,0.4575,1,1,1.2285,1.048
426,1_lmer_complete,-0.115935878,0.417487461,0.602559623,1,1,0.78092937,1.01065185
426,2_blimp_complete,-0.1287,0.4176,0.6006,1,1,0.8038,1.011
426,3_lmer_naive,-0.65123759,0.554231853,0.45047281,0,1,0.693530171,0.772616918
426,4_blimp_lmc_noaux,-0.6615,0.554,0.4473,0,1,0.7168,0.7732
426,5_blimp_omc_aux,-0.1331,0.4626,0.6435,0,1,0.7919,1.0409
426,6_blimp_rescue,-0.1097,0.4377,0.5987,1,1,0.8048,1.0239
427,1_lmer_complete,-0.064068043,0.405393489,0.678860734,1,1,0.944980589,0.989432435
427,2_blimp_complete,-0.0792,0.4055,0.6698,1,1,0.9732,0.9896
427,3_lmer_naive,-0.551354212,0.5432414,0.39820053,0,0,0.897838509,0.783154495
427,4_blimp_lmc_noaux,-0.565,0.5427,0.418,0,1,0.9283,0.7838
427,5_blimp_omc_aux,-0.093,0.4604,0.7133,0,1,0.985,1.0243
427,6_blimp_rescue,-0.0467,0.4276,0.6454,1,1,1.0086,1.0013
428,1_lmer_complete,0.12040184,0.365497305,0.662224022,0,1,0.959867187,0.973414644
428,2_blimp_complete,0.1055,0.3656,0.6473,0,1,0.9884,0.9736
428,3_lmer_naive,-0.44408238,0.477580653,0.472058128,0,1,0.713070609,0.774649174
428,4_blimp_lmc_noaux,-0.449,0.4773,0.4804,0,1,0.7331,0.7752
428,5_blimp_omc_aux,0.075,0.3767,0.7215,1,1,0.9883,1.0168
428,6_blimp_rescue,0.1283,0.341,0.6586,0,1,1.0191,0.9839
429,1_lmer_complete,-0.067455317,0.401224731,0.770452523,1,1,0.83500522,1.003262129
429,2_blimp_complete,-0.0811,0.4013,0.7706,1,1,0.8562,1.0034
429,3_lmer_naive,-0.624641259,0.503259155,0.582500278,0,1,0.702860318,0.79673074
429,4_blimp_lmc_noaux,-0.6266,0.5045,0.5588,0,1,0.7241,0.7972
429,5_blimp_omc_aux,-0.164,0.4131,0.8062,1,0,0.8342,1.0202
429,6_blimp_rescue,-0.086,0.3808,0.7605,1,1,0.8789,0.987
430,1_lmer_complete,-0.086195045,0.39488041,0.701680212,1,1,1.09134251,1.013307963
430,2_blimp_complete,-0.1017,0.395,0.6923,1,1,1.1209,1.0135
430,3_lmer_naive,-0.617054981,0.522331875,0.564870357,0,1,0.855842319,0.788057421
430,4_blimp_lmc_noaux,-0.6255,0.5226,0.5571,0,1,0.882,0.7885
430,5_blimp_omc_aux,-0.1579,0.4391,0.7563,1,1,1.1125,1.0199
430,6_blimp_rescue,-0.084,0.4007,0.6804,1,1,1.1408,0.9913
431,1_lmer_complete,-0.032708748,0.383845649,0.682630371,1,1,1.125887615,1.012230627
431,2_blimp_complete,-0.0485,0.3839,0.6648,1,1,1.1578,1.0125
431,3_lmer_naive,-0.633852263,0.496690622,0.517715577,0,1,0.868625732,0.809094332
431,4_blimp_lmc_noaux,-0.6376,0.4974,0.5121,0,1,0.8942,0.8099
431,5_blimp_omc_aux,-0.0664,0.3949,0.7523,1,1,1.1704,1.0958
431,6_blimp_rescue,0.0268,0.3533,0.6663,0,1,1.2493,1.0559
432,1_lmer_complete,-0.063958295,0.41832253,0.599383337,1,1,0.960177531,1.008873009
432,2_blimp_complete,-0.0789,0.4184,0.5981,1,1,0.9891,1.0091
432,3_lmer_naive,-0.582932718,0.5620097,0.410992757,0,0,0.786418405,0.766109947
432,4_blimp_lmc_noaux,-0.5936,0.5624,0.3946,0,0,0.8082,0.7666
432,5_blimp_omc_aux,-0.1005,0.4609,0.6686,0,1,0.9542,1.0546
432,6_blimp_rescue,-0.0648,0.4241,0.5936,1,1,0.9862,1.032
433,1_lmer_complete,-0.081822365,0.406375018,0.573313077,1,1,0.996398063,0.994936986
433,2_blimp_complete,-0.0975,0.4065,0.5677,1,1,1.0303,0.9952
433,3_lmer_naive,-0.651116459,0.518558016,0.34691077,0,0,0.814065599,0.780247429
433,4_blimp_lmc_noaux,-0.6583,0.5191,0.3364,0,0,0.8381,0.7809
433,5_blimp_omc_aux,-0.0975,0.415,0.6017,1,1,1.0185,1.0336
433,6_blimp_rescue,-0.0952,0.3768,0.5576,1,1,1.055,0.9963
434,1_lmer_complete,-0.122769856,0.378488681,0.520521192,1,1,1.157513097,1.010152625
434,2_blimp_complete,-0.1381,0.3786,0.4994,1,1,1.1937,1.0104
434,3_lmer_naive,-0.610188329,0.533698332,0.412062716,0,0,0.995321471,0.808049537
434,4_blimp_lmc_noaux,-0.6167,0.5338,0.3904,0,0,1.0266,0.8085
434,5_blimp_omc_aux,-0.1357,0.4312,0.628,1,1,1.2019,1.0831
434,6_blimp_rescue,-0.097,0.3942,0.5673,1,1,1.2226,1.0513
435,1_lmer_complete,0.0720856,0.393524292,0.667239859,1,1,0.938277262,1.021619614
435,2_blimp_complete,0.0561,0.3936,0.6763,1,1,0.9639,1.0219
435,3_lmer_naive,-0.520068215,0.52318658,0.472133292,0,1,0.736404191,0.767941935
435,4_blimp_lmc_noaux,-0.5275,0.524,0.4561,0,1,0.759,0.7685
435,5_blimp_omc_aux,0.0185,0.4194,0.6837,1,1,0.9449,1.0393
435,6_blimp_rescue,0.0679,0.3816,0.6056,1,1,0.9693,1.0064
436,1_lmer_complete,-0.016100619,0.428780274,0.648447184,0,1,1.136905325,1.007415204
436,2_blimp_complete,-0.0315,0.4288,0.6465,0,1,1.1712,1.0077
436,3_lmer_naive,-0.561629034,0.563953185,0.493898076,0,1,0.858184273,0.79431728
436,4_blimp_lmc_noaux,-0.5677,0.5643,0.4925,0,1,0.8824,0.7949
436,5_blimp_omc_aux,-0.0209,0.462,0.6974,0,1,1.1364,1.0745
436,6_blimp_rescue,0.0317,0.424,0.6757,1,1,1.1723,1.0416
437,1_lmer_complete,0.148477613,0.40146822,0.622228576,1,1,1.097943496,0.976864677
437,2_blimp_complete,0.1322,0.4015,0.6235,1,1,1.1296,0.9771
437,3_lmer_naive,-0.439099464,0.546263229,0.510810658,0,1,0.886839149,0.744472628
437,4_blimp_lmc_noaux,-0.442,0.5468,0.5111,0,1,0.9107,0.7452
437,5_blimp_omc_aux,0.0686,0.4464,0.733,0,1,1.1369,0.9983
437,6_blimp_rescue,0.2042,0.4133,0.6803,1,1,1.1983,0.9716
438,1_lmer_complete,-0.061525048,0.39706705,0.522764898,1,1,0.854595779,1.018335284
438,2_blimp_complete,-0.0756,0.3971,0.5199,1,1,0.8804,1.0187
438,3_lmer_naive,-0.606334735,0.516114475,0.389582272,0,0,0.665754172,0.776278528
438,4_blimp_lmc_noaux,-0.6148,0.5167,0.3738,0,0,0.6852,0.7767
438,5_blimp_omc_aux,-0.0867,0.4187,0.5571,1,1,0.8395,1.014
438,6_blimp_rescue,-0.0886,0.381,0.498,1,1,0.848,0.9815
439,1_lmer_complete,-0.268102232,0.395694103,0.565771988,1,1,1.249829646,1.009641841
439,2_blimp_complete,-0.2856,0.3958,0.5507,1,1,1.2881,1.0099
439,3_lmer_naive,-0.77572617,0.495562888,0.376735127,0,0,0.897136831,0.804417008
439,4_blimp_lmc_noaux,-0.7842,0.496,0.3607,0,0,0.924,0.8049
439,5_blimp_omc_aux,-0.283,0.4028,0.5851,1,1,1.1956,1.0243
439,6_blimp_rescue,-0.3114,0.37,0.499,1,1,1.2118,0.9941
440,1_lmer_complete,0.109404124,0.383061215,0.749800301,1,1,1.1423362,0.958459559
440,2_blimp_complete,0.0936,0.3832,0.7489,1,1,1.1766,0.9587
440,3_lmer_naive,-0.484798851,0.511886483,0.654660736,0,1,0.858142506,0.759412577
440,4_blimp_lmc_noaux,-0.4914,0.5125,0.6513,0,1,0.8872,0.7599
440,5_blimp_omc_aux,0.0402,0.4064,0.8573,1,0,1.1046,1.012
440,6_blimp_rescue,0.1598,0.3719,0.7934,1,0,1.1726,0.9809
441,1_lmer_complete,-0.096235225,0.395843774,0.487431923,1,1,1.016934425,1.00095744
441,2_blimp_complete,-0.1109,0.396,0.4837,1,1,1.0487,1.0012
441,3_lmer_naive,-0.610251783,0.528331366,0.309250667,0,0,0.822274204,0.76230137
441,4_blimp_lmc_noaux,-0.6198,0.5282,0.2992,0,0,0.8486,0.7628
441,5_blimp_omc_aux,-0.1017,0.4334,0.5266,1,1,1.0071,1.0264
441,6_blimp_rescue,-0.1083,0.3913,0.4514,1,1,1.0094,0.9936
442,1_lmer_complete,-0.030634743,0.40155991,0.639793075,1,1,1.052772117,1.025140735
442,2_blimp_complete,-0.0459,0.4016,0.6298,1,1,1.0857,1.0254
442,3_lmer_naive,-0.620246455,0.541171266,0.483158732,0,1,0.901700901,0.778409473
442,4_blimp_lmc_noaux,-0.6251,0.5414,0.4683,0,1,0.9304,0.7789
442,5_blimp_omc_aux,-0.0769,0.4337,0.6678,1,1,1.0418,1.0666
442,6_blimp_rescue,-0.0403,0.3956,0.6429,1,1,1.0674,1.0363
443,1_lmer_complete,-0.003476982,0.396403799,0.596714229,1,1,0.993318433,0.966822929
443,2_blimp_complete,-0.0178,0.3966,0.5835,1,1,1.0235,0.967
443,3_lmer_naive,-0.512780734,0.537999713,0.446515061,0,1,0.830954715,0.760708881
443,4_blimp_lmc_noaux,-0.5191,0.5392,0.4017,0,0,0.8501,0.7612
443,5_blimp_omc_aux,-0.0368,0.4503,0.7164,0,1,1.0198,0.9938
443,6_blimp_rescue,0.0078,0.4178,0.6277,1,1,1.0586,0.9701
444,1_lmer_complete,0.091207146,0.401943233,0.628038023,1,1,1.09552404,0.979265202
444,2_blimp_complete,0.0757,0.4021,0.618,1,1,1.1282,0.9795
444,3_lmer_naive,-0.461928737,0.546652471,0.499266398,0,1,0.848590747,0.736414641
444,4_blimp_lmc_noaux,-0.4707,0.5466,0.4958,0,1,0.8743,0.7369
444,5_blimp_omc_aux,0.0141,0.4508,0.706,0,1,1.0401,0.988
444,6_blimp_rescue,0.0791,0.4184,0.6443,1,1,1.0654,0.9578
445,1_lmer_complete,0.028418053,0.405933438,0.543456887,1,1,1.17021963,1.030035882
445,2_blimp_complete,0.0118,0.406,0.5469,1,1,1.2051,1.0303
445,3_lmer_naive,-0.529875578,0.556136057,0.436901266,0,1,0.942820494,0.745067562
445,4_blimp_lmc_noaux,-0.5357,0.5571,0.4078,0,0,0.965,0.7455
445,5_blimp_omc_aux,-0.0426,0.4549,0.6241,0,1,1.1674,0.987
445,6_blimp_rescue,0.0147,0.4276,0.5657,1,1,1.2025,0.9695
446,1_lmer_complete,-0.079928486,0.437327747,0.740313257,0,1,0.669824367,0.994654126
446,2_blimp_complete,-0.0924,0.4374,0.745,0,1,0.6887,0.9949
446,3_lmer_naive,-0.612477282,0.53427416,0.55653869,0,1,0.522261476,0.769971088
446,4_blimp_lmc_noaux,-0.6159,0.5345,0.5644,0,1,0.5374,0.7706
446,5_blimp_omc_aux,-0.1453,0.4576,0.8005,0,0,0.6875,0.9924
446,6_blimp_rescue,-0.074,0.4193,0.7867,1,0,0.7207,0.9624
447,1_lmer_complete,-0.022556407,0.404908953,0.603250854,1,1,0.725377971,1.047750327
447,2_blimp_complete,-0.0338,0.4049,0.6006,1,1,0.7451,1.0481
447,3_lmer_naive,-0.580213894,0.557368466,0.456939576,0,1,0.589078216,0.793974214
447,4_blimp_lmc_noaux,-0.5892,0.5576,0.4457,0,0,0.6062,0.7945
447,5_blimp_omc_aux,-0.0577,0.4552,0.6347,0,1,0.7405,1.081
447,6_blimp_rescue,-0.0278,0.4262,0.6173,1,1,0.7598,1.06
448,1_lmer_complete,-0.113872094,0.415103019,0.634144679,1,1,1.139758705,1.020034329
448,2_blimp_complete,-0.1297,0.4152,0.6248,1,1,1.1736,1.0203
448,3_lmer_naive,-0.664119331,0.538501267,0.45143173,0,1,0.886230207,0.788307745
448,4_blimp_lmc_noaux,-0.6688,0.5388,0.4414,0,1,0.9106,0.789
448,5_blimp_omc_aux,-0.1602,0.4469,0.6752,0,1,1.1681,1.0311
448,6_blimp_rescue,-0.1175,0.4133,0.5829,1,1,1.2048,1.002
449,1_lmer_complete,-0.037832082,0.408678227,0.624582371,1,1,0.907653034,0.989255964
449,2_blimp_complete,-0.0506,0.4088,0.6247,1,1,0.934,0.9895
449,3_lmer_naive,-0.602495298,0.551823343,0.48828136,0,1,0.665677199,0.749197654
449,4_blimp_lmc_noaux,-0.6123,0.5524,0.4769,0,1,0.6854,0.7497
449,5_blimp_omc_aux,-0.1009,0.4627,0.689,0,1,0.8945,0.9892
449,6_blimp_rescue,-0.0324,0.4264,0.6191,1,1,0.9241,0.9636
450,1_lmer_complete,0.116893577,0.417918373,0.568166793,1,1,0.752306571,1.024302675
450,2_blimp_complete,0.1045,0.418,0.5583,1,1,0.7761,1.0245
450,3_lmer_naive,-0.381173288,0.534520639,0.388292957,0,0,0.651651288,0.763547378
450,4_blimp_lmc_noaux,-0.386,0.5347,0.3876,0,0,0.6703,0.7641
450,5_blimp_omc_aux,0.1156,0.4263,0.6168,1,1,0.7903,1.0331
450,6_blimp_rescue,0.1252,0.3953,0.5534,1,1,0.8099,1.0062
451,1_lmer_complete,-0.066858998,0.386174847,0.573523204,1,1,0.85139634,0.981101778
451,2_blimp_complete,-0.0816,0.3863,0.5707,1,1,0.8798,0.9812
451,3_lmer_naive,-0.622627066,0.541349894,0.397321309,0,0,0.649725038,0.748145387
451,4_blimp_lmc_noaux,-0.6305,0.5415,0.3842,0,0,0.6715,0.7485
451,5_blimp_omc_aux,-0.1163,0.4428,0.6467,0,1,0.8424,1.0085
451,6_blimp_rescue,-0.0691,0.4031,0.5825,1,1,0.8522,0.9737
452,1_lmer_complete,0.153879228,0.408615012,0.618886531,1,1,0.926875438,1.033018322
452,2_blimp_complete,0.1382,0.4088,0.6212,1,1,0.9567,1.0332
452,3_lmer_naive,-0.388954121,0.551114219,0.455268372,0,1,0.729734848,0.781217228
452,4_blimp_lmc_noaux,-0.3934,0.5518,0.4391,0,1,0.7504,0.7816
452,5_blimp_omc_aux,0.0883,0.4466,0.6889,0,1,0.9743,1.0592
452,6_blimp_rescue,0.1503,0.4065,0.5973,1,1,0.999,1.027
453,1_lmer_complete,-0.124013955,0.395292186,0.429092088,1,1,1.103441668,1.026856549
453,2_blimp_complete,-0.1417,0.3954,0.4108,1,1,1.1394,1.027
453,3_lmer_naive,-0.61770511,0.549948784,0.34448383,0,0,0.901213906,0.783025645
453,4_blimp_lmc_noaux,-0.6223,0.5503,0.3267,0,0,0.9273,0.7836
453,5_blimp_omc_aux,-0.1001,0.4551,0.5472,0,1,1.1378,1.0511
453,6_blimp_rescue,-0.111,0.4165,0.4706,1,1,1.1418,1.02
454,1_lmer_complete,0.01129662,0.373783601,0.564193368,1,1,0.931169794,1.030345267
454,2_blimp_complete,-0.0036,0.3738,0.5512,1,1,0.9594,1.0306
454,3_lmer_naive,-0.540779098,0.508335076,0.39809642,0,0,0.76443319,0.797650456
454,4_blimp_lmc_noaux,-0.5503,0.5083,0.3851,0,0,0.7902,0.7981
454,5_blimp_omc_aux,-0.0138,0.409,0.6274,1,1,0.912,1.07
454,6_blimp_rescue,0.0089,0.3731,0.5827,1,1,0.9361,1.0418
455,1_lmer_complete,0.162021752,0.391674962,0.798157136,1,1,1.445206755,0.987255874
455,2_blimp_complete,0.1436,0.3918,0.7924,1,1,1.4838,0.9875
455,3_lmer_naive,-0.467999793,0.552955409,0.654324403,0,1,1.252668542,0.752406009
455,4_blimp_lmc_noaux,-0.4775,0.5535,0.643,0,1,1.2924,0.7529
455,5_blimp_omc_aux,0.0497,0.4468,0.9034,0,0,1.4243,1.0441
455,6_blimp_rescue,0.1819,0.4107,0.914,1,0,1.4986,1.0159
456,1_lmer_complete,-0.184069578,0.423494582,0.657241769,1,1,0.734902924,1.003092996
456,2_blimp_complete,-0.194,0.4236,0.6578,1,1,0.7551,1.0033
456,3_lmer_naive,-0.679530035,0.516245454,0.484349127,0,1,0.64387408,0.802033968
456,4_blimp_lmc_noaux,-0.6898,0.5163,0.4828,0,1,0.6635,0.8024
456,5_blimp_omc_aux,-0.2071,0.4337,0.6781,1,1,0.7832,1.0252
456,6_blimp_rescue,-0.1564,0.4036,0.6563,1,1,0.8014,0.9981
457,1_lmer_complete,-0.070244877,0.424548126,0.490928819,1,1,0.925268841,1.019723757
457,2_blimp_complete,-0.0848,0.4247,0.4901,1,1,0.953,1.0199
457,3_lmer_naive,-0.561189218,0.549434355,0.35140969,0,0,0.817901339,0.78470939
457,4_blimp_lmc_noaux,-0.5722,0.5495,0.328,0,0,0.8406,0.785
457,5_blimp_omc_aux,-0.0792,0.4608,0.5699,0,1,0.9932,1.0154
457,6_blimp_rescue,-0.0624,0.4277,0.5346,1,1,0.9968,0.9902
458,1_lmer_complete,-0.025233361,0.395637659,0.57752545,1,1,0.815414737,0.998936718
458,2_blimp_complete,-0.0394,0.3957,0.5602,1,1,0.8409,0.9991
458,3_lmer_naive,-0.541254136,0.528351435,0.427341165,0,0,0.633114929,0.800681188
458,4_blimp_lmc_noaux,-0.5471,0.5285,0.4225,0,0,0.6506,0.8013
458,5_blimp_omc_aux,0.0029,0.4476,0.6349,0,1,0.8821,1.0502
458,6_blimp_rescue,-0.0047,0.4139,0.5757,1,1,0.9112,1.0245
459,1_lmer_complete,-0.090176693,0.39159016,0.654579433,1,1,0.920417463,1.034074124
459,2_blimp_complete,-0.1046,0.3917,0.6563,1,1,0.9494,1.0343
459,3_lmer_naive,-0.664937646,0.546934554,0.461180056,0,1,0.757589302,0.806649345
459,4_blimp_lmc_noaux,-0.66,0.5471,0.463,0,1,0.7802,0.8077
459,5_blimp_omc_aux,-0.1238,0.4513,0.6698,0,1,0.9219,1.0897
459,6_blimp_rescue,-0.0961,0.4131,0.6561,1,1,0.9595,1.06
460,1_lmer_complete,0.075901415,0.435518806,0.680435632,0,1,1.199590625,1.006206437
460,2_blimp_complete,0.0592,0.4356,0.6758,0,1,1.2367,1.0064
460,3_lmer_naive,-0.506790948,0.541657651,0.495794103,0,1,0.955411853,0.781129648
460,4_blimp_lmc_noaux,-0.5205,0.5416,0.4933,0,1,0.9877,0.7816
460,5_blimp_omc_aux,0.0053,0.457,0.7193,0,1,1.2159,1.0439
460,6_blimp_rescue,0.0845,0.414,0.6354,1,1,1.2423,1.0087
461,1_lmer_complete,-0.016523677,0.4082853,0.497001108,1,1,1.004969178,1.005038625
461,2_blimp_complete,-0.0314,0.4085,0.4901,1,1,1.0337,1.0053
461,3_lmer_naive,-0.534383311,0.526695975,0.278043701,0,0,0.783932531,0.78658803
461,4_blimp_lmc_noaux,-0.5479,0.5271,0.2417,0,0,0.8043,0.7871
461,5_blimp_omc_aux,-0.0192,0.441,0.5113,1,1,1.0227,1.03
461,6_blimp_rescue,-0.031,0.4012,0.3876,1,1,1.0093,0.9991
462,1_lmer_complete,0.02829948,0.40813622,0.634096616,1,1,1.123573245,0.978648898
462,2_blimp_complete,0.0102,0.4082,0.6296,1,1,1.1586,0.9789
462,3_lmer_naive,-0.512458488,0.532224677,0.426524323,0,0,0.867546506,0.773900984
462,4_blimp_lmc_noaux,-0.5177,0.5329,0.3959,0,0,0.8944,0.7743
462,5_blimp_omc_aux,-0.012,0.4334,0.695,1,1,1.1207,1.0564
462,6_blimp_rescue,0.0602,0.3925,0.672,1,1,1.1953,1.0257
463,1_lmer_complete,0.233002137,0.413139439,0.641419593,1,1,0.93144293,1.033064085
463,2_blimp_complete,0.2201,0.4133,0.6212,1,1,0.9605,1.0333
463,3_lmer_naive,-0.384571849,0.568620232,0.488249679,0,1,0.773985068,0.748271822
463,4_blimp_lmc_noaux,-0.3857,0.5691,0.4757,0,1,0.7953,0.749
463,5_blimp_omc_aux,0.1586,0.4504,0.6948,0,1,0.9385,1.0429
463,6_blimp_rescue,0.2108,0.4207,0.5954,1,1,0.9812,1.0116
464,1_lmer_complete,0.006668574,0.404533377,0.463634777,1,1,1.219350435,1.013324286
464,2_blimp_complete,-0.0101,0.4046,0.446,1,1,1.2571,1.0136
464,3_lmer_naive,-0.535277054,0.542019645,0.353414134,0,0,0.964345027,0.769438391
464,4_blimp_lmc_noaux,-0.5458,0.5427,0.3159,0,0,0.9874,0.7698
464,5_blimp_omc_aux,-0.0231,0.4431,0.5796,1,1,1.2448,1.0256
464,6_blimp_rescue,-0.0119,0.4071,0.4999,1,1,1.2489,0.9962
465,1_lmer_complete,-0.128590123,0.408370634,0.565923716,1,1,0.864723708,0.994357919
465,2_blimp_complete,-0.1434,0.4085,0.5518,1,1,0.8934,0.9945
465,3_lmer_naive,-0.666587278,0.502014966,0.476829647,0,1,0.670817767,0.750804341
465,4_blimp_lmc_noaux,-0.6728,0.5022,0.4668,0,1,0.6931,0.7512
465,5_blimp_omc_aux,-0.1728,0.387,0.6351,1,1,0.8645,1.0008
465,6_blimp_rescue,-0.1083,0.3554,0.5422,0,1,0.8841,0.9719
466,1_lmer_complete,0.138334963,0.400369007,0.617458662,1,1,1.331571999,0.943882465
466,2_blimp_complete,0.1212,0.4004,0.6098,1,1,1.3728,0.9441
466,3_lmer_naive,-0.37284274,0.518559355,0.451373436,0,1,1.111498052,0.768838062
466,4_blimp_lmc_noaux,-0.3834,0.5187,0.441,0,1,1.147,0.7692
466,5_blimp_omc_aux,0.1096,0.4372,0.6766,1,1,1.3718,0.9913
466,6_blimp_rescue,0.1474,0.3984,0.5979,1,1,1.3987,0.9531
467,1_lmer_complete,-0.030698076,0.396698245,0.657116656,1,1,0.900734771,0.981271971
467,2_blimp_complete,-0.0451,0.3968,0.6447,1,1,0.9275,0.9816
467,3_lmer_naive,-0.569384201,0.521990921,0.539907947,0,1,0.720587146,0.77992837
467,4_blimp_lmc_noaux,-0.5768,0.5223,0.5288,0,1,0.7432,0.7803
467,5_blimp_omc_aux,-0.0664,0.4271,0.7366,1,1,0.8911,1.0245
467,6_blimp_rescue,-0.0023,0.3926,0.7028,1,1,0.9291,0.9927
468,1_lmer_complete,0.001274863,0.372527281,0.576181965,1,1,0.944969244,0.986915985
468,2_blimp_complete,-0.0136,0.3726,0.5604,1,1,0.9708,0.9872
468,3_lmer_naive,-0.509781858,0.503173579,0.432443604,0,1,0.757345811,0.748969988
468,4_blimp_lmc_noaux,-0.5184,0.5035,0.4125,0,1,0.78,0.7494
468,5_blimp_omc_aux,-0.0423,0.3968,0.6571,1,1,0.9452,1.0089
468,6_blimp_rescue,0.0072,0.3649,0.596,1,1,0.9821,0.9824
469,1_lmer_complete,-0.086575545,0.397391629,0.642680146,1,1,0.98153639,0.966301756
469,2_blimp_complete,-0.1013,0.3975,0.6395,1,1,1.0075,0.9665
469,3_lmer_naive,-0.617586786,0.519351518,0.563501444,0,1,0.723796739,0.744173114
469,4_blimp_lmc_noaux,-0.6243,0.5197,0.5698,0,1,0.7453,0.7449
469,5_blimp_omc_aux,-0.1227,0.4167,0.7414,1,1,1.0161,0.9816
469,6_blimp_rescue,-0.0792,0.3822,0.6786,1,1,1.0659,0.9459
470,1_lmer_complete,0.067143831,0.403911231,0.65517753,1,1,0.841396776,1.019052273
470,2_blimp_complete,0.0517,0.4041,0.6516,1,1,0.8653,1.0193
470,3_lmer_naive,-0.48106753,0.530512187,0.44341678,0,0,0.733075187,0.783824542
470,4_blimp_lmc_noaux,-0.4872,0.5309,0.441,0,0,0.7551,0.7845
470,5_blimp_omc_aux,0.0288,0.4347,0.6554,1,1,0.8624,1.0465
470,6_blimp_rescue,0.066,0.3987,0.6449,1,1,0.8827,1.014
471,1_lmer_complete,0.083602351,0.382082598,0.55343723,1,1,0.903059484,1.000354821
471,2_blimp_complete,0.0684,0.3821,0.5507,1,1,0.9314,1.0006
471,3_lmer_naive,-0.428438939,0.546719745,0.410348968,0,0,0.675439014,0.768166216
471,4_blimp_lmc_noaux,-0.4334,0.5472,0.3836,0,0,0.693,0.7686
471,5_blimp_omc_aux,0.0656,0.4271,0.6311,1,1,0.8602,1.0632
471,6_blimp_rescue,0.1159,0.3945,0.5303,1,1,0.882,1.0315
472,1_lmer_complete,-0.130944436,0.397897783,0.525450095,1,1,1.096123122,0.989577262
472,2_blimp_complete,-0.148,0.398,0.5007,1,1,1.1283,0.9898
472,3_lmer_naive,-0.622419926,0.526710103,0.400568291,0,0,0.819340188,0.780238731
472,4_blimp_lmc_noaux,-0.6307,0.5273,0.3691,0,0,0.839,0.7807
472,5_blimp_omc_aux,-0.1564,0.435,0.6123,1,1,1.0941,1.0094
472,6_blimp_rescue,-0.1535,0.4024,0.5337,1,1,1.1237,0.9824
473,1_lmer_complete,0.019202542,0.394640705,0.733481389,1,1,0.886529049,1.027763406
473,2_blimp_complete,0.0052,0.3947,0.7329,1,1,0.9133,1.028
473,3_lmer_naive,-0.576402621,0.52443733,0.575175289,0,1,0.757563077,0.784203641
473,4_blimp_lmc_noaux,-0.578,0.5252,0.5752,0,1,0.7803,0.7849
473,5_blimp_omc_aux,-0.0691,0.416,0.806,1,0,0.9304,1.0552
473,6_blimp_rescue,0.0287,0.3823,0.7813,1,1,0.9976,1.0231
474,1_lmer_complete,0.07387168,0.406543453,0.584381813,1,1,1.033540809,1.025546608
474,2_blimp_complete,0.0585,0.4067,0.5716,1,1,1.0658,1.0258
474,3_lmer_naive,-0.488844866,0.532505542,0.455920882,0,1,0.744322415,0.815774989
474,4_blimp_lmc_noaux,-0.4926,0.5329,0.4383,0,0,0.7668,0.8162
474,5_blimp_omc_aux,0.0772,0.4468,0.6673,0,1,1.0629,1.0861
474,6_blimp_rescue,0.123,0.4046,0.5911,1,1,1.0808,1.0516
475,1_lmer_complete,0.168436246,0.424797126,0.681173873,1,1,1.100859425,0.97351539
475,2_blimp_complete,0.1536,0.4248,0.6855,1,1,1.1341,0.9737
475,3_lmer_naive,-0.40425486,0.559341873,0.528725593,0,1,0.911564188,0.776817506
475,4_blimp_lmc_noaux,-0.4079,0.56,0.5217,0,1,0.9383,0.7775
475,5_blimp_omc_aux,0.126,0.4677,0.7337,0,1,1.1553,1.0364
475,6_blimp_rescue,0.1745,0.4296,0.648,1,1,1.1957,1.0059
476,1_lmer_complete,0.139363175,0.397537003,0.586711635,1,1,0.833836154,1.01885453
476,2_blimp_complete,0.1257,0.3976,0.5803,1,1,0.8576,1.0191
476,3_lmer_naive,-0.430521904,0.541342882,0.41498655,0,0,0.649146172,0.756828474
476,4_blimp_lmc_noaux,-0.4405,0.5413,0.4054,0,0,0.6686,0.7573
476,5_blimp_omc_aux,0.0738,0.434,0.6457,1,1,0.8445,1.0342
476,6_blimp_rescue,0.1328,0.3924,0.5627,1,1,0.8505,0.997
477,1_lmer_complete,-0.124621277,0.409501509,0.617262307,1,1,1.250792279,0.965958798
477,2_blimp_complete,-0.1416,0.4096,0.6097,1,1,1.2859,0.9661
477,3_lmer_naive,-0.644809629,0.529082349,0.465109627,0,1,0.970116839,0.771806813
477,4_blimp_lmc_noaux,-0.6553,0.5294,0.4597,0,1,0.9979,0.7723
477,5_blimp_omc_aux,-0.1579,0.4478,0.6692,0,1,1.2411,1.0037
477,6_blimp_rescue,-0.132,0.4078,0.5948,1,1,1.2646,0.9693
478,1_lmer_complete,0.045793157,0.38584326,0.601104682,1,1,1.067729629,1.075713926
478,2_blimp_complete,0.0303,0.3859,0.5895,1,1,1.0986,1.076
478,3_lmer_naive,-0.514574939,0.547066973,0.484355296,0,1,0.835140266,0.807498669
478,4_blimp_lmc_noaux,-0.5222,0.5471,0.4912,0,1,0.859,0.8082
478,5_blimp_omc_aux,0.0181,0.4398,0.7449,1,1,1.1644,1.1224
478,6_blimp_rescue,0.0877,0.3995,0.6954,1,1,1.2132,1.089
479,1_lmer_complete,0.131604055,0.409157674,0.59521289,1,1,0.961390562,1.019754545
479,2_blimp_complete,0.1154,0.4093,0.6026,1,1,0.9901,1.02
479,3_lmer_naive,-0.436271827,0.576939002,0.441153561,0,0,0.810349165,0.783181781
479,4_blimp_lmc_noaux,-0.4502,0.577,0.4384,0,1,0.8362,0.7837
479,5_blimp_omc_aux,0.1113,0.4802,0.633,0,1,0.9533,1.0718
479,6_blimp_rescue,0.1277,0.4462,0.593,0,1,0.9739,1.0475
480,1_lmer_complete,-0.013594067,0.402638687,0.655168168,1,1,1.163362127,1.023217117
480,2_blimp_complete,-0.0307,0.4027,0.6527,1,1,1.1964,1.0235
480,3_lmer_naive,-0.575511787,0.525871154,0.520659427,0,1,0.90656179,0.809435631
480,4_blimp_lmc_noaux,-0.5873,0.5255,0.5264,0,1,0.9343,0.81
480,5_blimp_omc_aux,-0.0412,0.4337,0.7528,1,1,1.1502,1.105
480,6_blimp_rescue,0.0383,0.39,0.7056,1,1,1.1812,1.0722
481,1_lmer_complete,-0.073460197,0.377472458,0.631665262,1,1,0.767442379,1.021933039
481,2_blimp_complete,-0.0867,0.3775,0.6318,1,1,0.7903,1.0223
481,3_lmer_naive,-0.612146289,0.512319027,0.439712244,0,0,0.563878863,0.794924956
481,4_blimp_lmc_noaux,-0.6071,0.5127,0.429,0,1,0.5783,0.7958
481,5_blimp_omc_aux,-0.0925,0.3998,0.6725,1,1,0.7912,1.0625
481,6_blimp_rescue,-0.0704,0.3718,0.6056,1,1,0.8101,1.034
482,1_lmer_complete,-0.168050805,0.38998486,0.635444405,1,1,0.796839057,0.991081139
482,2_blimp_complete,-0.1811,0.3901,0.6345,1,1,0.8202,0.9913
482,3_lmer_naive,-0.729258784,0.540793113,0.435602735,0,0,0.622493916,0.76445167
482,4_blimp_lmc_noaux,-0.727,0.5409,0.4324,0,0,0.64,0.7653
482,5_blimp_omc_aux,-0.2371,0.4454,0.6694,0,1,0.745,1.0025
482,6_blimp_rescue,-0.2025,0.4108,0.6325,1,1,0.7566,0.9736
483,1_lmer_complete,-0.076454521,0.412317403,0.504431827,1,1,0.884828161,1.052500542
483,2_blimp_complete,-0.0911,0.4125,0.508,1,1,0.9114,1.0528
483,3_lmer_naive,-0.57601555,0.556368034,0.374086618,0,0,0.792400809,0.799213052
483,4_blimp_lmc_noaux,-0.5685,0.557,0.3568,0,0,0.8078,0.8
483,5_blimp_omc_aux,-0.0616,0.4403,0.5937,1,1,0.9688,1.0897
483,6_blimp_rescue,-0.0241,0.4129,0.5557,1,1,1.0377,1.0697
484,1_lmer_complete,0.062557891,0.405453299,0.582078983,1,1,0.907201683,0.98530119
484,2_blimp_complete,0.0483,0.4056,0.5604,1,1,0.9356,0.9855
484,3_lmer_naive,-0.426762115,0.533583923,0.405549299,0,0,0.777306943,0.770067333
484,4_blimp_lmc_noaux,-0.4347,0.5335,0.4154,0,0,0.8021,0.7707
484,5_blimp_omc_aux,0.0353,0.4238,0.604,1,1,0.906,1.0172
484,6_blimp_rescue,0.0695,0.3963,0.5845,1,1,0.9273,0.9931
485,1_lmer_complete,-0.089900485,0.384340501,0.625175303,1,1,1.337144097,1.003133784
485,2_blimp_complete,-0.1068,0.3844,0.6104,1,1,1.375,1.0034
485,3_lmer_naive,-0.655422706,0.525499157,0.410521296,0,0,0.975092373,0.792305192
485,4_blimp_lmc_noaux,-0.6658,0.5256,0.4165,0,1,1.0064,0.793
485,5_blimp_omc_aux,-0.1358,0.4383,0.6338,1,1,1.2527,1.0401
485,6_blimp_rescue,-0.1133,0.3973,0.5955,1,1,1.28,1.0043
486,1_lmer_complete,0.108773526,0.406721926,0.471459628,1,1,1.098790568,0.948676292
486,2_blimp_complete,0.0936,0.4068,0.4674,1,1,1.1302,0.9488
486,3_lmer_naive,-0.35378665,0.561770772,0.376052991,0,0,0.950145891,0.741360575
486,4_blimp_lmc_noaux,-0.3678,0.5621,0.3629,0,0,0.9742,0.7418
486,5_blimp_omc_aux,0.0984,0.4682,0.5383,0,1,1.1432,1.001
486,6_blimp_rescue,0.0987,0.4348,0.4413,1,1,1.1307,0.9761
487,1_lmer_complete,0.142779935,0.392123782,0.501059368,1,1,1.104797951,0.976546748
487,2_blimp_complete,0.1274,0.3922,0.4873,1,1,1.1387,0.9768
487,3_lmer_naive,-0.380512141,0.540618551,0.428257012,0,0,0.845857293,0.771655951
487,4_blimp_lmc_noaux,-0.3825,0.5413,0.4182,0,0,0.8688,0.7723
487,5_blimp_omc_aux,0.1296,0.4522,0.6076,0,1,1.1566,1.0127
487,6_blimp_rescue,0.1331,0.4226,0.5576,1,1,1.1933,0.991
488,1_lmer_complete,0.106023948,0.416167731,0.732995107,1,1,1.062300117,1.01591063
488,2_blimp_complete,0.0909,0.4162,0.7352,1,1,1.092,1.0161
488,3_lmer_naive,-0.445549981,0.567620282,0.554258445,0,1,0.833126665,0.792814769
488,4_blimp_lmc_noaux,-0.4591,0.5679,0.5438,0,1,0.8598,0.7933
488,5_blimp_omc_aux,0.0543,0.4697,0.7896,0,1,1.0572,1.0588
488,6_blimp_rescue,0.1082,0.4352,0.7138,1,1,1.0968,1.0315
489,1_lmer_complete,0.003011999,0.390999422,0.560223232,1,1,0.846300296,1.010267462
489,2_blimp_complete,-0.0112,0.3911,0.5478,1,1,0.8706,1.0105
489,3_lmer_naive,-0.532373105,0.533645757,0.371251763,0,0,0.719870806,0.8115339
489,4_blimp_lmc_noaux,-0.5382,0.534,0.3577,0,0,0.7398,0.8123
489,5_blimp_omc_aux,-0.0236,0.4522,0.6193,0,1,0.8942,1.0612
489,6_blimp_rescue,0.0071,0.4084,0.5663,1,1,0.8944,1.0227
490,1_lmer_complete,-0.057837424,0.384337527,0.596624896,1,1,1.156982912,0.969110686
490,2_blimp_complete,-0.0741,0.3844,0.5905,1,1,1.192,0.9694
490,3_lmer_naive,-0.576646915,0.503613715,0.434494701,0,0,0.894641331,0.771817517
490,4_blimp_lmc_noaux,-0.5856,0.5039,0.4291,0,0,0.9221,0.7724
490,5_blimp_omc_aux,-0.0848,0.4166,0.6101,1,1,1.1329,1.0065
490,6_blimp_rescue,-0.0625,0.3783,0.5812,1,1,1.1486,0.9753
491,1_lmer_complete,-0.019098783,0.417468869,0.66519534,1,1,1.095110502,0.98102835
491,2_blimp_complete,-0.0357,0.4176,0.6491,1,1,1.1252,0.9813
491,3_lmer_naive,-0.548254864,0.526818967,0.53480926,0,1,0.89167314,0.786174869
491,4_blimp_lmc_noaux,-0.5532,0.5273,0.5061,0,1,0.9169,0.7866
491,5_blimp_omc_aux,-0.0526,0.4341,0.743,1,1,1.0907,1.0223
491,6_blimp_rescue,-0.0279,0.4001,0.6881,1,1,1.1223,0.9934
492,1_lmer_complete,-0.164747733,0.388961542,0.571942884,1,1,1.159091197,1.009901498
492,2_blimp_complete,-0.1798,0.3891,0.5697,1,1,1.1932,1.0101
492,3_lmer_naive,-0.675549761,0.523451288,0.40438655,0,0,0.974320993,0.773014852
492,4_blimp_lmc_noaux,-0.6863,0.5233,0.4077,0,0,1.0047,0.7734
492,5_blimp_omc_aux,-0.1774,0.4106,0.6281,1,1,1.1677,1.0369
492,6_blimp_rescue,-0.1413,0.3803,0.5769,1,1,1.1921,1.0111
493,1_lmer_complete,0.054362844,0.404871868,0.512352523,1,1,1.068626662,0.996817299
493,2_blimp_complete,0.0391,0.405,0.4983,1,1,1.1025,0.9971
493,3_lmer_naive,-0.46014562,0.523142316,0.353110233,0,0,0.817020153,0.770631515
493,4_blimp_lmc_noaux,-0.4631,0.5236,0.341,0,0,0.8391,0.7713
493,5_blimp_omc_aux,0.0285,0.4345,0.5394,1,1,1.0594,1.0118
493,6_blimp_rescue,0.0409,0.3996,0.5049,1,1,1.0624,0.9883
494,1_lmer_complete,0.153222766,0.399104693,0.657632436,1,1,1.250317194,1.014521904
494,2_blimp_complete,0.1368,0.3992,0.6364,1,1,1.2882,1.0147
494,3_lmer_naive,-0.467160501,0.542196221,0.445301021,0,1,1.058778755,0.75464887
494,4_blimp_lmc_noaux,-0.4728,0.5425,0.4171,0,0,1.0893,0.7551
494,5_blimp_omc_aux,0.0671,0.4378,0.6962,1,1,1.2286,1.0178
494,6_blimp_rescue,0.1296,0.4048,0.6708,1,1,1.2803,0.9926
495,1_lmer_complete,-0.090404602,0.398348892,0.496176218,1,1,1.083437179,0.990641193
495,2_blimp_complete,-0.1055,0.3985,0.4784,1,1,1.1185,0.9909
495,3_lmer_naive,-0.57395048,0.517385303,0.287272404,0,0,0.942211858,0.795534399
495,4_blimp_lmc_noaux,-0.5673,0.5174,0.2741,0,0,0.9635,0.7964
495,5_blimp_omc_aux,-0.086,0.4427,0.5355,0,1,1.2031,1.0343
495,6_blimp_rescue,-0.0825,0.4005,0.4879,1,1,1.197,1.0015
496,1_lmer_complete,-0.020540903,0.388625995,0.766958597,1,1,0.887285623,0.988048701
496,2_blimp_complete,-0.0352,0.3888,0.7685,1,1,0.9122,0.9882
496,3_lmer_naive,-0.550969551,0.508936451,0.5197778,0,1,0.724814927,0.794677525
496,4_blimp_lmc_noaux,-0.5553,0.5093,0.5172,0,1,0.7479,0.7953
496,5_blimp_omc_aux,-0.0749,0.4078,0.799,1,0,0.8895,1.0438
496,6_blimp_rescue,0.0238,0.3739,0.794,1,1,0.9323,1.0138
497,1_lmer_complete,-0.178590298,0.387160205,0.654186321,1,1,0.900246111,0.950176124
497,2_blimp_complete,-0.1925,0.3872,0.659,1,1,0.9265,0.9504
497,3_lmer_naive,-0.685605384,0.535064678,0.522950135,0,1,0.723604413,0.734507914
497,4_blimp_lmc_noaux,-0.6943,0.5356,0.516,0,1,0.7471,0.7349
497,5_blimp_omc_aux,-0.2117,0.4386,0.7159,1,1,0.8829,0.9709
497,6_blimp_rescue,-0.17,0.4111,0.6599,1,1,0.9051,0.9491
498,1_lmer_complete,-0.184339241,0.383904208,0.579967449,1,1,0.885952293,1.020849218
498,2_blimp_complete,-0.1967,0.384,0.5771,1,1,0.9116,1.0211
498,3_lmer_naive,-0.702630195,0.517193216,0.442187934,0,1,0.653717246,0.806238433
498,4_blimp_lmc_noaux,-0.7124,0.5175,0.4331,0,0,0.6736,0.8067
498,5_blimp_omc_aux,-0.2174,0.4058,0.6361,1,1,0.8417,1.0703
498,6_blimp_rescue,-0.1548,0.3757,0.5982,1,1,0.8642,1.0461
499,1_lmer_complete,0.028056591,0.410217712,0.506164399,1,1,1.013752399,1.007130888
499,2_blimp_complete,0.0129,0.4103,0.503,1,1,1.0441,1.0074
499,3_lmer_naive,-0.476918263,0.532086289,0.348755038,0,0,0.730242176,0.805239241
499,4_blimp_lmc_noaux,-0.4822,0.5325,0.3368,0,0,0.7506,0.8058
499,5_blimp_omc_aux,0.0195,0.4415,0.5929,0,1,1.0322,1.047
499,6_blimp_rescue,0.0579,0.4088,0.5337,1,1,1.0415,1.0228
500,1_lmer_complete,0.0198175,0.40417728,0.472700708,1,1,0.798205802,1.003626302
500,2_blimp_complete,0.0067,0.4043,0.4686,1,1,0.8222,1.0038
500,3_lmer_naive,-0.486445595,0.537613095,0.247705694,0,0,0.730493532,0.766716905
500,4_blimp_lmc_noaux,-0.489,0.537,0.2424,0,0,0.7517,0.7677
500,5_blimp_omc_aux,0.057,0.4191,0.4751,1,1,0.8564,1.057
500,6_blimp_rescue,0.0117,0.3897,0.3867,1,1,0.8742,1.0284
501,1_lmer_complete,-0.065628131,0.399685827,0.582705786,1,1,1.2064796,1.021823899
501,2_blimp_complete,-0.0804,0.3998,0.5596,1,1,1.2452,1.022
501,3_lmer_naive,-0.611012302,0.550410423,0.458036082,0,1,0.993838187,0.804229089
501,4_blimp_lmc_noaux,-0.6171,0.5506,0.442,0,1,1.0263,0.8047
501,5_blimp_omc_aux,-0.0876,0.4526,0.6616,0,1,1.2317,1.0864
501,6_blimp_rescue,-0.0393,0.413,0.622,1,1,1.2476,1.0522
502,1_lmer_complete,-0.053560539,0.400639109,0.583045594,1,1,0.941757748,1.007723985
502,2_blimp_complete,-0.0672,0.4008,0.5658,1,1,0.9709,1.0079
502,3_lmer_naive,-0.566733843,0.539549107,0.406651267,0,0,0.721562639,0.794750734
502,4_blimp_lmc_noaux,-0.5654,0.5399,0.394,0,0,0.74,0.7953
502,5_blimp_omc_aux,-0.0335,0.451,0.6283,0,1,0.9387,1.0597
502,6_blimp_rescue,-0.0224,0.4143,0.5666,1,1,0.9527,1.029
503,1_lmer_complete,0.23271945,0.410257629,0.627541201,1,1,1.163275624,0.970946044
503,2_blimp_complete,0.2172,0.4104,0.6271,1,1,1.197,0.9711
503,3_lmer_naive,-0.280684362,0.546832141,0.46440236,0,1,1.010385745,0.754825224
503,4_blimp_lmc_noaux,-0.2876,0.547,0.4709,0,1,1.0384,0.7555
503,5_blimp_omc_aux,0.2134,0.4564,0.654,0,1,1.139,1.0035
503,6_blimp_rescue,0.267,0.4221,0.6439,1,1,1.1697,0.9792
504,1_lmer_complete,0.000454913,0.404787241,0.655637442,1,1,0.982263385,1.029120599
504,2_blimp_complete,-0.0141,0.405,0.6593,1,1,1.0132,1.0293
504,3_lmer_naive,-0.562627859,0.534338092,0.435879123,0,0,0.850150089,0.820356918
504,4_blimp_lmc_noaux,-0.5681,0.5351,0.4171,0,0,0.8711,0.821
504,5_blimp_omc_aux,-0.0087,0.4435,0.6765,0,1,1.0104,1.0997
504,6_blimp_rescue,0.0048,0.4035,0.6557,1,1,1.0432,1.0618
505,1_lmer_complete,-0.011483141,0.396574051,0.693744487,1,1,0.760793778,0.979492414
505,2_blimp_complete,-0.0243,0.3967,0.7002,1,1,0.7817,0.9797
505,3_lmer_naive,-0.573213437,0.545435049,0.544139719,0,1,0.54089189,0.781163064
505,4_blimp_lmc_noaux,-0.5829,0.5456,0.5444,0,1,0.5585,0.7815
505,5_blimp_omc_aux,-0.0318,0.4345,0.7508,1,1,0.7713,1.0735
505,6_blimp_rescue,0.0295,0.3928,0.6861,1,1,0.8041,1.0384
506,1_lmer_complete,-0.056935492,0.387174788,0.557305025,1,1,1.101240919,0.994694435
506,2_blimp_complete,-0.0731,0.3873,0.5505,1,1,1.1325,0.9949
506,3_lmer_naive,-0.610263015,0.50675717,0.405410914,0,0,0.873788456,0.77604878
506,4_blimp_lmc_noaux,-0.6174,0.5067,0.406,0,0,0.8999,0.7765
506,5_blimp_omc_aux,-0.0807,0.4012,0.6305,1,1,1.1036,1.0447
506,6_blimp_rescue,-0.0283,0.3617,0.5536,1,1,1.1356,1.0084
507,1_lmer_complete,-0.051370763,0.384966262,0.662829976,1,1,0.998754426,1.004813253
507,2_blimp_complete,-0.0668,0.385,0.6722,1,1,1.0315,1.005
507,3_lmer_naive,-0.598106194,0.529684728,0.472614847,0,1,0.839557528,0.812532063
507,4_blimp_lmc_noaux,-0.6032,0.53,0.471,0,1,0.8654,0.8131
507,5_blimp_omc_aux,-0.0979,0.4477,0.721,0,1,1.0414,1.067
507,6_blimp_rescue,-0.0342,0.4104,0.7056,1,1,1.0906,1.0383
508,1_lmer_complete,-0.058736813,0.393600376,0.740310801,1,1,0.992287911,0.995552745
508,2_blimp_complete,-0.0741,0.3937,0.741,1,1,1.0184,0.9958
508,3_lmer_naive,-0.645987544,0.527544363,0.547082315,0,1,0.792871685,0.764485693
508,4_blimp_lmc_noaux,-0.6526,0.5277,0.5453,0,1,0.8186,0.7648
508,5_blimp_omc_aux,-0.1458,0.4418,0.7916,1,0,0.9464,1.0045
508,6_blimp_rescue,-0.055,0.4049,0.7724,1,1,0.9856,0.9772
509,1_lmer_complete,-0.077524108,0.398092336,0.605226127,1,1,0.952701392,1.002564376
509,2_blimp_complete,-0.0926,0.3982,0.5771,1,1,0.9808,1.0028
509,3_lmer_naive,-0.599130378,0.520891241,0.454752522,0,1,0.734883489,0.779095614
509,4_blimp_lmc_noaux,-0.6044,0.5212,0.4345,0,0,0.7567,0.7795
509,5_blimp_omc_aux,-0.1441,0.4313,0.6691,1,1,0.9383,1.0086
509,6_blimp_rescue,-0.0823,0.3913,0.5837,1,1,0.9613,0.9758
510,1_lmer_complete,-0.19370435,0.413743253,0.691276184,1,1,0.975129189,1.034849965
510,2_blimp_complete,-0.2093,0.4139,0.6898,1,1,1.0031,1.0351
510,3_lmer_naive,-0.698492527,0.543972146,0.532861587,0,1,0.815447756,0.825738439
510,4_blimp_lmc_noaux,-0.7079,0.5442,0.5285,0,1,0.8395,0.8262
510,5_blimp_omc_aux,-0.2404,0.447,0.7313,0,1,0.9887,1.0798
510,6_blimp_rescue,-0.1992,0.416,0.7022,1,1,1.0218,1.0532
511,1_lmer_complete,-0.074708809,0.395350056,0.496323709,1,1,0.714570327,0.968254246
511,2_blimp_complete,-0.087,0.3955,0.4903,1,1,0.7364,0.9685
511,3_lmer_naive,-0.583408175,0.527867553,0.365538872,0,0,0.567701188,0.778443201
511,4_blimp_lmc_noaux,-0.5947,0.5274,0.3589,0,0,0.5886,0.7789
511,5_blimp_omc_aux,-0.0509,0.4449,0.5903,0,1,0.722,1.0254
511,6_blimp_rescue,-0.0588,0.4038,0.5258,1,1,0.7359,0.9941
512,1_lmer_complete,-0.074712531,0.416061693,0.559659853,1,1,0.885133249,0.962621082
512,2_blimp_complete,-0.088,0.4161,0.5647,1,1,0.9121,0.9629
512,3_lmer_naive,-0.546120957,0.5376222,0.433113415,0,0,0.828836769,0.767706618
512,4_blimp_lmc_noaux,-0.5601,0.5383,0.4087,0,0,0.8517,0.7681
512,5_blimp_omc_aux,-0.0714,0.4392,0.626,1,1,0.8974,1.0071
512,6_blimp_rescue,-0.0219,0.4117,0.6133,1,1,0.9118,0.9832
513,1_lmer_complete,-0.102408137,0.409171775,0.641955662,1,1,0.682617975,0.999253264
513,2_blimp_complete,-0.1139,0.4093,0.6345,1,1,0.7027,0.9995
513,3_lmer_naive,-0.624252486,0.537524165,0.490803366,0,1,0.486144891,0.788959264
513,4_blimp_lmc_noaux,-0.6257,0.538,0.4825,0,1,0.5013,0.7896
513,5_blimp_omc_aux,-0.1283,0.4444,0.6693,0,1,0.6684,1.0359
513,6_blimp_rescue,-0.1073,0.4148,0.6415,1,1,0.6853,1.0092
514,1_lmer_complete,0.066591568,0.405542772,0.603350412,1,1,1.137845632,1.001037043
514,2_blimp_complete,0.0522,0.4056,0.5996,1,1,1.1714,1.0013
514,3_lmer_naive,-0.513682285,0.539965997,0.388869872,0,0,1.045228722,0.779818561
514,4_blimp_lmc_noaux,-0.5283,0.5402,0.3784,0,0,1.0757,0.7803
514,5_blimp_omc_aux,0.0199,0.4524,0.6211,0,1,1.1826,1.0478
514,6_blimp_rescue,0.043,0.4128,0.5715,1,1,1.1887,1.0107
515,1_lmer_complete,-0.164077873,0.395792719,0.489761396,1,1,1.369073532,0.963311893
515,2_blimp_complete,-0.1809,0.3959,0.4777,1,1,1.409,0.9635
515,3_lmer_naive,-0.654941773,0.508479808,0.34025975,0,0,1.137481854,0.75200259
515,4_blimp_lmc_noaux,-0.6695,0.5088,0.3204,0,0,1.1667,0.7524
515,5_blimp_omc_aux,-0.1943,0.4158,0.5914,1,1,1.4173,0.9829
515,6_blimp_rescue,-0.1775,0.3778,0.4608,1,1,1.4418,0.9494
516,1_lmer_complete,0.091060927,0.37114219,0.60090976,0,1,1.008475549,0.993289957
516,2_blimp_complete,0.0751,0.3713,0.591,0,1,1.0402,0.9934
516,3_lmer_naive,-0.455227731,0.51986612,0.460744776,0,1,0.764829027,0.770322902
516,4_blimp_lmc_noaux,-0.4593,0.5204,0.4595,0,1,0.7859,0.771
516,5_blimp_omc_aux,0.0478,0.3969,0.6551,1,1,0.9795,1.0662
516,6_blimp_rescue,0.118,0.3621,0.5718,1,1,1.0043,1.0331
517,1_lmer_complete,-0.02261019,0.399604581,0.510150889,1,1,1.269937144,1.015078643
517,2_blimp_complete,-0.0408,0.3998,0.5145,1,1,1.308,1.0153
517,3_lmer_naive,-0.529644897,0.546608274,0.347332493,0,0,1.019792996,0.747860138
517,4_blimp_lmc_noaux,-0.5351,0.5471,0.338,0,0,1.0449,0.7484
517,5_blimp_omc_aux,-0.0657,0.4281,0.527,1,1,1.2827,1.0127
517,6_blimp_rescue,-0.0393,0.3983,0.5168,1,1,1.3198,0.9877
518,1_lmer_complete,0.193845375,0.41919402,0.654825429,1,1,0.929455056,0.997103106
518,2_blimp_complete,0.178,0.4193,0.6443,1,1,0.9588,0.9973
518,3_lmer_naive,-0.40441321,0.552109193,0.429894416,0,1,0.673809395,0.764183474
518,4_blimp_lmc_noaux,-0.407,0.5527,0.4205,0,1,0.6925,0.7649
518,5_blimp_omc_aux,0.1858,0.4385,0.6279,1,1,0.9273,1.0729
518,6_blimp_rescue,0.2137,0.4019,0.5418,1,1,0.9458,1.0403
519,1_lmer_complete,0.132283167,0.420139872,0.635296837,1,1,1.257634854,0.977072098
519,2_blimp_complete,0.1169,0.4202,0.6187,1,1,1.2956,0.9773
519,3_lmer_naive,-0.458225027,0.578670624,0.470152445,0,1,0.885770093,0.75511258
519,4_blimp_lmc_noaux,-0.4539,0.5789,0.4655,0,1,0.9083,0.7559
519,5_blimp_omc_aux,0.0948,0.4983,0.7145,0,1,1.2241,0.9924
519,6_blimp_rescue,0.1322,0.4634,0.6106,0,1,1.2818,0.9685
520,1_lmer_complete,0.147553895,0.41949738,0.616498714,1,1,1.470576574,1.01467219
520,2_blimp_complete,0.1309,0.4196,0.606,1,1,1.5131,1.0149
520,3_lmer_naive,-0.507840032,0.543731461,0.418932596,0,1,1.084877175,0.762251173
520,4_blimp_lmc_noaux,-0.5166,0.544,0.414,0,0,1.1145,0.7629
520,5_blimp_omc_aux,0.1036,0.4503,0.6396,0,1,1.4233,1.0418
520,6_blimp_rescue,0.1379,0.4015,0.528,1,1,1.446,1.0002
521,1_lmer_complete,-0.080106601,0.41371116,0.731130293,1,1,0.906645766,0.993629202
521,2_blimp_complete,-0.0934,0.4139,0.7304,1,1,0.9332,0.9939
521,3_lmer_naive,-0.628916541,0.525086114,0.549684277,0,1,0.732132111,0.777626816
521,4_blimp_lmc_noaux,-0.6313,0.5254,0.5519,0,1,0.755,0.7782
521,5_blimp_omc_aux,-0.1298,0.4407,0.7577,1,1,0.9009,1.019
521,6_blimp_rescue,-0.0624,0.4003,0.7658,1,1,0.9339,0.989
522,1_lmer_complete,-0.11840284,0.389732238,0.608635053,1,1,0.810751274,0.983464549
522,2_blimp_complete,-0.1321,0.3897,0.606,1,1,0.8343,0.9836
522,3_lmer_naive,-0.667463519,0.524936987,0.432325877,0,0,0.610672435,0.756621834
522,4_blimp_lmc_noaux,-0.6764,0.5251,0.4255,0,0,0.6301,0.7571
522,5_blimp_omc_aux,-0.1377,0.4374,0.6607,1,1,0.8197,1.0153
522,6_blimp_rescue,-0.0983,0.3975,0.6119,1,1,0.8388,0.9883
523,1_lmer_complete,0.052426975,0.395612947,0.602878366,1,1,0.99703915,0.979231964
523,2_blimp_complete,0.036,0.3957,0.5904,1,1,1.0289,0.9794
523,3_lmer_naive,-0.466715807,0.511206724,0.437444433,0,1,0.878054666,0.762363002
523,4_blimp_lmc_noaux,-0.4755,0.5112,0.4262,0,1,0.9068,0.7627
523,5_blimp_omc_aux,0.0212,0.4166,0.6608,1,1,1.0239,0.994
523,6_blimp_rescue,0.0667,0.3836,0.6239,1,1,1.0427,0.9665
524,1_lmer_complete,0.030123072,0.408025128,0.556773155,1,1,1.000297139,0.980493198
524,2_blimp_complete,0.0128,0.4081,0.5582,1,1,1.031,0.9807
524,3_lmer_naive,-0.536953715,0.531608807,0.433607562,0,0,0.704189771,0.75207821
524,4_blimp_lmc_noaux,-0.5406,0.5319,0.4285,0,1,0.7256,0.7528
524,5_blimp_omc_aux,-0.041,0.427,0.6726,1,1,1.0004,1.0271
524,6_blimp_rescue,0.0166,0.3873,0.5853,1,1,1.0041,0.9862
525,1_lmer_complete,-0.113599531,0.3972137,0.617008636,1,1,0.864626735,0.963516106
525,2_blimp_complete,-0.1283,0.3973,0.6085,1,1,0.8903,0.9638
525,3_lmer_naive,-0.639403978,0.548495954,0.479197418,0,1,0.729651415,0.762613166
525,4_blimp_lmc_noaux,-0.6519,0.5483,0.4763,0,1,0.7539,0.7632
525,5_blimp_omc_aux,-0.1575,0.4565,0.6866,0,1,0.8526,1.0217
525,6_blimp_rescue,-0.0982,0.4196,0.6219,1,1,0.8698,0.9948
526,1_lmer_complete,-0.097134193,0.400210679,0.720719058,1,1,0.85794939,1.000889233
526,2_blimp_complete,-0.1111,0.4003,0.7159,1,1,0.8812,1.001
526,3_lmer_naive,-0.641095042,0.52928983,0.537436013,0,1,0.703765452,0.782450575
526,4_blimp_lmc_noaux,-0.6464,0.5296,0.5379,0,1,0.7248,0.7831
526,5_blimp_omc_aux,-0.1289,0.4292,0.7518,1,1,0.871,1.0478
526,6_blimp_rescue,-0.0831,0.3901,0.7374,1,1,0.9008,1.0115
527,1_lmer_complete,-0.036323502,0.400988536,0.604335827,1,1,0.941888906,1.009445701
527,2_blimp_complete,-0.0526,0.4011,0.6141,1,1,0.9716,1.0097
527,3_lmer_naive,-0.589844787,0.558004544,0.47694619,0,1,0.794685767,0.772497332
527,4_blimp_lmc_noaux,-0.5974,0.5581,0.4751,0,1,0.8178,0.7731
527,5_blimp_omc_aux,-0.1193,0.4648,0.7156,0,1,0.9605,1.0258
527,6_blimp_rescue,-0.0671,0.4253,0.6666,1,1,0.9765,0.995
528,1_lmer_complete,-0.291388256,0.380480663,0.524261549,1,1,1.29440238,0.979748586
528,2_blimp_complete,-0.3086,0.3805,0.5168,1,1,1.3312,0.9801
528,3_lmer_naive,-0.79355116,0.517048432,0.422314658,0,1,1.049787609,0.777999379
528,4_blimp_lmc_noaux,-0.8016,0.5172,0.4156,0,0,1.0802,0.7785
528,5_blimp_omc_aux,-0.3496,0.4141,0.6042,1,1,1.3662,1.0241
528,6_blimp_rescue,-0.2668,0.3837,0.5119,1,1,1.3771,0.9987
529,"1_lmer_complete",0.174942474899064,0.404030607348365,0.54316031924436,1,1,0.74457254420924,0.973180125997311
529,"2_blimp_complete",0.1627,0.4041,0.5302,1,1,0.7662,0.9733
529,"3_lmer_naive",-0.380765018941301,0.573270269049585,0.44807514561859,0,0,0.576151233857034,0.726988973557495
529,"4_blimp_lmc_noaux",-0.3818,0.5738,0.4313,0,0,0.5914,0.7276
529,"5_blimp_omc_aux",0.1313,0.4783,0.66,0,1,0.7719,0.9961
529,"6_blimp_rescue",0.1492,0.4403,0.5677,1,1,0.7793,0.9675
530,"1_lmer_complete",0.141562953005428,0.412928911557535,0.706487952729572,1,1,1.18037743961729,1.01073509567005
530,"2_blimp_complete",0.1256,0.413,0.7072,1,1,1.2141,1.011
530,"3_lmer_naive",-0.493523697194635,0.531812969491588,0.547483797492166,0,1,0.811456078383757,0.786586653757159
530,"4_blimp_lmc_noaux",-0.502,0.5318,0.5568,0,1,0.8381,0.7874
530,"5_blimp_omc_aux",0.0333,0.4371,0.7827,1,0,1.0717,1.052
530,"6_blimp_rescue",0.1521,0.398,0.7453,1,1,1.1102,1.0144
531,"1_lmer_complete",0.103296661139246,0.406518553961422,0.610530260765598,1,1,0.895051479753434,0.995538651680521
531,"2_blimp_complete",0.0884,0.4066,0.6068,1,1,0.9226,0.9958
531,"3_lmer_naive",-0.410383527895671,0.55866512204575,0.402665545534242,0,0,0.671960684731404,0.799952219641175
531,"4_blimp_lmc_noaux",-0.4052,0.5588,0.3904,0,0,0.6905,0.8008
531,"5_blimp_omc_aux",0.1089,0.4544,0.654,0,1,0.9088,1.091
531,"6_blimp_rescue",0.1476,0.4185,0.6253,1,1,0.9376,1.0622
532,"1_lmer_complete",0.00746497932828378,0.375791878098459,0.508986909269513,1,1,1.06256331022331,0.995627165277294
532,"2_blimp_complete",-0.0086,0.3758,0.5022,1,1,1.0938,0.9959
532,"3_lmer_naive",-0.512433608728782,0.489754163303326,0.334195102639649,0,0,0.834119667182581,0.811804014625629
532,"4_blimp_lmc_noaux",-0.5129,0.4907,0.3132,0,0,0.8513,0.8124
532,"5_blimp_omc_aux",0.0318,0.398,0.5835,1,1,1.0316,1.0674
532,"6_blimp_rescue",0.0635,0.3608,0.5462,1,1,1.066,1.0296
533,"1_lmer_complete",0.013871075822141,0.384838940793177,0.438677569075607,1,1,1.00603003925677,1.00985195622226
533,"2_blimp_complete",-0.0011,0.385,0.4299,1,1,1.0358,1.0101
533,"3_lmer_naive",-0.531414178301367,0.514716658052812,0.309054208082596,0,0,0.833791254528073,0.79446888720621
533,"4_blimp_lmc_noaux",-0.5415,0.5147,0.2949,0,0,0.8585,0.7951
533,"5_blimp_omc_aux",0.0496,0.4172,0.5321,1,1,1.0406,1.078
533,"6_blimp_rescue",0.0265,0.3747,0.4373,1,1,1.0387,1.0404
534,"1_lmer_complete",0.0401261051738372,0.400277453016033,0.567683911919524,1,1,1.08991627857128,1.02574645388541
534,"2_blimp_complete",0.025,0.4004,0.557,1,1,1.1185,1.026
534,"3_lmer_naive",-0.508172294532596,0.533420887083837,0.388057627266746,0,0,0.913370635084774,0.799844412424477
534,"4_blimp_lmc_noaux",-0.5163,0.5336,0.369,0,0,0.9364,0.8004
534,"5_blimp_omc_aux",0.0113,0.4334,0.6293,1,1,1.0914,1.0867
534,"6_blimp_rescue",0.055,0.3921,0.5685,1,1,1.1104,1.0559
535,"1_lmer_complete",0.101002440120006,0.406413761035217,0.759600329792865,1,1,0.904078379827456,1.01608835986144
535,"2_blimp_complete",0.0892,0.4066,0.7682,1,1,0.9283,1.0163
535,"3_lmer_naive",-0.477719549757561,0.54731935593198,0.584810682326782,0,1,0.793881187381269,0.823794545581458
535,"4_blimp_lmc_noaux",-0.4713,0.5476,0.587,0,1,0.8158,0.8247
535,"5_blimp_omc_aux",0.089,0.4463,0.8367,0,0,0.9445,1.0994
535,"6_blimp_rescue",0.1793,0.4098,0.8568,1,0,0.9755,1.0709
536,"1_lmer_complete",-0.220430402125217,0.387200444281515,0.445585094961761,1,1,1.13106877670351,1.02096837010371
536,"2_blimp_complete",-0.2372,0.3874,0.4201,1,1,1.1689,1.0212
536,"3_lmer_naive",-0.744235045734626,0.520965282291811,0.371964614325504,0,0,0.9089707798324,0.806703581764384
536,"4_blimp_lmc_noaux",-0.7542,0.5211,0.3517,0,0,0.9379,0.8071
536,"5_blimp_omc_aux",-0.2082,0.422,0.5634,1,1,1.1571,1.075
536,"6_blimp_rescue",-0.2103,0.382,0.4705,1,1,1.1571,1.0339
537,"1_lmer_complete",-0.00684706692517436,0.403638965270618,0.799233109169064,1,0,1.0982108259455,1.02480785297353
537,"2_blimp_complete",-0.0193,0.4037,0.8122,1,1,1.1303,1.025
537,"3_lmer_naive",-0.597490542850906,0.526562048494778,0.540227175693709,0,1,0.789748806479941,0.830214768594382
537,"4_blimp_lmc_noaux",-0.6,0.5268,0.5386,0,1,0.8143,0.8308
537,"5_blimp_omc_aux",-0.055,0.4351,0.8179,1,0,1.0666,1.0861
537,"6_blimp_rescue",-0.0047,0.3984,0.8052,1,0,1.1232,1.0552
538,"1_lmer_complete",-0.00566725005606858,0.379228197989763,0.814455518564264,1,1,0.964177052704936,1.02192116466765
538,"2_blimp_complete",-0.0171,0.3794,0.8276,1,0,0.99,1.0222
538,"3_lmer_naive",-0.59496349010315,0.513460007206992,0.554634674217603,0,1,0.736031571999986,0.80755284094312
538,"4_blimp_lmc_noaux",-0.604,0.5139,0.5506,0,1,0.7602,0.8079
538,"5_blimp_omc_aux",-0.1057,0.4096,0.8154,1,0,0.9279,1.086
538,"6_blimp_rescue",-0.0014,0.3779,0.7778,1,1,0.9741,1.058
539,"1_lmer_complete",0.0363252640432514,0.397270064188977,0.419644372368825,1,1,1.10568974908343,0.998114100816557
539,"2_blimp_complete",0.0208,0.3973,0.4086,1,0,1.1405,0.9984
539,"3_lmer_naive",-0.452141489603649,0.5332517032743,0.339449996681156,0,0,0.892179709214958,0.799390611719444
539,"4_blimp_lmc_noaux",-0.4575,0.5336,0.3124,0,0,0.9136,0.7999
539,"5_blimp_omc_aux",0.0431,0.4482,0.5339,0,1,1.1644,1.045
539,"6_blimp_rescue",0.0437,0.4116,0.4421,1,1,1.1549,1.0151
540,"1_lmer_complete",0.0328223075989394,0.415637617050275,0.503954944275878,1,1,0.925722002300143,1.01547859322247
540,"2_blimp_complete",0.0181,0.4158,0.4808,1,1,0.9554,1.0157
540,"3_lmer_naive",-0.522716372316358,0.55730841496585,0.393462899453518,0,0,0.804373910320277,0.761436635481488
540,"4_blimp_lmc_noaux",-0.5293,0.5576,0.3617,0,0,0.8261,0.762
540,"5_blimp_omc_aux",-0.0011,0.4523,0.6537,0,1,0.9608,1.0375
540,"6_blimp_rescue",0.0409,0.4121,0.5394,1,1,0.9732,0.9995
541,"1_lmer_complete",0.0194329173036547,0.391327332679947,0.521211926648185,1,1,1.10489356913216,1.00157121786877
541,"2_blimp_complete",0.0032,0.3915,0.5055,1,1,1.1385,1.0018
541,"3_lmer_naive",-0.466230989361602,0.514958973973439,0.41207948561822,0,0,0.931219331280656,0.780898658074108
541,"4_blimp_lmc_noaux",-0.4745,0.5152,0.3938,0,0,0.9582,0.7814
541,"5_blimp_omc_aux",0.0224,0.4109,0.6199,1,1,1.1704,1.0449
541,"6_blimp_rescue",0.0683,0.3792,0.5145,1,1,1.184,1.0146
542,"1_lmer_complete",-0.0744363717849567,0.401169527060582,0.626616106037859,1,1,0.951658476508756,1.00325729849642
542,"2_blimp_complete",-0.0893,0.4012,0.6362,1,1,0.9784,1.0035
542,"3_lmer_naive",-0.622467314788179,0.540827333300361,0.488374687308763,0,1,0.740364254172984,0.771904206531055
542,"4_blimp_lmc_noaux",-0.6316,0.5413,0.4866,0,1,0.7631,0.7723
542,"5_blimp_omc_aux",-0.1209,0.4409,0.6721,1,1,0.9358,1.037
542,"6_blimp_rescue",-0.0788,0.4065,0.6275,1,1,0.9644,1.0103
543,"1_lmer_complete",-0.134194248907114,0.421808454781569,0.544674849487105,1,1,1.15426595246576,1.02835028253789
543,"2_blimp_complete",-0.1501,0.4219,0.5323,1,1,1.189,1.0286
543,"3_lmer_naive",-0.654183976914843,0.579999021986614,0.42582835388371,0,0,0.898424550152643,0.801197823910148
543,"4_blimp_lmc_noaux",-0.6608,0.5809,0.391,0,0,0.919,0.8016
543,"5_blimp_omc_aux",-0.1519,0.4803,0.6407,0,1,1.1732,1.0833
543,"6_blimp_rescue",-0.1481,0.4457,0.5612,0,1,1.2026,1.0556
544,"1_lmer_complete",0.096450690095125,0.380094939711725,0.627708787967796,1,1,1.19358775011597,1.01216487164361
544,"2_blimp_complete",0.0791,0.3801,0.6295,1,1,1.2275,1.0123
544,"3_lmer_naive",-0.478107197064962,0.519132844741213,0.488611773396513,0,1,0.910696309519813,0.78709397665283
544,"4_blimp_lmc_noaux",-0.4903,0.5192,0.4856,0,1,0.9383,0.7876
544,"5_blimp_omc_aux",0.0679,0.4145,0.7032,1,1,1.1627,1.0932
544,"6_blimp_rescue",0.1241,0.37,0.6706,1,1,1.212,1.0538
545,"1_lmer_complete",-0.0821083262327123,0.42258302563795,0.624158198672387,1,1,1.08955876776582,1.00513252581669
545,"2_blimp_complete",-0.0977,0.4227,0.6128,1,1,1.1215,1.0054
545,"3_lmer_naive",-0.600458348694292,0.565354616184728,0.497553528854947,0,1,0.85154729339615,0.780835240504064
545,"4_blimp_lmc_noaux",-0.6091,0.5657,0.5057,0,1,0.8764,0.7815
545,"5_blimp_omc_aux",-0.108,0.4724,0.7048,0,1,1.126,1.0368
545,"6_blimp_rescue",-0.0466,0.4313,0.6421,1,1,1.1693,1.0076
546,"1_lmer_complete",0.0526272989088219,0.389173678536303,0.538244248483585,1,1,0.882021520090777,1.00312829676289
546,"2_blimp_complete",0.0393,0.3893,0.5236,1,1,0.909,1.0034
546,"3_lmer_naive",-0.448385925379005,0.497827034981337,0.390475779905656,0,0,0.754071847643015,0.777031947391933
546,"4_blimp_lmc_noaux",-0.4545,0.4979,0.3904,0,0,0.7768,0.7776
546,"5_blimp_omc_aux",0.0733,0.4007,0.5971,1,1,0.9505,1.0362
546,"6_blimp_rescue",0.0818,0.3606,0.53,1,1,0.9513,0.9965
547,"1_lmer_complete",0.112305003546955,0.394621254917664,0.516247086787606,1,1,1.00289570844193,0.982660643083064
547,"2_blimp_complete",0.0977,0.3948,0.5053,1,1,1.0362,0.9829
547,"3_lmer_naive",-0.405846757079304,0.543310297649021,0.416796285535851,0,0,0.775145389080291,0.757084648573694
547,"4_blimp_lmc_noaux",-0.4146,0.5433,0.412,0,0,0.8034,0.7575
547,"5_blimp_omc_aux",0.1095,0.4293,0.5751,1,1,0.9719,1.0426
547,"6_blimp_rescue",0.1558,0.4002,0.5285,1,1,0.9903,1.0237
548,"1_lmer_complete",-0.123766903256776,0.404437729504683,0.695211482280806,1,1,1.06697707369175,0.993141446622154
548,"2_blimp_complete",-0.14,0.4045,0.6897,1,1,1.0997,0.9933
548,"3_lmer_naive",-0.659791607770308,0.50946245499173,0.489186285455722,0,1,0.851244645615263,0.808155695282222
548,"4_blimp_lmc_noaux",-0.6684,0.5097,0.4797,0,1,0.8794,0.8086
548,"5_blimp_omc_aux",-0.1703,0.4159,0.7152,1,1,1.0231,1.0423
548,"6_blimp_rescue",-0.1275,0.3781,0.6813,1,1,1.0704,1.0073
549,"1_lmer_complete",0.0664571834745438,0.399884231048053,0.571003950558601,1,1,1.03258242534793,0.971585586737459
549,"2_blimp_complete",0.0528,0.3999,0.553,1,1,1.063,0.9718
549,"3_lmer_naive",-0.505109611559677,0.552214455632478,0.380685776591457,0,0,0.773132785009783,0.7585586071281
549,"4_blimp_lmc_noaux",-0.5019,0.552,0.3649,0,0,0.7915,0.7596
549,"5_blimp_omc_aux",0.0504,0.4685,0.6001,0,1,1.0015,1.0215
549,"6_blimp_rescue",0.0569,0.4309,0.5738,1,1,1.0028,0.9934
550,"1_lmer_complete",0.0528572652140871,0.384528683401579,0.573306233022112,1,1,0.917908297221899,0.960478607821453
550,"2_blimp_complete",0.037,0.3846,0.5789,1,1,0.9443,0.9607
550,"3_lmer_naive",-0.440674817636776,0.518717834482499,0.433764317766894,0,0,0.752769628504136,0.759554405428765
550,"4_blimp_lmc_noaux",-0.4561,0.5187,0.4379,0,0,0.7753,0.76
550,"5_blimp_omc_aux",0.0335,0.4103,0.6527,1,1,0.9758,1.0203
550,"6_blimp_rescue",0.0686,0.3739,0.6089,1,1,0.9948,0.9851
551,"1_lmer_complete",-0.0174925694946391,0.416597117149231,0.444349340271384,1,1,0.924704836247529,1.02677590416219
551,"2_blimp_complete",-0.0319,0.4168,0.4379,1,1,0.954,1.0269
551,"3_lmer_naive",-0.518906336427231,0.566557318429063,0.315084248201,0,0,0.830170818997507,0.777662974799854
551,"4_blimp_lmc_noaux",-0.5245,0.5666,0.3184,0,0,0.8541,0.7783
551,"5_blimp_omc_aux",0.0101,0.4682,0.5213,0,1,0.9593,1.0685
551,"6_blimp_rescue",-0.0168,0.4315,0.4865,1,1,0.9775,1.0391
552,"1_lmer_complete",0.0681280017179069,0.401689494963264,0.526769363583809,1,1,0.915541307966452,0.989019699090117
552,"2_blimp_complete",0.0516,0.4018,0.5294,1,1,0.9429,0.9892
552,"3_lmer_naive",-0.476377457364352,0.554275816118268,0.344962743971487,0,0,0.75436595904005,0.75731178861969
552,"4_blimp_lmc_noaux",-0.4867,0.5549,0.3277,0,0,0.7722,0.7578
552,"5_blimp_omc_aux",0.0705,0.4464,0.5792,0,1,0.9716,1.0543
552,"6_blimp_rescue",0.0852,0.3991,0.5175,1,1,0.9926,1.012
553,"1_lmer_complete",-0.0902112863035204,0.380232281702921,0.662880727248852,1,1,0.943044113049092,0.991662057245981
553,"2_blimp_complete",-0.1047,0.3804,0.6579,1,1,0.9687,0.9919
553,"3_lmer_naive",-0.606829680396138,0.501510799000392,0.565690635417709,0,1,0.696938482404653,0.777939042729384
553,"4_blimp_lmc_noaux",-0.6152,0.5018,0.5634,0,1,0.7174,0.7784
553,"5_blimp_omc_aux",-0.1534,0.4035,0.7636,1,1,0.9454,1.0251
553,"6_blimp_rescue",-0.0728,0.3697,0.698,1,1,0.9893,0.9957
554,"1_lmer_complete",-0.096594904597879,0.397998996072999,0.670157539426667,1,1,1.14132612862216,0.963708671700399
554,"2_blimp_complete",-0.1133,0.3981,0.6541,1,1,1.174,0.9639
554,"3_lmer_naive",-0.634267728962628,0.527582386359574,0.511459466120065,0,1,0.848518658595839,0.752535753295168
554,"4_blimp_lmc_noaux",-0.6386,0.528,0.4962,0,1,0.8756,0.7531
554,"5_blimp_omc_aux",-0.1672,0.4264,0.7231,1,1,1.1088,0.9881
554,"6_blimp_rescue",-0.0812,0.3935,0.6764,1,1,1.1756,0.958
555,"1_lmer_complete",0.0661095682800919,0.391951838095788,0.525747372050872,1,1,1.19109824166409,1.00519659002219
555,"2_blimp_complete",0.0489,0.392,0.5228,1,1,1.2263,1.0054
555,"3_lmer_naive",-0.435903952737744,0.542463092776432,0.397326171799591,0,0,1.00820222367164,0.798161076732078
555,"4_blimp_lmc_noaux",-0.4421,0.5426,0.3943,0,0,1.0363,0.7989
555,"5_blimp_omc_aux",0.0855,0.4429,0.6049,1,1,1.2305,1.0579
555,"6_blimp_rescue",0.1018,0.4102,0.5662,1,1,1.2626,1.0297
556,"1_lmer_complete",-0.0794137493732613,0.402630175219063,0.524039305578362,1,1,0.813590291896426,0.988544731147227
556,"2_blimp_complete",-0.0922,0.4027,0.5214,1,1,0.8375,0.9888
556,"3_lmer_naive",-0.551202804578115,0.522087947399866,0.27905686446068,0,0,0.693403224892829,0.774427165512161
556,"4_blimp_lmc_noaux",-0.5562,0.5227,0.264,0,0,0.7078,0.775
556,"5_blimp_omc_aux",-0.1039,0.4369,0.497,1,1,0.8015,0.9793
556,"6_blimp_rescue",-0.1031,0.4107,0.4566,1,1,0.7954,0.9585
557,"1_lmer_complete",-0.0964835917933154,0.388433606935519,0.584589942004452,1,1,1.03333178122585,1.01296095302983
557,"2_blimp_complete",-0.112,0.3885,0.5756,1,1,1.0649,1.0133
557,"3_lmer_naive",-0.630461074626626,0.539572586634557,0.404730687082395,0,0,0.808896867013853,0.800698019956458
557,"4_blimp_lmc_noaux",-0.6341,0.5398,0.4033,0,0,0.8344,0.8014
557,"5_blimp_omc_aux",-0.149,0.4515,0.6631,0,1,1.0663,1.0523
557,"6_blimp_rescue",-0.1107,0.4149,0.5988,1,1,1.0788,1.0228
558,"1_lmer_complete",-0.0408758989845763,0.390094458495733,0.608305610293498,1,1,1.24476784907714,1.00858331934347
558,"2_blimp_complete",-0.0598,0.3902,0.6306,1,1,1.2799,1.0088
558,"3_lmer_naive",-0.532558621137919,0.537809363111657,0.42024450693792,0,1,1.16044559274027,0.767696957598237
558,"4_blimp_lmc_noaux",-0.5533,0.5381,0.4256,0,0,1.195,0.7681
558,"5_blimp_omc_aux",-0.0838,0.4387,0.6561,1,1,1.2804,1.0197
558,"6_blimp_rescue",-0.0711,0.4062,0.6198,1,1,1.3042,0.9943
559,"1_lmer_complete",-0.00506003439157907,0.381196487730857,0.763415429233833,1,1,1.02214022057006,0.98348542829561
559,"2_blimp_complete",-0.0229,0.3813,0.7855,1,1,1.0503,0.9837
559,"3_lmer_naive",-0.588727898871129,0.500787080489413,0.598016879881965,0,1,0.921282052466929,0.754350703861761
559,"4_blimp_lmc_noaux",-0.5901,0.5011,0.5997,0,1,0.9489,0.755
559,"5_blimp_omc_aux",-0.0868,0.4114,0.7978,1,0,1.0027,0.9938
559,"6_blimp_rescue",0.0106,0.3767,0.7989,1,0,1.053,0.9672
560,"1_lmer_complete",-0.0924829922695877,0.411539812993358,0.752149153674147,1,1,1.26622364511561,1.03953143058856
560,"2_blimp_complete",-0.1086,0.4116,0.7562,1,1,1.3034,1.0398
560,"3_lmer_naive",-0.702029478042352,0.545548726540481,0.554823055033638,0,1,1.05496175144846,0.804752527760619
560,"4_blimp_lmc_noaux",-0.7191,0.5459,0.5494,0,1,1.0887,0.8053
560,"5_blimp_omc_aux",-0.1702,0.4577,0.7524,0,1,1.3274,1.0696
560,"6_blimp_rescue",-0.0927,0.4159,0.7176,1,1,1.3687,1.035
561,"1_lmer_complete",0.0610480910417906,0.402965265552008,0.674501278224837,1,1,0.811919881876912,1.03660465479533
561,"2_blimp_complete",0.0479,0.403,0.6743,1,1,0.8344,1.0368
561,"3_lmer_naive",-0.484218673007008,0.56532261169645,0.460090621746755,0,1,0.615683755891539,0.827536474610753
561,"4_blimp_lmc_noaux",-0.4944,0.5653,0.4554,0,0,0.6368,0.828
561,"5_blimp_omc_aux",0.0451,0.4629,0.6778,0,1,0.7784,1.1312
561,"6_blimp_rescue",0.0728,0.4246,0.6562,1,1,0.8033,1.1021
562,"1_lmer_complete",-0.0918741995191214,0.37793801817487,0.537211732585473,1,1,1.1638007323143,1.00341042719307
562,"2_blimp_complete",-0.1088,0.378,0.5301,1,1,1.1993,1.0036
562,"3_lmer_naive",-0.638615829752861,0.514480549773025,0.40475515048276,0,0,0.937803338636868,0.755817485765605
562,"4_blimp_lmc_noaux",-0.6506,0.5149,0.3941,0,0,0.9668,0.7562
562,"5_blimp_omc_aux",-0.102,0.4049,0.5913,1,1,1.2079,1.0366
562,"6_blimp_rescue",-0.0927,0.3597,0.5349,0,1,1.2341,0.9965
563,"1_lmer_complete",-0.0448743705622833,0.390987999266627,0.666339992272434,1,1,1.02565065171403,1.05202036879844
563,"2_blimp_complete",-0.0605,0.3911,0.6598,1,1,1.0561,1.0523
563,"3_lmer_naive",-0.588231333128119,0.516877439919359,0.556886079699146,0,1,0.821834030219618,0.831210180801182
563,"4_blimp_lmc_noaux",-0.5954,0.5171,0.5638,0,1,0.8475,0.8319
563,"5_blimp_omc_aux",-0.0765,0.4115,0.7916,1,1,1.0652,1.1122
563,"6_blimp_rescue",0.0176,0.3781,0.7545,1,1,1.122,1.0819
564,"1_lmer_complete",0.0426189696077436,0.391115618871754,0.450401946739742,1,1,1.20988139187893,0.992239222882451
564,"2_blimp_complete",0.0264,0.3912,0.4345,1,1,1.2462,0.9925
564,"3_lmer_naive",-0.489374642225498,0.506966649395765,0.355613278058956,0,0,0.915365789574373,0.783248122916866
564,"4_blimp_lmc_noaux",-0.4989,0.5075,0.3307,0,0,0.9384,0.7837
564,"5_blimp_omc_aux",0.0137,0.4161,0.5326,1,1,1.2356,1.0134
564,"6_blimp_rescue",0.0292,0.3834,0.4251,1,1,1.2318,0.986
565,"1_lmer_complete",0.0654800376723247,0.41202372844666,0.590153837254074,1,1,0.890688727326239,1.003947488541
565,"2_blimp_complete",0.0509,0.4121,0.5939,1,1,0.9164,1.0042
565,"3_lmer_naive",-0.438476702227463,0.560610951376058,0.371921360391576,0,0,0.723274835861087,0.780869017851436
565,"4_blimp_lmc_noaux",-0.4432,0.5612,0.3582,0,0,0.7417,0.7816
565,"5_blimp_omc_aux",0.0545,0.4551,0.5973,0,1,0.9318,1.0535
565,"6_blimp_rescue",0.0751,0.4249,0.5972,1,1,0.9798,1.0343
566,"1_lmer_complete",-0.105362701055413,0.417611117996418,0.564013264020164,1,1,1.05208165515856,0.984882409466607
566,"2_blimp_complete",-0.1207,0.4177,0.5589,1,1,1.0854,0.9851
566,"3_lmer_naive",-0.569977292241061,0.5501446937968,0.423883598398807,0,0,0.947098728617866,0.797499345615227
566,"4_blimp_lmc_noaux",-0.579,0.5507,0.4015,0,0,0.9729,0.7979
566,"5_blimp_omc_aux",-0.1247,0.4716,0.6408,0,1,1.1416,1.0452
566,"6_blimp_rescue",-0.066,0.4381,0.6238,1,1,1.1788,1.0228
567,"1_lmer_complete",-0.0602390577891253,0.386415067858336,0.758615474892772,1,1,0.904591264712336,0.966591812463134
567,"2_blimp_complete",-0.0754,0.3865,0.7465,1,1,0.9321,0.9669
567,"3_lmer_naive",-0.588022401656116,0.50168326059439,0.530469167768674,0,1,0.780955503447693,0.773409964119694
567,"4_blimp_lmc_noaux",-0.5889,0.5025,0.5079,0,1,0.808,0.7739
567,"5_blimp_omc_aux",-0.1228,0.4166,0.7851,1,0,0.919,0.9947
567,"6_blimp_rescue",-0.0596,0.3815,0.7677,1,1,0.9807,0.9636
568,"1_lmer_complete",-0.0394040345505093,0.397467479816485,0.488091833770904,1,1,0.951975798716896,0.992465485525176
568,"2_blimp_complete",-0.0543,0.3976,0.4854,1,1,0.9814,0.9927
568,"3_lmer_naive",-0.509625479233533,0.550800460821814,0.323509340124538,0,0,0.820856437765478,0.750191352163367
568,"4_blimp_lmc_noaux",-0.5227,0.5506,0.3206,0,0,0.8495,0.7507
568,"5_blimp_omc_aux",-0.0264,0.4384,0.5021,1,1,0.9614,1.0357
568,"6_blimp_rescue",-0.0162,0.4039,0.4593,1,1,0.9718,1.0077
569,"1_lmer_complete",0.0962324148821078,0.412879064257057,0.638940734816425,1,1,1.21015376823351,1.01012720124299
569,"2_blimp_complete",0.08,0.4129,0.6411,1,1,1.2455,1.0103
569,"3_lmer_naive",-0.45985858288667,0.532157808394676,0.545457741265179,0,1,0.999113935311136,0.800630142829522
569,"4_blimp_lmc_noaux",-0.4637,0.5326,0.5485,0,1,1.0291,0.8013
569,"5_blimp_omc_aux",0.1282,0.4351,0.7624,1,1,1.31,1.0761
569,"6_blimp_rescue",0.1698,0.4001,0.6921,1,1,1.365,1.0442
570,"1_lmer_complete",-0.0795287449905594,0.39793901113623,0.536504074367072,1,1,0.809344065424009,0.955681626170193
570,"2_blimp_complete",-0.0933,0.3981,0.5209,1,1,0.8353,0.9559
570,"3_lmer_naive",-0.563280723735654,0.527795906259519,0.448242352012293,0,0,0.658203101769707,0.757211093989596
570,"4_blimp_lmc_noaux",-0.5714,0.5279,0.4358,0,0,0.6808,0.7576
570,"5_blimp_omc_aux",-0.0889,0.436,0.6462,1,1,0.865,0.9987
570,"6_blimp_rescue",-0.0502,0.3995,0.5675,1,1,0.8716,0.9708
571,"1_lmer_complete",-0.0822562569348828,0.403403743913463,0.552636684721273,1,1,1.31357922825284,0.984329362234683
571,"2_blimp_complete",-0.1004,0.4035,0.5392,1,1,1.353,0.9846
571,"3_lmer_naive",-0.569628398276287,0.531303156972223,0.449349451601661,0,1,1.03220467661909,0.792965884209637
571,"4_blimp_lmc_noaux",-0.5746,0.5317,0.4412,0,1,1.0619,0.7935
571,"5_blimp_omc_aux",-0.099,0.4512,0.6422,0,1,1.3631,1.0205
571,"6_blimp_rescue",-0.0734,0.4154,0.5648,1,1,1.3809,0.9915
572,"1_lmer_complete",-0.0269737954133399,0.388034780356592,0.72064085926449,1,1,1.00241475706862,1.00761263270278
572,"2_blimp_complete",-0.0414,0.3882,0.7048,1,1,1.0317,1.0079
572,"3_lmer_naive",-0.646837217620586,0.547854627504064,0.515384477098887,0,1,0.841551945844626,0.764452316495451
572,"4_blimp_lmc_noaux",-0.6556,0.5479,0.5242,0,1,0.8672,0.7652
572,"5_blimp_omc_aux",-0.1286,0.454,0.7466,0,1,0.9653,1.0397
572,"6_blimp_rescue",-0.0486,0.4098,0.7446,1,1,0.9935,1.0026
573,"1_lmer_complete",-0.101203359280777,0.384101336143705,0.598617078057292,1,1,0.884002759579576,1.02155634766487
573,"2_blimp_complete",-0.116,0.3842,0.5935,1,1,0.9118,1.0219
573,"3_lmer_naive",-0.642793485144499,0.500531049638093,0.459450427977871,0,1,0.701665872640108,0.821108800109868
573,"4_blimp_lmc_noaux",-0.6511,0.5006,0.4556,0,1,0.7243,0.8216
573,"5_blimp_omc_aux",-0.1659,0.4113,0.7292,1,1,0.9048,1.0759
573,"6_blimp_rescue",-0.0768,0.3667,0.6377,1,1,0.9352,1.0348
574,"1_lmer_complete",0.109268679156625,0.368339903607531,0.714252630586616,0,1,0.818462799736233,0.98044855050217
574,"2_blimp_complete",0.0987,0.3684,0.7204,0,1,0.8418,0.9807
574,"3_lmer_naive",-0.454462537411937,0.479391447384345,0.457037317463981,0,1,0.653001546224797,0.783588371650128
574,"4_blimp_lmc_noaux",-0.4505,0.4795,0.453,0,1,0.6714,0.7846
574,"5_blimp_omc_aux",0.0628,0.3819,0.722,1,1,0.8426,1.0174
574,"6_blimp_rescue",0.1291,0.3479,0.6804,0,1,0.8815,0.9863
575,"1_lmer_complete",-0.0298156554730258,0.420626933441993,0.536591126412858,1,1,1.02021678048129,0.993401568714716
575,"2_blimp_complete",-0.0446,0.4207,0.5315,1,1,1.0508,0.9935
575,"3_lmer_naive",-0.568330964950243,0.573567253651888,0.409231623604739,0,0,0.772819409963086,0.774651366228984
575,"4_blimp_lmc_noaux",-0.5738,0.5744,0.3754,0,0,0.7908,0.7751
575,"5_blimp_omc_aux",-0.0567,0.4843,0.6436,0,1,1.0531,1.0504
575,"6_blimp_rescue",0.0021,0.4441,0.5799,0,1,1.077,1.0235
576,"1_lmer_complete",0.0503650958986343,0.382009460218216,0.772580708583264,1,0,0.79842579994566,1.01886010804262
576,"2_blimp_complete",0.0376,0.3821,0.7714,1,1,0.8204,1.0192
576,"3_lmer_naive",-0.553504970256664,0.512373979402773,0.536892508944629,0,1,0.682968732609582,0.797640395458663
576,"4_blimp_lmc_noaux",-0.56,0.5126,0.5308,0,1,0.7053,0.7982
576,"5_blimp_omc_aux",-0.0203,0.4274,0.7896,1,0,0.8126,1.067
576,"6_blimp_rescue",0.0585,0.3832,0.7721,1,1,0.8518,1.0291
577,"1_lmer_complete",0.0266661894440078,0.394778726068925,0.561966442133267,1,1,1.0674856844138,0.993915683196033
577,"2_blimp_complete",0.0109,0.3949,0.559,1,1,1.0968,0.9941
577,"3_lmer_naive",-0.488768120893752,0.539460603689214,0.399196970631732,0,0,0.928744494180745,0.747701784886868
577,"4_blimp_lmc_noaux",-0.5065,0.5392,0.3924,0,0,0.9576,0.7481
577,"5_blimp_omc_aux",-0.0249,0.4343,0.6042,1,1,1.0805,0.9949
577,"6_blimp_rescue",0.0304,0.4066,0.5724,1,1,1.093,0.9735
578,"1_lmer_complete",0.0397117944435731,0.412948274496933,0.545746062319549,1,1,1.03291004350182,1.00546068024986
578,"2_blimp_complete",0.0282,0.413,0.5451,1,1,1.0622,1.0057
578,"3_lmer_naive",-0.432313866071876,0.53693804379322,0.487342384316298,0,1,0.798081677788262,0.788407698767553
578,"4_blimp_lmc_noaux",-0.4434,0.537,0.4865,0,1,0.8226,0.7888
578,"5_blimp_omc_aux",0.0316,0.4377,0.6557,1,1,1.0293,1.0351
578,"6_blimp_rescue",0.0587,0.4027,0.5478,1,1,1.0383,1.0059
579,"1_lmer_complete",0.0894904456048646,0.407084010776403,0.67038322636757,1,1,1.1077605473652,1.00419551906089
579,"2_blimp_complete",0.074,0.4072,0.6469,1,1,1.1422,1.0044
579,"3_lmer_naive",-0.456182800961268,0.546214007308098,0.520966630053714,0,1,0.869197405645388,0.805814783232314
579,"4_blimp_lmc_noaux",-0.458,0.5467,0.5182,0,1,0.8949,0.8063
579,"5_blimp_omc_aux",0.0757,0.45,0.7688,0,1,1.126,1.0869
579,"6_blimp_rescue",0.141,0.4098,0.7481,1,1,1.1793,1.0517
580,"1_lmer_complete",0.0613077746140156,0.407074917728835,0.483996932645438,1,1,1.04636719740706,0.998778106187286
580,"2_blimp_complete",0.0463,0.4073,0.4765,1,1,1.0758,0.999
580,"3_lmer_naive",-0.470520445272899,0.550243639658294,0.335731266863256,0,0,0.826086032703145,0.747917830113714
580,"4_blimp_lmc_noaux",-0.4845,0.55,0.3219,0,0,0.8531,0.7484
580,"5_blimp_omc_aux",0.0479,0.445,0.5577,0,1,1.0705,1.0159
580,"6_blimp_rescue",0.0415,0.4018,0.4634,1,1,1.0663,0.9787
581,"1_lmer_complete",0.225780900278573,0.385676497618115,0.369629911995245,1,0,0.856664833919159,0.956033838811318
581,"2_blimp_complete",0.2128,0.3858,0.3636,1,0,0.8836,0.9562
581,"3_lmer_naive",-0.247805711042891,0.515810352242525,0.303413512285235,0,0,0.690333388097836,0.718015163570709
581,"4_blimp_lmc_noaux",-0.2575,0.5158,0.2937,0,0,0.7118,0.7185
581,"5_blimp_omc_aux",0.2273,0.4104,0.4738,1,1,0.907,0.9575
581,"6_blimp_rescue",0.2523,0.3766,0.3668,1,0,0.8892,0.9278
582,"1_lmer_complete",-0.0489516518345238,0.401511224697989,0.47636630737039,1,1,0.793965865584567,1.00551510685342
582,"2_blimp_complete",-0.0622,0.4017,0.4822,1,1,0.8168,1.0057
582,"3_lmer_naive",-0.558683078384973,0.545990812306548,0.325319086240354,0,0,0.686956742478374,0.760169599873981
582,"4_blimp_lmc_noaux",-0.5624,0.5463,0.3123,0,0,0.7068,0.7608
582,"5_blimp_omc_aux",-0.0358,0.4306,0.5128,1,1,0.8482,1.0388
582,"6_blimp_rescue",-0.034,0.3984,0.4372,1,1,0.8587,1.012
583,"1_lmer_complete",0.179305045082145,0.404517372809657,0.809412458489477,1,0,0.778705979338711,0.994503642824038
583,"2_blimp_complete",0.1663,0.4046,0.8061,1,0,0.8009,0.9948
583,"3_lmer_naive",-0.351914508438328,0.536800454996145,0.555327156865019,0,1,0.705498184188425,0.776380379527457
583,"4_blimp_lmc_noaux",-0.3568,0.5368,0.5533,0,1,0.7287,0.7768
583,"5_blimp_omc_aux",0.1264,0.444,0.7867,0,0,0.8076,1.0298
583,"6_blimp_rescue",0.1836,0.4089,0.7583,1,1,0.8344,1.0007
584,"1_lmer_complete",-0.0732145198010106,0.409110326295579,0.686143380322738,1,1,0.900082842557882,0.964262260995774
584,"2_blimp_complete",-0.088,0.4092,0.6858,1,1,0.924,0.9645
584,"3_lmer_naive",-0.629913407536574,0.534096861941835,0.500292130390023,0,1,0.769524385127466,0.771778891291013
584,"4_blimp_lmc_noaux",-0.6324,0.5347,0.4905,0,1,0.7908,0.7725
584,"5_blimp_omc_aux",-0.0974,0.4457,0.7129,0,1,0.9406,1.0205
584,"6_blimp_rescue",-0.0606,0.4095,0.6613,1,1,0.9798,0.9932
585,"1_lmer_complete",0.137088283607331,0.397425356918352,0.785612311775543,1,1,1.16549605112808,1.0031136877909
585,"2_blimp_complete",0.1206,0.3975,0.7685,1,1,1.1972,1.0034
585,"3_lmer_naive",-0.489025760764464,0.531488535454939,0.557576016119346,0,1,0.805728703471618,0.787931681238388
585,"4_blimp_lmc_noaux",-0.4834,0.5315,0.5614,0,1,0.8272,0.7887
585,"5_blimp_omc_aux",0.0477,0.4503,0.8072,0,0,1.0963,1.0337
585,"6_blimp_rescue",0.1234,0.4082,0.7929,1,0,1.1499,1.0027
586,"1_lmer_complete",0.00489455080577824,0.38264447099025,0.725273613117362,1,1,0.99736627055472,1.00177228540211
586,"2_blimp_complete",-0.0099,0.3827,0.7306,1,1,1.0255,1.002
586,"3_lmer_naive",-0.552124625165583,0.517367180476499,0.467835854862788,0,1,0.811576780916954,0.781385450742078
586,"4_blimp_lmc_noaux",-0.5625,0.5173,0.4635,0,1,0.8387,0.7819
586,"5_blimp_omc_aux",-0.0704,0.4207,0.7347,1,1,0.9477,1.0426
586,"6_blimp_rescue",0.0131,0.3833,0.7042,1,1,0.9866,1.0123
587,"1_lmer_complete",0.103815227064672,0.407533610312282,0.677914745144363,1,1,1.2286567869775,1.00339802795267
587,"2_blimp_complete",0.0872,0.4076,0.661,1,1,1.269,1.0036
587,"3_lmer_naive",-0.435005338066541,0.525462851815762,0.48915355145966,0,1,1.08885032382294,0.798528538058592
587,"4_blimp_lmc_noaux",-0.4424,0.5256,0.4784,0,1,1.1253,0.7989
587,"5_blimp_omc_aux",0.0455,0.4432,0.6953,0,1,1.2513,1.0271
587,"6_blimp_rescue",0.1002,0.4101,0.6545,1,1,1.2832,0.9964
588,"1_lmer_complete",-0.145805905844005,0.395536581237994,0.479277751017163,1,1,0.863336993083071,0.969766959029733
588,"2_blimp_complete",-0.1601,0.3957,0.482,1,1,0.8895,0.97
588,"3_lmer_naive",-0.602977703370007,0.569301813030566,0.335195917646549,0,0,0.727918315632683,0.741735639796443
588,"4_blimp_lmc_noaux",-0.614,0.5696,0.3171,0,0,0.7477,0.7421
588,"5_blimp_omc_aux",-0.13,0.4715,0.5095,0,1,0.8498,1.0067
588,"6_blimp_rescue",-0.1414,0.4397,0.4535,1,1,0.8585,0.9839
589,"1_lmer_complete",0.040714531223384,0.389138464500048,0.633327980441022,1,1,0.733662180483251,1.00245405160056
589,"2_blimp_complete",0.0284,0.3893,0.6235,1,1,0.7566,1.0027
589,"3_lmer_naive",-0.515872293392303,0.513737674014615,0.428722762060581,0,0,0.590664230007906,0.792282529000256
589,"4_blimp_lmc_noaux",-0.5241,0.5132,0.4377,0,0,0.6118,0.793
589,"5_blimp_omc_aux",0.0338,0.4192,0.6563,1,1,0.7725,1.065
589,"6_blimp_rescue",0.0744,0.3757,0.6167,1,1,0.7976,1.0279
590,"1_lmer_complete",0.0131196659736486,0.404173602078866,0.67988440675383,1,1,1.0700276051355,1.01005232887258
590,"2_blimp_complete",-0.0014,0.4042,0.6703,1,1,1.099,1.0102
590,"3_lmer_naive",-0.581739368505504,0.538801955178832,0.530672999733657,0,1,0.835850157714844,0.786941374084506
590,"4_blimp_lmc_noaux",-0.5908,0.5388,0.5243,0,1,0.8613,0.7874
590,"5_blimp_omc_aux",-0.0385,0.4452,0.7104,0,1,1.0755,1.0499
590,"6_blimp_rescue",-0.0025,0.4108,0.6484,1,1,1.1039,1.0223
591,"1_lmer_complete",-0.128615219222385,0.407020737994225,0.769995835831655,1,1,1.08380052842008,0.989764462057308
591,"2_blimp_complete",-0.1442,0.4071,0.755,1,1,1.1155,0.99
591,"3_lmer_naive",-0.719501656926563,0.513853517304556,0.619371341848105,0,1,0.82002428443926,0.758455776736145
591,"4_blimp_lmc_noaux",-0.7202,0.5144,0.6044,0,1,0.8471,0.759
591,"5_blimp_omc_aux",-0.2602,0.4202,0.8478,1,0,1.0217,1.0058
591,"6_blimp_rescue",-0.1425,0.3785,0.8209,1,0,1.0933,0.9716
592,"1_lmer_complete",-0.110415064478763,0.403838236036918,0.626615555068408,1,1,0.81244479056441,0.987675724359861
592,"2_blimp_complete",-0.1243,0.4038,0.6265,1,1,0.8377,0.9879
592,"3_lmer_naive",-0.659999535528612,0.534122348862896,0.506279555969639,0,1,0.608342595767679,0.736084145976916
592,"4_blimp_lmc_noaux",-0.6646,0.5345,0.5094,0,1,0.625,0.7368
592,"5_blimp_omc_aux",-0.1719,0.4305,0.7141,1,1,0.7998,0.9847
592,"6_blimp_rescue",-0.1284,0.3932,0.6501,1,1,0.8241,0.9535
593,"1_lmer_complete",0.0425594602304968,0.428322855812443,0.658555848893359,1,1,1.16416641703849,1.03291627288866
593,"2_blimp_complete",0.0266,0.4284,0.6574,1,1,1.1962,1.0332
593,"3_lmer_naive",-0.517637784218142,0.54136955658045,0.483089374045042,0,1,0.887752813640729,0.820145777670425
593,"4_blimp_lmc_noaux",-0.5113,0.5416,0.4799,0,1,0.9115,0.821
593,"5_blimp_omc_aux",-0.0334,0.4593,0.714,0,1,1.199,1.0549
593,"6_blimp_rescue",0.0435,0.4261,0.6572,1,1,1.2332,1.0292
594,"1_lmer_complete",-0.00718347613698059,0.407794847439082,0.726726078820687,1,1,0.823725093742837,0.980076682117405
594,"2_blimp_complete",-0.021,0.408,0.7269,1,1,0.8477,0.9804
594,"3_lmer_naive",-0.534612422258493,0.527199280293447,0.553387553175163,0,1,0.713680051317115,0.769225040382068
594,"4_blimp_lmc_noaux",-0.5445,0.5273,0.5648,0,1,0.7361,0.7698
594,"5_blimp_omc_aux",-0.0467,0.4307,0.7704,1,1,0.8288,1.0318
594,"6_blimp_rescue",0.0344,0.3921,0.7657,1,1,0.8602,1.0003
595,"1_lmer_complete",0.0517259782723349,0.372055865935478,0.599070473289314,0,1,1.14088651577471,0.98548999677035
595,"2_blimp_complete",0.0365,0.3722,0.594,1,1,1.1758,0.9857
595,"3_lmer_naive",-0.501013737803517,0.490738062886763,0.476303099966565,0,1,0.851418805012954,0.792329663520513
595,"4_blimp_lmc_noaux",-0.4934,0.4908,0.4784,0,1,0.8759,0.7932
595,"5_blimp_omc_aux",0.0604,0.3999,0.6933,1,1,1.1955,1.0368
595,"6_blimp_rescue",0.0852,0.3606,0.6267,1,1,1.2334,1.0037
596,"1_lmer_complete",-0.132077969095976,0.410561527640582,0.756995811271578,1,1,0.977092938523406,1.00319556447959
596,"2_blimp_complete",-0.1478,0.4107,0.746,1,1,1.0051,1.0035
596,"3_lmer_naive",-0.666779704883545,0.527423442671033,0.551571198240456,0,1,0.884705963220111,0.782564847338642
596,"4_blimp_lmc_noaux",-0.6759,0.5274,0.5405,0,1,0.9125,0.783
596,"5_blimp_omc_aux",-0.1753,0.4286,0.7887,1,0,0.9849,1.0458
596,"6_blimp_rescue",-0.109,0.3949,0.7545,1,1,1.0099,1.0172
597,"1_lmer_complete",0.12731391121362,0.389863458470044,0.529823412576946,1,1,0.832151534874637,1.01217102048655
597,"2_blimp_complete",0.1144,0.39,0.5318,1,1,0.8575,1.0124
597,"3_lmer_naive",-0.404193850493879,0.519745691280607,0.3396322107115,0,0,0.704548884331029,0.809416469735776
597,"4_blimp_lmc_noaux",-0.4184,0.5198,0.3335,0,0,0.7256,0.8099
597,"5_blimp_omc_aux",0.1288,0.4241,0.5676,1,1,0.8452,1.0997
597,"6_blimp_rescue",0.1319,0.3824,0.5042,1,1,0.8442,1.0609
598,"1_lmer_complete",-0.0986368206924013,0.421213830417022,0.588648998852224,1,1,0.986644328456225,0.99050746596774
598,"2_blimp_complete",-0.1139,0.4213,0.5808,1,1,1.0142,0.9907
598,"3_lmer_naive",-0.570794745496995,0.534898510191319,0.42571689588535,0,0,0.780714605325214,0.799701838165371
598,"4_blimp_lmc_noaux",-0.5804,0.5353,0.4103,0,0,0.8027,0.8002
598,"5_blimp_omc_aux",-0.1013,0.4629,0.6246,0,1,0.9948,1.0225
598,"6_blimp_rescue",-0.0815,0.427,0.5659,1,1,1.0056,0.9975
599,"1_lmer_complete",-0.0997908654192097,0.408939695315534,0.631102317941924,1,1,0.958690023387517,0.98895490242437
599,"2_blimp_complete",-0.1145,0.409,0.6209,1,1,0.9865,0.9893
599,"3_lmer_naive",-0.609808000715249,0.51503595517537,0.462334382180193,0,1,0.797472763255826,0.789934508329464
599,"4_blimp_lmc_noaux",-0.6206,0.5155,0.4382,0,1,0.8215,0.7905
599,"5_blimp_omc_aux",-0.1365,0.4342,0.7141,1,1,0.994,1.0158
599,"6_blimp_rescue",-0.0787,0.3973,0.6761,1,1,1.0262,0.988
600,"1_lmer_complete",-0.0687657785950277,0.392879332908078,0.582280210788095,1,1,1.20172617892377,0.981803535941896
600,"2_blimp_complete",-0.0849,0.3929,0.5723,1,1,1.2388,0.982
600,"3_lmer_naive",-0.624834095447136,0.537859016475124,0.402483242291761,0,0,1.00943686135862,0.764843945872052
600,"4_blimp_lmc_noaux",-0.63,0.5382,0.3933,0,0,1.0392,0.7654
600,"5_blimp_omc_aux",-0.1099,0.4396,0.6321,1,1,1.2115,1.0206
600,"6_blimp_rescue",-0.0656,0.4036,0.6173,1,1,1.2598,0.995
601,"1_lmer_complete",-0.179917561385942,0.387696657763953,0.65646170427891,1,1,1.18635268386477,0.998276557232153
601,"2_blimp_complete",-0.1957,0.3878,0.6506,1,1,1.2215,0.9985
601,"3_lmer_naive",-0.726938915563407,0.501271099001552,0.384738954015495,0,0,0.76876339024919,0.797456184099824
601,"4_blimp_lmc_noaux",-0.7213,0.5018,0.3676,0,0,0.7867,0.7982
601,"5_blimp_omc_aux",-0.2133,0.4087,0.6274,1,1,1.142,1.034
601,"6_blimp_rescue",-0.1814,0.3714,0.586,1,1,1.161,0.9978
602,"1_lmer_complete",-0.0538392570458101,0.385411222161491,0.764994413706907,1,1,0.994915970114186,0.992677565626764
602,"2_blimp_complete",-0.07,0.3854,0.7603,1,1,1.0228,0.9929
602,"3_lmer_naive",-0.610968177235125,0.522333831388769,0.559298431991177,0,1,0.77357002319558,0.759408519328868
602,"4_blimp_lmc_noaux",-0.6169,0.5219,0.5779,0,1,0.7938,0.76
602,"5_blimp_omc_aux",-0.1548,0.4379,0.8306,1,0,0.9604,0.9873
602,"6_blimp_rescue",-0.0486,0.3995,0.8499,1,0,1.0123,0.9598
603,"1_lmer_complete",0.00489082371942412,0.422264306555494,0.577969265942523,1,1,0.955179228151211,1.01783908279443
603,"2_blimp_complete",-0.0095,0.4224,0.5663,1,1,0.9832,1.0181
603,"3_lmer_naive",-0.549990960487539,0.561111433063195,0.394076735676863,0,0,0.807807216266591,0.791608089353704
603,"4_blimp_lmc_noaux",-0.5593,0.5616,0.3674,0,0,0.8316,0.792
603,"5_blimp_omc_aux",-0.0019,0.4514,0.6691,0,1,0.9782,1.091
603,"6_blimp_rescue",0.0267,0.4145,0.6005,1,1,1.0025,1.0583
604,"1_lmer_complete",-0.156892862608195,0.395133017096154,0.636395094517229,1,1,0.861489802244725,0.994642523193057
604,"2_blimp_complete",-0.1709,0.3952,0.6285,1,1,0.8865,0.9948
604,"3_lmer_naive",-0.64521975238808,0.545012078739478,0.48665598892269,0,1,0.707346683350616,0.776307597714808
604,"4_blimp_lmc_noaux",-0.6531,0.5452,0.4781,0,1,0.7281,0.7766
604,"5_blimp_omc_aux",-0.1865,0.4399,0.6922,0,1,0.8626,1.0314
604,"6_blimp_rescue",-0.1519,0.4107,0.6297,1,1,0.8781,1.005
605,"1_lmer_complete",0.150619671296032,0.386244531626672,0.584683581104453,1,1,1.22979472031592,1.00860941150017
605,"2_blimp_complete",0.1346,0.3864,0.5715,1,1,1.2686,1.0089
605,"3_lmer_naive",-0.395570327429642,0.54585879835045,0.470133630000488,0,1,0.949306339035061,0.770716423032064
605,"4_blimp_lmc_noaux",-0.4022,0.547,0.4257,0,1,0.9733,0.7711
605,"5_blimp_omc_aux",0.1161,0.4405,0.6604,1,1,1.2439,1.049
605,"6_blimp_rescue",0.1477,0.4074,0.566,1,1,1.296,1.0187
606,"1_lmer_complete",-0.137980339730651,0.3763613425029,0.57939554504948,1,1,1.27331281998672,1.00903630518174
606,"2_blimp_complete",-0.1548,0.3765,0.585,1,1,1.3099,1.0093
606,"3_lmer_naive",-0.676832499673295,0.529467170697094,0.387388715855531,0,0,1.01932646196961,0.772071196635915
606,"4_blimp_lmc_noaux",-0.6892,0.5299,0.3693,0,0,1.048,0.7725
606,"5_blimp_omc_aux",-0.1826,0.4314,0.6245,1,1,1.2604,1.0371
606,"6_blimp_rescue",-0.1517,0.3931,0.5128,1,1,1.274,1.0048
607,"1_lmer_complete",0.104199834540664,0.367932602973539,0.567890600325941,0,1,1.04724953877503,0.98241930975742
607,"2_blimp_complete",0.0888,0.368,0.5712,0,1,1.0784,0.9826
607,"3_lmer_naive",-0.436585911172046,0.51776318397722,0.434422983819486,0,1,0.852663049736421,0.736386206809968
607,"4_blimp_lmc_noaux",-0.4492,0.518,0.4322,0,1,0.8776,0.7368
607,"5_blimp_omc_aux",0.0423,0.417,0.6334,1,1,1.0761,0.9926
607,"6_blimp_rescue",0.0965,0.3777,0.5557,1,1,1.0938,0.9559
608,"1_lmer_complete",-0.0816102877817887,0.38423082083218,0.518844145573507,1,1,0.841600563499119,0.988764231940399
608,"2_blimp_complete",-0.0964,0.3844,0.5128,1,1,0.8674,0.989
608,"3_lmer_naive",-0.586072582900684,0.530388969073506,0.39204603775495,0,0,0.644938753573443,0.760803382309716
608,"4_blimp_lmc_noaux",-0.6005,0.5297,0.3934,0,0,0.6694,0.7614
608,"5_blimp_omc_aux",-0.0985,0.4299,0.5946,1,1,0.8541,1.0246
608,"6_blimp_rescue",-0.0784,0.3907,0.5002,1,1,0.8617,0.9874
609,"1_lmer_complete",0.13901182683888,0.390026111773742,0.449979588894524,1,1,0.945747210928734,0.986395470224671
609,"2_blimp_complete",0.1244,0.3901,0.4356,1,1,0.9762,0.9866
609,"3_lmer_naive",-0.34559423112781,0.536670584451004,0.319205335626819,0,0,0.780579301925593,0.757064186429009
609,"4_blimp_lmc_noaux",-0.3502,0.5371,0.2918,0,0,0.8001,0.7574
609,"5_blimp_omc_aux",0.1415,0.4185,0.5425,1,1,0.9434,1.0533
609,"6_blimp_rescue",0.1997,0.3838,0.4726,1,1,0.9683,1.0232
610,"1_lmer_complete",-0.0815869747118617,0.387708097595133,0.647736735424611,1,1,0.976084313913788,1.01004058679177
610,"2_blimp_complete",-0.0968,0.3878,0.6426,1,1,1.0061,1.0103
610,"3_lmer_naive",-0.648018777910498,0.52219572069045,0.477843003934136,0,1,0.773441981011264,0.761741690578297
610,"4_blimp_lmc_noaux",-0.6559,0.5224,0.47,0,1,0.7969,0.7621
610,"5_blimp_omc_aux",-0.1475,0.4213,0.6846,1,1,0.9909,1.0198
610,"6_blimp_rescue",-0.1061,0.3821,0.626,1,1,1.0205,0.986
611,"1_lmer_complete",-0.0617996459122723,0.380369770130583,0.54853811857917,1,1,0.701148416177748,1.02177264429766
611,"2_blimp_complete",-0.0732,0.3805,0.5411,1,1,0.722,1.022
611,"3_lmer_naive",-0.585379899130877,0.51294006701989,0.370007242447679,0,0,0.596914614720251,0.753286917094213
611,"4_blimp_lmc_noaux",-0.595,0.5128,0.3605,0,0,0.6164,0.7537
611,"5_blimp_omc_aux",-0.104,0.4199,0.5856,1,1,0.6938,1.0006
611,"6_blimp_rescue",-0.0771,0.3804,0.5108,1,1,0.7028,0.9695
612,"1_lmer_complete",-0.0573611276676174,0.407636305476441,0.689059350410527,1,1,1.10956598997231,1.00851172060932
612,"2_blimp_complete",-0.0735,0.4077,0.6793,1,1,1.1435,1.0087
612,"3_lmer_naive",-0.621797331467355,0.52197141235949,0.47477653810929,0,1,0.953348572992503,0.764363032382415
612,"4_blimp_lmc_noaux",-0.621,0.5222,0.4777,0,1,0.9811,0.7653
612,"5_blimp_omc_aux",-0.0898,0.4243,0.7286,1,1,1.2189,1.0147
612,"6_blimp_rescue",0.0146,0.3885,0.6564,1,1,1.3095,0.9849
613,"1_lmer_complete",0.0347031490925591,0.378816645255713,0.504924908939745,1,1,1.04346063025782,0.96205585877965
613,"2_blimp_complete",0.0208,0.3789,0.4974,1,1,1.0739,0.9623
613,"3_lmer_naive",-0.506716567940515,0.503566876985897,0.376038223944335,0,0,0.703246444142514,0.758471307981187
613,"4_blimp_lmc_noaux",-0.5168,0.5039,0.3644,0,0,0.7226,0.7589
613,"5_blimp_omc_aux",0.0055,0.4152,0.5875,1,1,1.0218,0.9753
613,"6_blimp_rescue",-0.017,0.377,0.477,1,1,1.0239,0.9418
614,"1_lmer_complete",-0.112956943408634,0.406617824090713,0.559985828675775,1,1,0.951145473461031,0.967960199745466
614,"2_blimp_complete",-0.1287,0.4068,0.5643,1,1,0.9817,0.9682
614,"3_lmer_naive",-0.606711683399305,0.535912267226652,0.450931901720386,0,1,0.797391927967233,0.748123138255278
614,"4_blimp_lmc_noaux",-0.6189,0.5363,0.4434,0,1,0.8213,0.7485
614,"5_blimp_omc_aux",-0.172,0.4439,0.6161,0,1,0.9626,0.9896
614,"6_blimp_rescue",-0.1223,0.4162,0.5685,1,1,0.9771,0.9703
615,"1_lmer_complete",-0.0438532631398783,0.382722543654216,0.565795922040481,1,1,1.04817392698167,1.02354599922289
615,"2_blimp_complete",-0.0594,0.3828,0.5539,1,1,1.0806,1.0237
615,"3_lmer_naive",-0.558809603646819,0.506104549223374,0.341735247270952,0,0,0.851595389681178,0.796310417926085
615,"4_blimp_lmc_noaux",-0.5662,0.5063,0.3326,0,0,0.8753,0.797
615,"5_blimp_omc_aux",-0.0567,0.414,0.5876,1,1,1.0965,1.0464
615,"6_blimp_rescue",-0.0461,0.3732,0.5076,1,1,1.1095,1.0111
616,"1_lmer_complete",-0.0289663476637942,0.375103664638533,0.577443657230322,1,1,1.04444744473113,1.01924842044695
616,"2_blimp_complete",-0.0437,0.3753,0.5847,1,1,1.0761,1.0195
616,"3_lmer_naive",-0.570032443735042,0.493933457577443,0.408067409923536,0,0,0.7919340678592,0.795717368070513
616,"4_blimp_lmc_noaux",-0.5666,0.4943,0.3952,0,0,0.8131,0.7966
616,"5_blimp_omc_aux",-0.0626,0.3882,0.6596,1,1,1.1092,1.0484
616,"6_blimp_rescue",-0.015,0.3503,0.549,0,1,1.1334,1.0102
617,"1_lmer_complete",0.0950233367444262,0.376139856688629,0.58774692352644,1,1,0.974551549723019,1.01542237698699
617,"2_blimp_complete",0.0799,0.3762,0.5802,1,1,1.0028,1.0156
617,"3_lmer_naive",-0.476329210611195,0.52269114500067,0.394671721160104,0,0,0.73322272687574,0.751531462428471
617,"4_blimp_lmc_noaux",-0.4841,0.5234,0.3644,0,0,0.7511,0.7519
617,"5_blimp_omc_aux",0.066,0.4076,0.6295,1,1,0.9493,1.0331
617,"6_blimp_rescue",0.081,0.372,0.5656,1,1,0.9696,1.0008
618,"1_lmer_complete",0.0374306192656836,0.389778020680988,0.747285741830476,1,1,0.929503807937982,0.997514126098867
618,"2_blimp_complete",0.0227,0.3899,0.7532,1,1,0.9584,0.9978
618,"3_lmer_naive",-0.502008623744676,0.50795231288923,0.582913518034618,0,1,0.787360437942551,0.817256494819799
618,"4_blimp_lmc_noaux",-0.5066,0.5084,0.5858,0,1,0.8118,0.8179
618,"5_blimp_omc_aux",-0.0073,0.4295,0.8286,1,0,0.9442,1.0568
618,"6_blimp_rescue",0.1019,0.3892,0.8199,1,0,0.9991,1.0248
619,"1_lmer_complete",-0.0299232674390932,0.38210790074865,0.528670738983427,1,1,1.15050026785064,1.01294056406591
619,"2_blimp_complete",-0.0462,0.3822,0.5166,1,1,1.1868,1.0131
619,"3_lmer_naive",-0.575105808892581,0.515551862592459,0.411820935517209,0,1,0.891088380377147,0.774941606915966
619,"4_blimp_lmc_noaux",-0.5818,0.516,0.407,0,1,0.9166,0.7755
619,"5_blimp_omc_aux",-0.0484,0.4051,0.6064,1,1,1.1431,1.0376
619,"6_blimp_rescue",-0.0272,0.3682,0.525,1,1,1.1828,1
620,"1_lmer_complete",0.0733573432177915,0.418978272939792,0.500514015146937,1,1,1.1504610708678,0.992951951124877
620,"2_blimp_complete",0.0576,0.419,0.4853,1,1,1.1876,0.9932
620,"3_lmer_naive",-0.43557220671207,0.546284510480072,0.391844866938363,0,0,0.900502037550443,0.792836038269523
620,"4_blimp_lmc_noaux",-0.4369,0.5473,0.3723,0,0,0.9202,0.7934
620,"5_blimp_omc_aux",0.082,0.4454,0.628,0,1,1.2435,1.0485
620,"6_blimp_rescue",0.1082,0.41,0.5449,1,1,1.2736,1.0178
621,"1_lmer_complete",0.0839669244096165,0.409780843540402,0.464505372573027,1,1,0.855053978419181,1.01124608193168
621,"2_blimp_complete",0.0705,0.4098,0.4589,1,1,0.88,1.0115
621,"3_lmer_naive",-0.422552855206037,0.571693660417468,0.325794803477949,0,0,0.700382529708369,0.777852632827736
621,"4_blimp_lmc_noaux",-0.4323,0.5718,0.3065,0,0,0.7201,0.7783
621,"5_blimp_omc_aux",0.0568,0.4745,0.5592,0,1,0.8638,1.0321
621,"6_blimp_rescue",0.0778,0.4384,0.4732,1,1,0.854,1.0051
622,"1_lmer_complete",0.142960558392246,0.40704646163587,0.401751829258536,1,1,0.807519011516762,1.03779294816016
622,"2_blimp_complete",0.1331,0.4071,0.3769,1,1,0.8321,1.038
622,"3_lmer_naive",-0.363361286514578,0.552165408824533,0.317159533396363,0,0,0.675123191420826,0.7857010211154
622,"4_blimp_lmc_noaux",-0.3593,0.5525,0.2789,0,0,0.6908,0.7862
622,"5_blimp_omc_aux",0.1569,0.4373,0.5919,1,1,0.8749,1.1144
622,"6_blimp_rescue",0.2026,0.3923,0.4629,1,1,0.8687,1.0754
623,"1_lmer_complete",0.0410579892206537,0.398850850644541,0.477284507130554,1,1,0.986246119462203,1.02020476633667
623,"2_blimp_complete",0.0261,0.399,0.4701,1,1,1.0158,1.0204
623,"3_lmer_naive",-0.431941787979886,0.550985206180537,0.366166412719097,0,0,0.818347052049662,0.778497044437455
623,"4_blimp_lmc_noaux",-0.4448,0.5509,0.3554,0,0,0.8431,0.7789
623,"5_blimp_omc_aux",0.0494,0.432,0.5288,1,1,1.0359,1.0615
623,"6_blimp_rescue",0.0763,0.3995,0.4729,1,1,1.0411,1.0368
624,"1_lmer_complete",0.0769452413467566,0.394681244879673,0.618238134819931,1,1,1.25783060074201,0.978828439945051
624,"2_blimp_complete",0.0613,0.3947,0.626,1,1,1.2958,0.9791
624,"3_lmer_naive",-0.426718773910314,0.521654903268001,0.472770221604053,0,1,1.06934834257964,0.786107255485582
624,"4_blimp_lmc_noaux",-0.4364,0.5219,0.4818,0,1,1.1003,0.7868
624,"5_blimp_omc_aux",0.0959,0.4306,0.6765,1,1,1.2841,1.0392
624,"6_blimp_rescue",0.1421,0.4029,0.6839,1,1,1.3379,1.0155
625,"1_lmer_complete",-0.0142461039173244,0.39930089011781,0.616967103570196,1,1,1.19050599151332,1.00499716946921
625,"2_blimp_complete",-0.0311,0.3994,0.6103,1,1,1.2262,1.0052
625,"3_lmer_naive",-0.575900730297617,0.529227616292261,0.421788859502354,0,0,0.907569213646876,0.827531113753243
625,"4_blimp_lmc_noaux",-0.5649,0.5298,0.4073,0,0,0.9286,0.8285
625,"5_blimp_omc_aux",-0.0259,0.444,0.6761,1,1,1.2812,1.0913
625,"6_blimp_rescue",0.0071,0.3999,0.6111,1,1,1.3006,1.0563
626,"1_lmer_complete",-0.220959527401345,0.396953473132782,0.719994759742258,1,1,1.06765625931413,0.961995568434005
626,"2_blimp_complete",-0.2366,0.3971,0.7063,1,1,1.0995,0.9623
626,"3_lmer_naive",-0.697175294380745,0.531342997271916,0.519699956342851,0,1,0.866327880711331,0.742611299466016
626,"4_blimp_lmc_noaux",-0.7019,0.5314,0.5109,0,1,0.8929,0.743
626,"5_blimp_omc_aux",-0.292,0.4288,0.7229,1,1,1.029,0.9808
626,"6_blimp_rescue",-0.2131,0.3976,0.6666,1,1,1.0644,0.9528
627,"1_lmer_complete",0.0804261656287993,0.398865197900584,0.605839397533525,1,1,1.17270459075846,1.00507620814771
627,"2_blimp_complete",0.0645,0.399,0.5959,1,1,1.2092,1.0053
627,"3_lmer_naive",-0.466073426232663,0.555213532839859,0.441871161099802,0,1,0.97368828940811,0.741362349389728
627,"4_blimp_lmc_noaux",-0.4716,0.5554,0.4384,0,1,1.0014,0.742
627,"5_blimp_omc_aux",0.0442,0.4522,0.6272,0,1,1.1174,1.0089
627,"6_blimp_rescue",0.0641,0.4196,0.6139,1,1,1.1417,0.9795
628,"1_lmer_complete",0.0344930874126804,0.389385084956733,0.576366446427296,1,1,1.08989323762494,1.01504010075801
628,"2_blimp_complete",0.0192,0.3895,0.5762,1,1,1.1199,1.0153
628,"3_lmer_naive",-0.52216205226541,0.531489234697268,0.433544333896326,0,1,0.801863792241531,0.792233420398263
628,"4_blimp_lmc_noaux",-0.5344,0.5317,0.4233,0,1,0.8247,0.7927
628,"5_blimp_omc_aux",-0.0231,0.4233,0.6745,1,1,1.0808,1.0595
628,"6_blimp_rescue",0.0143,0.3878,0.5627,1,1,1.1138,1.0247
629,"1_lmer_complete",0.120011172736058,0.397738229249861,0.589470550437368,1,1,1.23999509922728,1.00572702849885
629,"2_blimp_complete",0.1031,0.3978,0.5786,1,1,1.275,1.0059
629,"3_lmer_naive",-0.471413667088081,0.512133863677043,0.403439041400502,0,0,0.97124089494716,0.768193925277536
629,"4_blimp_lmc_noaux",-0.4789,0.5129,0.3816,0,0,0.997,0.7687
629,"5_blimp_omc_aux",0.0696,0.4186,0.6457,1,1,1.2035,1.0479
629,"6_blimp_rescue",0.1593,0.3712,0.5583,1,1,1.2345,1.0044
630,"1_lmer_complete",0.0762515901864897,0.36569645770377,0.737217729780187,0,1,1.00128790060393,0.987196926154983
630,"2_blimp_complete",0.0609,0.3659,0.7269,0,1,1.03,0.9874
630,"3_lmer_naive",-0.508944523974702,0.506292330491956,0.533525062458372,0,1,0.753796221768646,0.760740879670577
630,"4_blimp_lmc_noaux",-0.4985,0.5068,0.5284,0,1,0.7761,0.7617
630,"5_blimp_omc_aux",-1e-04,0.3999,0.7798,1,1,1.0116,1.0227
630,"6_blimp_rescue",0.093,0.3616,0.7463,1,1,1.0525,0.9871
631,"1_lmer_complete",-0.0289033433201268,0.409709763753779,0.490752246632002,1,1,0.923399181036495,0.979864086199769
631,"2_blimp_complete",-0.041,0.4098,0.4936,1,1,0.9509,0.9801
631,"3_lmer_naive",-0.528310507166585,0.546118771591182,0.382064871674653,0,0,0.676635881222398,0.769306134301213
631,"4_blimp_lmc_noaux",-0.5418,0.5466,0.356,0,0,0.6939,0.7697
631,"5_blimp_omc_aux",-0.0369,0.45,0.5695,0,1,0.9346,1.0053
631,"6_blimp_rescue",-0.0272,0.425,0.4761,1,1,0.9429,0.9861
632,"1_lmer_complete",-0.0811926862307946,0.390533431746216,0.64073383238952,1,1,0.909125773700618,0.964886241723474
632,"2_blimp_complete",-0.0967,0.3907,0.6425,1,1,0.938,0.9651
632,"3_lmer_naive",-0.59495011098317,0.516633214153009,0.49787531470382,0,1,0.701425018878671,0.7500129802369
632,"4_blimp_lmc_noaux",-0.6076,0.5171,0.4912,0,1,0.7244,0.7504
632,"5_blimp_omc_aux",-0.1488,0.4257,0.7256,1,1,0.9439,0.9759
632,"6_blimp_rescue",-0.0778,0.3884,0.6492,1,1,0.9704,0.9448
633,"1_lmer_complete",0.0890359314743036,0.405723651477252,0.503007686050736,1,1,1.02933160341054,1.01618090988938
633,"2_blimp_complete",0.0713,0.4058,0.5022,1,1,1.0606,1.0164
633,"3_lmer_naive",-0.458148762418207,0.575176560954783,0.346061738779719,0,0,0.762523119723046,0.762883301919257
633,"4_blimp_lmc_noaux",-0.4642,0.576,0.3082,0,0,0.776,0.7633
633,"5_blimp_omc_aux",0.0507,0.4815,0.5397,0,1,0.9942,1.0304
633,"6_blimp_rescue",0.0599,0.4419,0.4964,1,1,0.9985,1.003
634,"1_lmer_complete",0.0608179352993759,0.403180131099942,0.592134994865099,1,1,0.900160473771872,1.01079499287844
634,"2_blimp_complete",0.0464,0.4033,0.6003,1,1,0.927,1.011
634,"3_lmer_naive",-0.441332177042017,0.527702277175277,0.443616393299435,0,0,0.622368242200905,0.827899164434803
634,"4_blimp_lmc_noaux",-0.4492,0.5282,0.4385,0,0,0.6425,0.8284
634,"5_blimp_omc_aux",0.0544,0.4421,0.6573,0,1,0.9037,1.0671
634,"6_blimp_rescue",0.0751,0.4029,0.5652,1,1,0.9087,1.0344
635,"1_lmer_complete",0.00489382851757009,0.39391383543863,0.778936331663484,1,1,0.905279112190855,0.978082337815615
635,"2_blimp_complete",-0.0107,0.394,0.7797,1,1,0.9298,0.9783
635,"3_lmer_naive",-0.610012480972631,0.536669280292699,0.550169231536385,0,1,0.831767540461218,0.768324581979434
635,"4_blimp_lmc_noaux",-0.6102,0.5368,0.5431,0,1,0.856,0.7692
635,"5_blimp_omc_aux",-0.0726,0.4564,0.8424,0,0,1.0213,1.0226
635,"6_blimp_rescue",0.0241,0.4081,0.8328,1,1,1.1,0.9883
636,"1_lmer_complete",-0.066821670287487,0.413556675690296,0.749802206449773,1,1,1.20125339295249,1.01063193194463
636,"2_blimp_complete",-0.0845,0.4137,0.7443,1,1,1.2388,1.0108
636,"3_lmer_naive",-0.663001712374364,0.539255996095377,0.545215468523326,0,1,0.926716203180536,0.759362016288842
636,"4_blimp_lmc_noaux",-0.6724,0.5395,0.5584,0,1,0.9543,0.76
636,"5_blimp_omc_aux",-0.1401,0.4334,0.7986,1,1,1.2049,1.0717
636,"6_blimp_rescue",-0.0163,0.3883,0.8029,1,1,1.295,1.0375
637,"1_lmer_complete",-0.153743452164736,0.382987020769305,0.624304595270953,1,1,0.957724571329636,1.0256985112834
637,"2_blimp_complete",-0.1716,0.3831,0.634,1,1,0.9853,1.026
637,"3_lmer_naive",-0.733726696809039,0.546092970003058,0.384607955785217,0,0,0.746310116759883,0.797425198642104
637,"4_blimp_lmc_noaux",-0.7367,0.5466,0.3748,0,0,0.766,0.7981
637,"5_blimp_omc_aux",-0.1701,0.457,0.6245,0,1,0.9383,1.0899
637,"6_blimp_rescue",-0.1525,0.4122,0.5765,1,1,0.9687,1.0557
638,"1_lmer_complete",-0.0596371689206545,0.389246513076271,0.728249954672458,1,1,0.91843091872456,0.988569575754957
638,"2_blimp_complete",-0.0749,0.3893,0.7273,1,1,0.9434,0.9888
638,"3_lmer_naive",-0.614524587691155,0.515836400489517,0.600974491763838,0,1,0.792627632290514,0.760979231685275
638,"4_blimp_lmc_noaux",-0.6189,0.5167,0.602,0,1,0.8193,0.7616
638,"5_blimp_omc_aux",-0.1723,0.4194,0.8043,1,0,0.9389,0.9761
638,"6_blimp_rescue",-0.0797,0.3877,0.7803,1,1,0.9874,0.9486
639,"1_lmer_complete",0.0338053039020664,0.407816076871627,0.509412649859293,1,1,1.24191722005992,1.02136104628521
639,"2_blimp_complete",0.0155,0.4079,0.4887,1,1,1.2812,1.0216
639,"3_lmer_naive",-0.467865790431551,0.536864544270862,0.437507695927206,0,1,0.959233670298264,0.791114688728854
639,"4_blimp_lmc_noaux",-0.4749,0.5368,0.4228,0,1,0.9905,0.7916
639,"5_blimp_omc_aux",0.0211,0.431,0.6345,1,1,1.2247,1.0504
639,"6_blimp_rescue",0.0522,0.4029,0.5805,1,1,1.245,1.0275
640,"1_lmer_complete",0.1399170017247,0.396207430275874,0.453915773481627,1,1,1.07940260485708,1.00809008235682
640,"2_blimp_complete",0.1245,0.3963,0.4374,1,1,1.1111,1.0083
640,"3_lmer_naive",-0.395592478465278,0.540572133710542,0.328325268675736,0,0,0.871690105517801,0.758627161030582
640,"4_blimp_lmc_noaux",-0.3974,0.5405,0.3201,0,0,0.8993,0.7593
640,"5_blimp_omc_aux",0.1068,0.4323,0.5294,1,1,1.0217,1.0061
640,"6_blimp_rescue",0.1038,0.3989,0.4709,1,1,1.0281,0.9726
641,"1_lmer_complete",-0.0513519917249479,0.404790432112103,0.593718625375939,1,1,1.05484705361806,0.996104391762099
641,"2_blimp_complete",-0.067,0.4049,0.5884,1,1,1.0879,0.9963
641,"3_lmer_naive",-0.591950595111092,0.539712512308396,0.429666967201757,0,0,0.874040419217916,0.778617165289563
641,"4_blimp_lmc_noaux",-0.6044,0.5398,0.4216,0,0,0.8985,0.7793
641,"5_blimp_omc_aux",-0.1008,0.4548,0.642,0,1,1.0407,1.0406
641,"6_blimp_rescue",-0.0663,0.4102,0.591,1,1,1.0586,1.0072
642,"1_lmer_complete",-0.0904333125965663,0.403854242120031,0.623604897694148,1,1,1.02855091162302,1.01250534424382
642,"2_blimp_complete",-0.1056,0.4039,0.614,1,1,1.0591,1.0127
642,"3_lmer_naive",-0.649277108185292,0.519766784922869,0.39860247463301,0,0,0.704196281470952,0.788993514834382
642,"4_blimp_lmc_noaux",-0.6541,0.5202,0.3932,0,0,0.7224,0.7897
642,"5_blimp_omc_aux",-0.1279,0.4306,0.6534,1,1,0.951,1.0261
642,"6_blimp_rescue",-0.0943,0.3994,0.6121,1,1,0.9947,1.0007
643,"1_lmer_complete",-0.0884305791428866,0.384870142662515,0.681487121187167,1,1,0.809610788979233,1.0131025649261
643,"2_blimp_complete",-0.1038,0.3849,0.6839,1,1,0.8318,1.0133
643,"3_lmer_naive",-0.658173570385314,0.525997009712528,0.421286619748161,0,0,0.646407211717149,0.79668590400709
643,"4_blimp_lmc_noaux",-0.6613,0.5268,0.4101,0,0,0.6648,0.7974
643,"5_blimp_omc_aux",-0.1301,0.4222,0.6906,1,1,0.8179,1.0809
643,"6_blimp_rescue",-0.0889,0.3817,0.6183,1,1,0.8516,1.0444
644,"1_lmer_complete",0.314053977665779,0.372658693540624,0.479046286427779,1,1,0.802626040374844,1.00783465337442
644,"2_blimp_complete",0.3011,0.3728,0.4624,1,1,0.8265,1.0081
644,"3_lmer_naive",-0.1811050031942,0.512857559171041,0.313513148638672,0,0,0.675544252752227,0.788496317550502
644,"4_blimp_lmc_noaux",-0.1881,0.513,0.2937,0,0,0.6942,0.789
644,"5_blimp_omc_aux",0.3042,0.4163,0.5483,1,1,0.8298,1.0761
644,"6_blimp_rescue",0.3462,0.3729,0.4849,1,1,0.8399,1.0461
645,"1_lmer_complete",-0.0154970570169882,0.378044114817208,0.591448504796789,1,1,1.18464584362045,0.994545691815388
645,"2_blimp_complete",-0.0325,0.3782,0.5657,1,1,1.2207,0.9948
645,"3_lmer_naive",-0.552092777173184,0.487792503802498,0.430034536994013,0,1,0.929104499152979,0.780502353752234
645,"4_blimp_lmc_noaux",-0.5486,0.488,0.4289,0,1,0.9546,0.7814
645,"5_blimp_omc_aux",-0.0535,0.3852,0.6617,1,1,1.2114,1.0341
645,"6_blimp_rescue",0.0398,0.3485,0.5838,0,1,1.2729,1.0011
646,"1_lmer_complete",-0.0836450461088661,0.411173573909924,0.446724276419935,1,1,1.01290791346137,0.975743255626693
646,"2_blimp_complete",-0.0939,0.4114,0.4202,1,1,1.0445,0.9759
646,"3_lmer_naive",-0.618656473386345,0.534540926894706,0.304821986661828,0,0,0.72550628818158,0.743210414540656
646,"4_blimp_lmc_noaux",-0.6245,0.5343,0.281,0,0,0.7476,0.7438
646,"5_blimp_omc_aux",-0.1211,0.4459,0.5153,0,1,1.013,0.9901
646,"6_blimp_rescue",-0.0908,0.4064,0.4511,1,1,1.0081,0.9611
647,"1_lmer_complete",0.142475727573176,0.36759397539047,0.648364815031715,0,1,1.0474795070192,0.997585119072963
647,"2_blimp_complete",0.1253,0.3676,0.6557,0,1,1.0779,0.9978
647,"3_lmer_naive",-0.439444170676837,0.502586003376259,0.492534328129761,0,1,0.831885470118594,0.784767627087912
647,"4_blimp_lmc_noaux",-0.4386,0.5033,0.4794,0,1,0.8559,0.7855
647,"5_blimp_omc_aux",0.0384,0.4082,0.7359,1,1,1.0609,1.0405
647,"6_blimp_rescue",0.1641,0.3724,0.706,1,1,1.1275,1.0114
648,"1_lmer_complete",0.127402207161865,0.402700286090791,0.445979494872788,1,1,0.95165472199806,1.01119694679392
648,"2_blimp_complete",0.113,0.4029,0.4426,1,1,0.9793,1.0115
648,"3_lmer_naive",-0.4052171282005,0.525431426640075,0.304148742758992,0,0,0.705011166300846,0.782822469499059
648,"4_blimp_lmc_noaux",-0.4105,0.526,0.2887,0,0,0.7195,0.7834
648,"5_blimp_omc_aux",0.1205,0.4468,0.535,0,1,0.961,1.0312
648,"6_blimp_rescue",0.1244,0.4059,0.4705,1,1,0.965,0.9967
649,"1_lmer_complete",-0.295333482294908,0.416152314044429,0.44591920382697,1,1,1.15720474547705,0.982059747875293
649,"2_blimp_complete",-0.3108,0.4163,0.445,1,1,1.1935,0.9822
649,"3_lmer_naive",-0.711522597957756,0.532105601659999,0.278287302347811,0,0,0.927865192534512,0.779660526669744
649,"4_blimp_lmc_noaux",-0.7274,0.5322,0.2598,0,0,0.9553,0.7799
649,"5_blimp_omc_aux",-0.2823,0.4457,0.5017,0,1,1.1822,0.9995
649,"6_blimp_rescue",-0.2897,0.418,0.4301,1,1,1.1728,0.9788
650,"1_lmer_complete",-0.0395793041044432,0.415590155661262,0.4623188512566,1,1,1.02631116181348,0.959760998561145
650,"2_blimp_complete",-0.0547,0.4158,0.468,1,1,1.0583,0.96
650,"3_lmer_naive",-0.529197393086762,0.568965042200526,0.346769365434854,0,0,0.889982227640729,0.718872207332957
650,"4_blimp_lmc_noaux",-0.5407,0.5692,0.3385,0,0,0.9136,0.7194
650,"5_blimp_omc_aux",-0.0686,0.4832,0.548,0,1,1.0569,0.9584
650,"6_blimp_rescue",-0.0365,0.45,0.4666,0,1,1.0581,0.9375
651,"1_lmer_complete",0.0623885022525595,0.394366422561186,0.575874340406382,1,1,1.09819508712944,0.999092760664264
651,"2_blimp_complete",0.0469,0.3944,0.5582,1,1,1.1307,0.9993
651,"3_lmer_naive",-0.510359133191254,0.514458029620386,0.396121753219719,0,0,0.997004707266247,0.774261669139482
651,"4_blimp_lmc_noaux",-0.5192,0.5144,0.3829,0,0,1.0288,0.7747
651,"5_blimp_omc_aux",0.057,0.4302,0.6311,1,1,1.1091,1.0363
651,"6_blimp_rescue",0.0721,0.3906,0.5909,1,1,1.1244,1.005
652,"1_lmer_complete",0.0020857009715368,0.378943539472918,0.750167160745428,1,1,1.37506811340397,0.987400313310571
652,"2_blimp_complete",-0.0146,0.379,0.7333,1,1,1.4154,0.9876
652,"3_lmer_naive",-0.593384549394642,0.517362509851039,0.550427570873618,0,1,1.00983371940403,0.787203822231235
652,"4_blimp_lmc_noaux",-0.6002,0.5179,0.5312,0,1,1.042,0.7877
652,"5_blimp_omc_aux",-0.0872,0.4245,0.8051,1,1,1.3064,1.0554
652,"6_blimp_rescue",0.0163,0.3799,0.7234,1,1,1.3677,1.0229
653,"1_lmer_complete",0.273454774351256,0.395786463159845,0.348173563417113,1,0,0.955203675992502,0.996488456464347
653,"2_blimp_complete",0.2577,0.3959,0.34,1,0,0.9847,0.9967
653,"3_lmer_naive",-0.230850567388213,0.556044705504343,0.232424203018905,0,0,0.722098530557403,0.76462772326963
653,"4_blimp_lmc_noaux",-0.239,0.5564,0.1975,0,0,0.7354,0.7652
653,"5_blimp_omc_aux",0.3138,0.4492,0.4913,1,1,0.9774,1.0993
653,"6_blimp_rescue",0.3217,0.4031,0.3284,1,0,0.9515,1.057
654,"1_lmer_complete",0.0390409794125663,0.393325335968176,0.494376367434526,1,1,1.0578199455643,1.00982913907317
654,"2_blimp_complete",0.0237,0.3935,0.4974,1,1,1.0892,1.0101
654,"3_lmer_naive",-0.46923372910895,0.544575626739218,0.382368341679986,0,0,0.850910320880283,0.801577016193122
654,"4_blimp_lmc_noaux",-0.4788,0.5454,0.3723,0,0,0.8714,0.8023
654,"5_blimp_omc_aux",0.0432,0.4581,0.6082,0,1,1.0889,1.0623
654,"6_blimp_rescue",0.0975,0.4181,0.5197,1,1,1.1197,1.031
655,"1_lmer_complete",0.0732936680340573,0.391409728649713,0.687767839435992,1,1,0.829948524493914,1.03120093365912
655,"2_blimp_complete",0.0599,0.3915,0.6829,1,1,0.8536,1.0315
655,"3_lmer_naive",-0.511119203714171,0.551477460997744,0.513765003634276,0,1,0.639149332940366,0.774837023337547
655,"4_blimp_lmc_noaux",-0.5203,0.5518,0.5045,0,1,0.6598,0.7754
655,"5_blimp_omc_aux",-0.0108,0.4377,0.7383,1,1,0.7913,1.0601
655,"6_blimp_rescue",0.0667,0.404,0.7177,1,1,0.8189,1.0355
656,"1_lmer_complete",0.253800706968391,0.413401681736006,0.55584221932318,1,1,0.872559353536613,0.999854663973567
656,"2_blimp_complete",0.2397,0.4135,0.5547,1,1,0.8986,1.0001
656,"3_lmer_naive",-0.276367356566943,0.553073704476577,0.404452694285061,0,0,0.721639317650002,0.742350594047439
656,"4_blimp_lmc_noaux",-0.2878,0.5531,0.3896,0,0,0.7433,0.7429
656,"5_blimp_omc_aux",0.2165,0.4557,0.5834,0,1,0.9449,0.9823
656,"6_blimp_rescue",0.2238,0.4276,0.5228,1,1,0.9515,0.9611
657,"1_lmer_complete",-0.00614312198645801,0.411802377671647,0.641045744991421,1,1,0.871550397979777,1.01317229568448
657,"2_blimp_complete",-0.0196,0.4119,0.6216,1,1,0.8987,1.0134
657,"3_lmer_naive",-0.555557972131988,0.529109857487557,0.469667478795245,0,1,0.619205623704555,0.782794968322312
657,"4_blimp_lmc_noaux",-0.5584,0.5295,0.4538,0,0,0.6397,0.7833
657,"5_blimp_omc_aux",-0.0572,0.4358,0.6934,1,1,0.8201,1.0382
657,"6_blimp_rescue",0.0065,0.3954,0.6438,1,1,0.8419,1.0072
658,"1_lmer_complete",0.0298205789219631,0.39086183792356,0.424720327795891,1,1,1.08199255962822,0.99300745789607
658,"2_blimp_complete",0.0136,0.391,0.3985,1,1,1.1185,0.9932
658,"3_lmer_naive",-0.496445279188483,0.535623232821285,0.350114085735623,0,0,1.00708997637319,0.7591042370695
658,"4_blimp_lmc_noaux",-0.5035,0.536,0.3198,0,0,1.036,0.7596
658,"5_blimp_omc_aux",0.0301,0.4258,0.5024,1,1,1.1281,1.0286
658,"6_blimp_rescue",0.0335,0.3964,0.4756,1,1,1.1595,1.0053
659,"1_lmer_complete",-0.00826738689108164,0.400741412982768,0.739771073132813,1,1,0.930432546727146,0.993532373470028
659,"2_blimp_complete",-0.0223,0.4008,0.7307,1,1,0.9545,0.9937
659,"3_lmer_naive",-0.594777491466468,0.515021965496533,0.517705742154804,0,1,0.700887672193216,0.818695911263959
659,"4_blimp_lmc_noaux",-0.6016,0.5156,0.5012,0,1,0.7216,0.8192
659,"5_blimp_omc_aux",-0.0787,0.4287,0.7534,1,1,0.9081,1.0402
659,"6_blimp_rescue",0.0045,0.393,0.7374,1,1,0.955,1.011
660,"1_lmer_complete",0.0432969203357613,0.40191555924529,0.473662388545262,1,1,1.14640337948256,1.02280809547679
660,"2_blimp_complete",0.0277,0.4021,0.4663,1,1,1.179,1.023
660,"3_lmer_naive",-0.476702333042493,0.527024344298708,0.326230151920448,0,0,0.965233462358008,0.786960287432702
660,"4_blimp_lmc_noaux",-0.4864,0.5281,0.2807,0,0,0.9777,0.7876
660,"5_blimp_omc_aux",0.0426,0.415,0.5379,1,1,1.1938,1.0669
660,"6_blimp_rescue",0.055,0.3878,0.4611,1,1,1.277,1.0455
661,"1_lmer_complete",-0.096643241889349,0.402422186331158,0.608083070654548,1,1,0.986186509091226,1.00065647513299
661,"2_blimp_complete",-0.1102,0.4025,0.6007,1,1,1.0168,1.0009
661,"3_lmer_naive",-0.609945789448738,0.540895390994868,0.395977120282577,0,0,0.783180416514459,0.768399553667155
661,"4_blimp_lmc_noaux",-0.6106,0.5418,0.3691,0,0,0.8043,0.7688
661,"5_blimp_omc_aux",-0.1591,0.436,0.657,1,1,1.0141,1.0472
661,"6_blimp_rescue",-0.0729,0.3942,0.5456,1,1,1.05,1.0125
662,"1_lmer_complete",-0.0123253201335789,0.409335397710569,0.609714255057653,1,1,0.905143657445903,0.981387613189769
662,"2_blimp_complete",-0.0268,0.4094,0.5952,1,1,0.9347,0.9816
662,"3_lmer_naive",-0.546178861360565,0.543554527576625,0.435498654071645,0,0,0.801069151948464,0.774195557118997
662,"4_blimp_lmc_noaux",-0.5538,0.544,0.4139,0,0,0.8257,0.7747
662,"5_blimp_omc_aux",-0.0402,0.4527,0.6617,0,1,0.9213,1.0355
662,"6_blimp_rescue",-0.0013,0.4172,0.6214,1,1,0.9498,1.0075
663,"1_lmer_complete",0.0801813366152318,0.408031030601707,0.634170609957435,1,1,0.999761715382594,1.0123124582968
663,"2_blimp_complete",0.0655,0.4081,0.6292,1,1,1.031,1.0126
663,"3_lmer_naive",-0.511919256728391,0.560890730813699,0.499782938998333,0,1,0.791083877381182,0.785547620214555
663,"4_blimp_lmc_noaux",-0.525,0.5615,0.4822,0,1,0.8144,0.786
663,"5_blimp_omc_aux",0.052,0.4739,0.75,0,1,1.0187,1.0622
663,"6_blimp_rescue",0.0989,0.4301,0.6828,1,1,1.0583,1.0255
664,"1_lmer_complete",-0.00982620810542698,0.400562564695176,0.800988486807484,1,1,1.13338634016001,0.974372756195971
664,"2_blimp_complete",-0.0262,0.4007,0.7866,1,1,1.1681,0.9746
664,"3_lmer_naive",-0.57299455431908,0.542093069927811,0.620986573649242,0,1,0.914583284977932,0.766207944683393
664,"4_blimp_lmc_noaux",-0.5827,0.5423,0.6173,0,1,0.9431,0.7666
664,"5_blimp_omc_aux",-0.1128,0.4487,0.85,0,0,1.1283,1.0063
664,"6_blimp_rescue",-0.0226,0.4128,0.7908,1,1,1.1678,0.9745
665,"1_lmer_complete",0.156303919464323,0.383516736399068,0.541362039528722,1,1,0.964854139596691,0.987677040319005
665,"2_blimp_complete",0.1425,0.3836,0.5259,1,1,0.9928,0.988
665,"3_lmer_naive",-0.376467371634887,0.53712672853968,0.419796480682864,0,0,0.786936266276359,0.722822581833132
665,"4_blimp_lmc_noaux",-0.387,0.5371,0.4069,0,0,0.8121,0.7233
665,"5_blimp_omc_aux",0.129,0.4343,0.6279,1,1,0.9935,0.9829
665,"6_blimp_rescue",0.1529,0.399,0.5637,1,1,1.0054,0.9561
666,"1_lmer_complete",0.069864720735454,0.400192843230716,0.680118347151456,1,1,0.919527349217744,1.02688590125288
666,"2_blimp_complete",0.0555,0.4003,0.6907,1,1,0.9463,1.0272
666,"3_lmer_naive",-0.521426672445037,0.559973004456722,0.49515668800485,0,1,0.731482885443896,0.788459638168144
666,"4_blimp_lmc_noaux",-0.5317,0.5604,0.4886,0,1,0.7539,0.789
666,"5_blimp_omc_aux",-3e-04,0.4667,0.7287,0,1,0.8905,1.0595
666,"6_blimp_rescue",0.0446,0.4306,0.6972,1,1,0.9225,1.0322
667,"1_lmer_complete",-0.00412555190938243,0.386827008388989,0.65302860025594,1,1,0.914882738967167,0.997521978366906
667,"2_blimp_complete",-0.0188,0.3869,0.6364,1,1,0.9397,0.9978
667,"3_lmer_naive",-0.582276797620321,0.53048390491611,0.462899467126802,0,1,0.82258709801772,0.789135676581948
667,"4_blimp_lmc_noaux",-0.592,0.5305,0.4445,0,1,0.8485,0.7896
667,"5_blimp_omc_aux",-0.0449,0.4168,0.7271,1,1,0.9154,1.085
667,"6_blimp_rescue",0.0112,0.3767,0.6578,1,1,0.9414,1.0484
668,"1_lmer_complete",0.0369688813125242,0.399256268124412,0.459513363099583,1,1,1.11326581538696,0.949310530803619
668,"2_blimp_complete",0.0214,0.3993,0.4462,1,1,1.1466,0.9496
668,"3_lmer_naive",-0.510217133745846,0.534508477406458,0.424212826648286,0,1,0.864741752320957,0.719314615825762
668,"4_blimp_lmc_noaux",-0.5253,0.5345,0.4213,0,1,0.8919,0.7198
668,"5_blimp_omc_aux",0.0188,0.4486,0.6145,0,1,1.135,0.9771
668,"6_blimp_rescue",0.0304,0.4037,0.5019,1,1,1.1374,0.9405
669,"1_lmer_complete",0.170231270966013,0.41446766306432,0.53233101250041,1,1,1.05796808761371,1.01824719426544
669,"2_blimp_complete",0.1548,0.4146,0.5266,1,1,1.0936,1.0185
669,"3_lmer_naive",-0.383519257297745,0.553648331957187,0.42932960187806,0,1,0.858969676622395,0.817950048921319
669,"4_blimp_lmc_noaux",-0.3858,0.5541,0.4195,0,1,0.8816,0.8187
669,"5_blimp_omc_aux",0.1824,0.4687,0.6401,0,1,1.0882,1.0996
669,"6_blimp_rescue",0.2045,0.4336,0.5596,1,1,1.107,1.0717
670,"1_lmer_complete",-0.104517462801249,0.422086814833663,0.493083905533846,1,1,1.19322708655708,1.0180415042945
670,"2_blimp_complete",-0.1204,0.4223,0.4918,1,1,1.2291,1.0182
670,"3_lmer_naive",-0.623698242867885,0.537400197893223,0.37055154864452,0,0,0.937924331685662,0.780338466255269
670,"4_blimp_lmc_noaux",-0.6362,0.5376,0.3603,0,0,0.9649,0.7808
670,"5_blimp_omc_aux",-0.1208,0.4416,0.5603,1,1,1.2131,1.0306
670,"6_blimp_rescue",-0.129,0.4055,0.495,1,1,1.2078,1.0007
671,"1_lmer_complete",-0.0212311955573572,0.412799511580106,0.728844840708029,1,1,0.775544711588075,0.977529479870135
671,"2_blimp_complete",-0.0343,0.4129,0.7178,1,1,0.7979,0.9777
671,"3_lmer_naive",-0.549028231665575,0.529564905651663,0.501508743574014,0,1,0.734332653401247,0.797238339643717
671,"4_blimp_lmc_noaux",-0.5545,0.5294,0.4938,0,1,0.7584,0.7976
671,"5_blimp_omc_aux",-0.0547,0.4391,0.7181,1,1,0.8249,1.0507
671,"6_blimp_rescue",0.0309,0.4088,0.7366,1,1,0.8485,1.0283
672,"1_lmer_complete",0.105739422417199,0.401308570265588,0.512870155713649,1,1,0.923652210064288,1.00181272402022
672,"2_blimp_complete",0.0885,0.4014,0.4947,1,1,0.9515,1.0021
672,"3_lmer_naive",-0.449398431806422,0.560071640600388,0.347391707072955,0,0,0.800945462573417,0.749793316860785
672,"4_blimp_lmc_noaux",-0.4604,0.5602,0.3227,0,0,0.8236,0.7503
672,"5_blimp_omc_aux",0.1216,0.4726,0.5968,0,1,0.9651,1.0247
672,"6_blimp_rescue",0.1035,0.4321,0.519,1,1,0.9647,0.9954
673,"1_lmer_complete",0.1028187712466,0.403474977388647,0.630099333032205,1,1,1.06874813282134,1.0030594046031
673,"2_blimp_complete",0.0859,0.4036,0.6348,1,1,1.1015,1.0033
673,"3_lmer_naive",-0.433092067038487,0.537465816600447,0.472688642695392,0,1,0.881850032542019,0.799024883460559
673,"4_blimp_lmc_noaux",-0.4397,0.5376,0.4736,0,1,0.9085,0.7996
673,"5_blimp_omc_aux",0.0939,0.4399,0.7143,1,1,1.0811,1.0533
673,"6_blimp_rescue",0.1285,0.406,0.6738,1,1,1.1077,1.0243
674,"1_lmer_complete",0.0197828969823265,0.40486437233046,0.752886772467804,1,1,1.16433039530913,1.02874304226974
674,"2_blimp_complete",0.0053,0.405,0.7692,1,1,1.1978,1.029
674,"3_lmer_naive",-0.5931140201645,0.532504560492575,0.621679120371891,0,1,0.914563943099845,0.831337538899942
674,"4_blimp_lmc_noaux",-0.6063,0.5327,0.6306,0,1,0.9457,0.8318
674,"5_blimp_omc_aux",-0.0454,0.4493,0.8315,0,0,1.1831,1.1047
674,"6_blimp_rescue",0.0441,0.4069,0.7654,1,1,1.2423,1.0672
675,"1_lmer_complete",-0.173783487871462,0.422425112596868,0.560904911626021,1,1,0.968902136143137,0.971209664771289
675,"2_blimp_complete",-0.1903,0.4225,0.5394,1,1,0.9979,0.9714
675,"3_lmer_naive",-0.67648506030272,0.537552079948229,0.401927089060985,0,0,0.735976393334536,0.75161020332067
675,"4_blimp_lmc_noaux",-0.6829,0.5378,0.4037,0,0,0.7569,0.7522
675,"5_blimp_omc_aux",-0.1933,0.4367,0.5819,1,1,0.9955,0.9877
675,"6_blimp_rescue",-0.1963,0.4051,0.5116,1,1,1.0142,0.9585
676,"1_lmer_complete",-0.000685160928032664,0.391894256705433,0.545697279624849,1,1,1.26371054744666,1.01678191818027
676,"2_blimp_complete",-0.0175,0.3919,0.5551,1,1,1.2997,1.0171
676,"3_lmer_naive",-0.529066499018808,0.533749464215307,0.473723014051383,0,1,0.968209750352871,0.799111990536067
676,"4_blimp_lmc_noaux",-0.5408,0.5338,0.4741,0,1,0.998,0.7995
676,"5_blimp_omc_aux",0.0014,0.4419,0.5908,1,1,1.2745,1.0736
676,"6_blimp_rescue",0.0124,0.412,0.5307,1,1,1.301,1.0512
677,"1_lmer_complete",0.17380861949237,0.391090537824646,0.589063808114258,1,1,1.35857029558919,0.991466569385496
677,"2_blimp_complete",0.1569,0.3913,0.5839,1,1,1.4012,0.9917
677,"3_lmer_naive",-0.491478149548652,0.533459997898438,0.464075141373661,0,1,1.0219604103559,0.752039377634001
677,"4_blimp_lmc_noaux",-0.496,0.5338,0.4538,0,1,1.043,0.7531
677,"5_blimp_omc_aux",0.1025,0.4244,0.6478,1,1,1.3151,1.0251
677,"6_blimp_rescue",0.1626,0.3979,0.6886,1,1,1.4107,1.0023
678,"1_lmer_complete",-0.162846287319579,0.381778569621847,0.647570647106613,1,1,1.07708382417458,0.996145565318482
678,"2_blimp_complete",-0.1775,0.382,0.6428,1,1,1.1087,0.9964
678,"3_lmer_naive",-0.69029161755689,0.50213962440625,0.497933895056958,0,1,0.856590734989077,0.779701717000411
678,"4_blimp_lmc_noaux",-0.7038,0.5027,0.4852,0,1,0.8838,0.7802
678,"5_blimp_omc_aux",-0.2179,0.4063,0.7024,1,1,1.1008,1.0098
678,"6_blimp_rescue",-0.1379,0.3783,0.6883,1,1,1.1399,0.9851
679,"1_lmer_complete",0.0409454401499923,0.422376114966222,0.657099881992053,1,1,0.951706190519571,1.00992320487573
679,"2_blimp_complete",0.0248,0.4225,0.6624,1,1,0.9787,1.0102
679,"3_lmer_naive",-0.525089438340179,0.562118866054799,0.459032799789963,0,1,0.743885360532196,0.799650556801354
679,"4_blimp_lmc_noaux",-0.5393,0.5621,0.4534,0,1,0.7683,0.8002
679,"5_blimp_omc_aux",-0.0029,0.4696,0.7266,0,1,0.9372,1.1033
679,"6_blimp_rescue",0.0542,0.4188,0.6705,1,1,0.9622,1.0685
680,"1_lmer_complete",-0.0285102645273308,0.393536530870228,0.732046518338194,1,1,0.860983745732758,1.02301179382346
680,"2_blimp_complete",-0.0421,0.3936,0.718,1,1,0.8867,1.0232
680,"3_lmer_naive",-0.644616595564091,0.548383933680657,0.513260260588966,0,1,0.60817511090311,0.748550767655281
680,"4_blimp_lmc_noaux",-0.645,0.5489,0.5035,0,1,0.6265,0.7492
680,"5_blimp_omc_aux",-0.1222,0.4493,0.7577,0,1,0.813,1.0135
680,"6_blimp_rescue",-0.0668,0.4122,0.7267,1,1,0.8441,0.9858
681,"1_lmer_complete",0.172006581143979,0.40067939298968,0.59129507212737,1,1,1.08285511504453,0.973811043709798
681,"2_blimp_complete",0.1568,0.4009,0.5873,1,1,1.1121,0.9741
681,"3_lmer_naive",-0.381652352621043,0.564145781830204,0.486551006519821,0,1,0.924905478843014,0.765818953376536
681,"4_blimp_lmc_noaux",-0.3949,0.5639,0.4813,0,1,0.9535,0.7662
681,"5_blimp_omc_aux",0.1455,0.4753,0.7045,0,1,1.1348,1.0232
681,"6_blimp_rescue",0.1995,0.4441,0.6549,0,1,1.1765,1.0007
682,"1_lmer_complete",-0.0262966982499064,0.418335590717006,0.590452999749149,1,1,0.843600540299149,1.01431870097506
682,"2_blimp_complete",-0.04,0.4184,0.5784,1,1,0.8699,1.0145
682,"3_lmer_naive",-0.544491936361844,0.5504364639971,0.386409994595008,0,0,0.73951658396379,0.808026182915733
682,"4_blimp_lmc_noaux",-0.5549,0.5505,0.3661,0,0,0.7641,0.8085
682,"5_blimp_omc_aux",-0.0226,0.4627,0.654,0,1,0.856,1.0727
682,"6_blimp_rescue",0.006,0.4256,0.5956,1,1,0.8671,1.0458
683,"1_lmer_complete",-0.0988235767482586,0.393875101558773,0.429175497959423,1,1,0.936032769220853,0.988860643631475
683,"2_blimp_complete",-0.1141,0.394,0.4178,1,1,0.9635,0.9891
683,"3_lmer_naive",-0.567686626226892,0.532922109877631,0.268133310928983,0,0,0.848341887815713,0.768265706013899
683,"4_blimp_lmc_noaux",-0.5794,0.5332,0.2582,0,0,0.8689,0.7688
683,"5_blimp_omc_aux",-0.0892,0.4293,0.5001,1,1,0.9878,1.0065
683,"6_blimp_rescue",-0.1108,0.3989,0.446,1,1,0.9972,0.9778
684,"1_lmer_complete",-0.112981995866663,0.393109091240342,0.590631119828065,1,1,0.739003387797804,1.0372294064781
684,"2_blimp_complete",-0.125,0.3932,0.5874,1,1,0.7603,1.0374
684,"3_lmer_naive",-0.694889844356549,0.548209546120465,0.432842374403914,0,0,0.63701994149428,0.794920778664442
684,"4_blimp_lmc_noaux",-0.7035,0.5485,0.4177,0,0,0.6557,0.7954
684,"5_blimp_omc_aux",-0.1183,0.4442,0.6297,1,1,0.6837,1.0876
684,"6_blimp_rescue",-0.1004,0.4045,0.5776,1,1,0.6875,1.0547
685,"1_lmer_complete",-0.163275039589503,0.40988468498981,0.73262913565408,1,1,1.26867878867025,0.997841067285973
685,"2_blimp_complete",-0.1842,0.4099,0.7345,1,1,1.3038,0.9981
685,"3_lmer_naive",-0.757870390107399,0.539785973120759,0.510942529303004,0,1,0.961132423854579,0.786429249303531
685,"4_blimp_lmc_noaux",-0.7636,0.5408,0.5098,0,1,0.9884,0.7871
685,"5_blimp_omc_aux",-0.278,0.4681,0.7532,0,1,1.2062,1.0315
685,"6_blimp_rescue",-0.1927,0.4231,0.7187,1,1,1.2786,0.9999
686,"1_lmer_complete",-0.0382671123948115,0.421364476643918,0.69766353975906,1,1,0.81138425391264,1.03255371157778
686,"2_blimp_complete",-0.0518,0.4215,0.6993,1,1,0.8352,1.0328
686,"3_lmer_naive",-0.580766210447782,0.54177457461885,0.513759920335043,0,1,0.6970387970604,0.814796647700127
686,"4_blimp_lmc_noaux",-0.5896,0.5419,0.5123,0,1,0.7204,0.8153
686,"5_blimp_omc_aux",-0.0596,0.4471,0.7369,0,1,0.8288,1.0849
686,"6_blimp_rescue",0.0067,0.408,0.7146,1,1,0.8468,1.0548
687,"1_lmer_complete",0.144554816583684,0.412238911090423,0.602823700761603,1,1,1.16283243519106,1.00096826591482
687,"2_blimp_complete",0.1287,0.4123,0.5941,1,1,1.197,1.0012
687,"3_lmer_naive",-0.459174352208231,0.572944974031041,0.446671715654076,0,1,1.02343635514388,0.725756272706073
687,"4_blimp_lmc_noaux",-0.472,0.5733,0.4325,0,0,1.0514,0.7262
687,"5_blimp_omc_aux",0.067,0.4523,0.6377,0,1,1.1626,1.0152
687,"6_blimp_rescue",0.1314,0.4231,0.6056,1,1,1.1787,0.9891
688,"1_lmer_complete",-0.0142889962503641,0.390998225508751,0.606405969159307,1,1,0.873587168894886,0.998676827804399
688,"2_blimp_complete",-0.0293,0.3911,0.6062,1,1,0.8986,0.9989
688,"3_lmer_naive",-0.537314482360171,0.521623881666332,0.453455615300447,0,1,0.764903829213835,0.789523823393129
688,"4_blimp_lmc_noaux",-0.5423,0.5216,0.4588,0,1,0.788,0.7902
688,"5_blimp_omc_aux",-0.065,0.4114,0.7116,1,1,0.9099,1.064
688,"6_blimp_rescue",0.0043,0.3801,0.686,1,1,0.9492,1.035
689,"1_lmer_complete",-0.090355626458836,0.383425167203581,0.69947762524043,1,1,1.0441778657905,0.999224067827744
689,"2_blimp_complete",-0.1068,0.3836,0.7032,1,1,1.073,0.9995
689,"3_lmer_naive",-0.611350904993452,0.504759537068414,0.517872713452895,0,1,0.840573727810367,0.788524606962422
689,"4_blimp_lmc_noaux",-0.6249,0.5049,0.5211,0,1,0.8677,0.789
689,"5_blimp_omc_aux",-0.1372,0.4075,0.7372,1,1,1.0502,1.0321
689,"6_blimp_rescue",-0.0639,0.375,0.7178,1,1,1.0937,1.0039
690,"1_lmer_complete",-0.0128524791306238,0.411778139472517,0.571373779137378,1,1,1.14969543205662,1.03147267218709
690,"2_blimp_complete",-0.0287,0.4118,0.5706,1,1,1.1868,1.0317
690,"3_lmer_naive",-0.515339730526392,0.555501304765569,0.342722105819548,0,0,0.99954759253284,0.78713723245495
690,"4_blimp_lmc_noaux",-0.5237,0.5557,0.3378,0,0,1.0263,0.7877
690,"5_blimp_omc_aux",0.0018,0.45,0.5128,0,1,1.1782,1.0657
690,"6_blimp_rescue",0.0095,0.4212,0.5539,1,1,1.2779,1.0418
691,"1_lmer_complete",-0.185172996409376,0.427227399546556,0.700270589592155,1,1,1.06836339381617,0.969338680997835
691,"2_blimp_complete",-0.1996,0.4273,0.7018,0,1,1.099,0.9696
691,"3_lmer_naive",-0.697773427963816,0.549754344408123,0.539807625778989,0,1,0.900504782777022,0.743204509481036
691,"4_blimp_lmc_noaux",-0.7101,0.5498,0.5395,0,1,0.9289,0.7435
691,"5_blimp_omc_aux",-0.2425,0.4524,0.7459,0,1,1.0462,0.9757
691,"6_blimp_rescue",-0.1954,0.4214,0.7303,1,1,1.0773,0.9486
692,"1_lmer_complete",0.0803239066454369,0.399888662332819,0.628267680129906,1,1,1.09682186294533,1.00549924018386
692,"2_blimp_complete",0.0644,0.3999,0.6072,1,1,1.1341,1.0057
692,"3_lmer_naive",-0.457963692838033,0.523720478841086,0.466789382352103,0,1,0.908169115619329,0.795301945173925
692,"4_blimp_lmc_noaux",-0.4533,0.5238,0.4743,0,1,0.9335,0.7962
692,"5_blimp_omc_aux",0.0579,0.4327,0.7109,1,1,1.145,1.0552
692,"6_blimp_rescue",0.1325,0.3881,0.7222,1,1,1.2011,1.0175
693,"1_lmer_complete",0.0047386105584958,0.389195367464626,0.4998327171813,1,1,0.887160285481716,0.993288349689232
693,"2_blimp_complete",-0.0091,0.3893,0.4815,1,1,0.9155,0.9935
693,"3_lmer_naive",-0.544112911405285,0.519780358374223,0.302642044508051,0,0,0.696587576191844,0.753301597176553
693,"4_blimp_lmc_noaux",-0.5349,0.5206,0.2678,0,0,0.707,0.7541
693,"5_blimp_omc_aux",0.0031,0.4139,0.5647,1,1,0.9433,1.0207
693,"6_blimp_rescue",0.0129,0.3775,0.4957,1,1,0.9702,0.9878
694,"1_lmer_complete",0.0658385649874635,0.379048444313539,0.664333945516362,1,1,1.10630626458379,0.999683924622808
694,"2_blimp_complete",0.0481,0.3791,0.6605,1,1,1.1376,0.9999
694,"3_lmer_naive",-0.483216217165732,0.528389202769229,0.357614407781822,0,0,0.89242447376015,0.783924434129751
694,"4_blimp_lmc_noaux",-0.4864,0.5282,0.3496,0,0,0.9138,0.785
694,"5_blimp_omc_aux",0.0355,0.4238,0.6377,1,1,1.1243,1.0735
694,"6_blimp_rescue",0.0867,0.3844,0.5872,1,1,1.1559,1.0404
695,"1_lmer_complete",-0.0077853577141015,0.411288863316778,0.641521222407538,1,1,0.923166638129358,0.97499306628588
695,"2_blimp_complete",-0.0212,0.4114,0.6374,1,1,0.9507,0.9752
695,"3_lmer_naive",-0.530525146732546,0.554225989979957,0.492999623738765,0,1,0.726661653304631,0.759554253159092
695,"4_blimp_lmc_noaux",-0.5415,0.5549,0.4771,0,1,0.7462,0.76
695,"5_blimp_omc_aux",-0.0342,0.4664,0.6772,0,1,0.9549,1.0067
695,"6_blimp_rescue",0.0017,0.4375,0.6339,1,1,0.9875,0.9834
696,"1_lmer_complete",-0.0227693944834486,0.39542338203563,0.697354121672732,1,1,0.953377982721908,1.01865752043027
696,"2_blimp_complete",-0.0393,0.3954,0.7054,1,1,0.9805,1.0189
696,"3_lmer_naive",-0.528356487856297,0.546811383548419,0.426710919316318,0,0,0.755240793880978,0.813497509677093
696,"4_blimp_lmc_noaux",-0.5416,0.5472,0.4162,0,0,0.7766,0.8139
696,"5_blimp_omc_aux",-0.0791,0.4555,0.7025,0,1,0.9548,1.0771
696,"6_blimp_rescue",-0.001,0.4233,0.6531,1,1,1.0091,1.0557
697,"1_lmer_complete",0.0584569637164633,0.37768877884262,0.471166532683234,1,1,1.12987872431412,1.00996820518626
697,"2_blimp_complete",0.0423,0.3777,0.4743,1,1,1.1652,1.0102
697,"3_lmer_naive",-0.454595243023126,0.513468749099287,0.309186192803321,0,0,0.963341515003782,0.794917151410948
697,"4_blimp_lmc_noaux",-0.4712,0.5138,0.2918,0,0,0.9899,0.7955
697,"5_blimp_omc_aux",0.074,0.4189,0.5711,1,1,1.1584,1.0849
697,"6_blimp_rescue",0.0977,0.376,0.5168,1,1,1.2153,1.0547
698,"1_lmer_complete",-0.00397688712271976,0.368233160182964,0.474985295359034,0,1,0.956737659117203,1.01310049303364
698,"2_blimp_complete",-0.0189,0.3683,0.4669,0,1,0.9852,1.0134
698,"3_lmer_naive",-0.536537003953616,0.489163172564705,0.348667818543578,0,0,0.7607064671938,0.783420964842011
698,"4_blimp_lmc_noaux",-0.5469,0.4897,0.3279,0,0,0.7823,0.7839
698,"5_blimp_omc_aux",-0.0307,0.3639,0.5824,1,1,0.9518,1.0751
698,"6_blimp_rescue",0.018,0.3226,0.471,0,1,0.9553,1.033
699,"1_lmer_complete",-0.0124729048639417,0.383455656515565,0.578418032635728,1,1,0.994872206397873,0.9941676821172
699,"2_blimp_complete",-0.028,0.3835,0.5793,1,1,1.0243,0.9944
699,"3_lmer_naive",-0.504633082694553,0.494745571160538,0.36504221092153,0,0,0.752189900235772,0.790547958527855
699,"4_blimp_lmc_noaux",-0.5083,0.4954,0.3509,0,0,0.77,0.7912
699,"5_blimp_omc_aux",-0.0462,0.3981,0.64,1,1,0.9992,1.0273
699,"6_blimp_rescue",0.0037,0.3638,0.5923,1,1,1.0336,0.9961
700,"1_lmer_complete",0.081862939912388,0.383013988584378,0.68322460909686,1,1,1.36947365043718,1.00766686864738
700,"2_blimp_complete",0.0647,0.3831,0.6835,1,1,1.4079,1.0079
700,"3_lmer_naive",-0.482816553325327,0.513046537090224,0.602148466261442,0,1,1.05764035606748,0.80964815750007
700,"4_blimp_lmc_noaux",-0.4934,0.5138,0.5884,0,1,1.0914,0.8102
700,"5_blimp_omc_aux",0.041,0.4192,0.8286,1,0,1.4135,1.0753
700,"6_blimp_rescue",0.1181,0.3845,0.7564,1,1,1.4845,1.0495
701,"1_lmer_complete",0.00954661105436262,0.409524103940943,0.606298982625128,1,1,0.946343783176733,1.01252747231798
701,"2_blimp_complete",-0.0087,0.4097,0.587,1,1,0.9745,1.0128
701,"3_lmer_naive",-0.539031997111895,0.538787702782636,0.478916282662287,0,1,0.736417984551348,0.806352812579905
701,"4_blimp_lmc_noaux",-0.5457,0.5388,0.4876,0,1,0.759,0.8071
701,"5_blimp_omc_aux",0.0323,0.4322,0.6961,1,1,1.0168,1.0928
701,"6_blimp_rescue",0.0771,0.3921,0.6411,1,1,1.0375,1.0584
702,"1_lmer_complete",-0.0399480876308354,0.42485078595457,0.508947845116331,1,1,1.00186536611205,0.978468273540134
702,"2_blimp_complete",-0.0554,0.4249,0.5005,1,1,1.034,0.9787
702,"3_lmer_naive",-0.553210403047879,0.547578615885092,0.380523271865661,0,0,0.798509202317478,0.751943673040817
702,"4_blimp_lmc_noaux",-0.5667,0.5477,0.3682,0,0,0.8236,0.7525
702,"5_blimp_omc_aux",-0.0443,0.4548,0.596,0,1,1.0098,1.0064
702,"6_blimp_rescue",-0.0472,0.4126,0.5219,1,1,1.0121,0.9725
703,"1_lmer_complete",-0.0783830171892325,0.400543115843058,0.587910966875578,1,1,0.980311111530654,1.01523680651472
703,"2_blimp_complete",-0.0939,0.4007,0.5799,1,1,1.0081,1.0154
703,"3_lmer_naive",-0.619664928482813,0.550128802086557,0.458211958499038,0,1,0.716180518416785,0.799482215643779
703,"4_blimp_lmc_noaux",-0.6213,0.551,0.4482,0,1,0.7359,0.8001
703,"5_blimp_omc_aux",-0.1092,0.4522,0.6754,0,1,1.0269,1.0763
703,"6_blimp_rescue",-0.0554,0.4174,0.5821,1,1,1.0498,1.0496
704,"1_lmer_complete",0.122438661289639,0.37491805920759,0.703402787696437,1,1,0.97076588875381,0.98325052738575
704,"2_blimp_complete",0.1068,0.3751,0.6929,1,1,0.9974,0.9834
704,"3_lmer_naive",-0.435741232171093,0.503745213056874,0.49870733937678,0,1,0.787115111529162,0.762192300222113
704,"4_blimp_lmc_noaux",-0.4412,0.5041,0.5018,0,1,0.8116,0.7628
704,"5_blimp_omc_aux",0.1078,0.393,0.7098,1,1,1.0796,1.0186
704,"6_blimp_rescue",0.1853,0.3567,0.7093,1,1,1.1255,0.9883
705,"1_lmer_complete",-0.0384957714367578,0.383732236318271,0.506695603209167,1,1,1.03839427978326,0.982537468680864
705,"2_blimp_complete",-0.053,0.3839,0.4835,1,1,1.0729,0.9827
705,"3_lmer_naive",-0.550206893892574,0.521738233798156,0.379197963779456,0,0,0.821698090397266,0.77683146434008
705,"4_blimp_lmc_noaux",-0.5583,0.5218,0.3614,0,0,0.8472,0.7772
705,"5_blimp_omc_aux",-0.025,0.4202,0.5776,1,1,1.0256,1.0525
705,"6_blimp_rescue",0.0139,0.379,0.4954,1,1,1.0247,1.015
706,"1_lmer_complete",-0.160777757661137,0.388270109546416,0.59368549559507,1,1,1.05310123536811,0.996803848556388
706,"2_blimp_complete",-0.1747,0.3883,0.5849,1,1,1.0826,0.9971
706,"3_lmer_naive",-0.693894932614929,0.506975660291179,0.381605491806794,0,0,0.771318135546423,0.778893294331128
706,"4_blimp_lmc_noaux",-0.69,0.5071,0.3723,0,0,0.79,0.7798
706,"5_blimp_omc_aux",-0.1976,0.4091,0.6201,1,1,1.0255,1.0187
706,"6_blimp_rescue",-0.1478,0.3773,0.5438,1,1,1.0555,0.9883
707,"1_lmer_complete",0.0698815896546919,0.409488578837632,0.578792835664949,1,1,0.996949822182269,1.00846564295602
707,"2_blimp_complete",0.0548,0.4096,0.57,1,1,1.0278,1.0087
707,"3_lmer_naive",-0.433813139534998,0.546122556662362,0.418365099366044,0,0,0.797991701706586,0.793614836533351
707,"4_blimp_lmc_noaux",-0.4433,0.5466,0.3986,0,0,0.8216,0.7941
707,"5_blimp_omc_aux",0.0524,0.4531,0.6139,0,1,1.021,1.0486
707,"6_blimp_rescue",0.0756,0.4208,0.5724,1,1,1.0352,1.0221
708,"1_lmer_complete",0.0298524269106217,0.403266996089552,0.697043203960228,1,1,0.953462992153841,1.00726405055386
708,"2_blimp_complete",0.0161,0.4034,0.6854,1,1,0.9813,1.0075
708,"3_lmer_naive",-0.586298917483036,0.529678724850709,0.498092771602183,0,1,0.730948237117807,0.755781636930864
708,"4_blimp_lmc_noaux",-0.5934,0.5297,0.4906,0,1,0.7546,0.7564
708,"5_blimp_omc_aux",-0.0435,0.4324,0.7517,1,1,0.9506,1.0486
708,"6_blimp_rescue",0.0547,0.378,0.6441,1,1,0.975,1.0025
709,"1_lmer_complete",-0.186579416440764,0.409188860463077,0.690563144771809,1,1,0.889055750276659,1.0030319723025
709,"2_blimp_complete",-0.2017,0.4092,0.6903,1,1,0.9143,1.0033
709,"3_lmer_naive",-0.675680197370169,0.525945230392402,0.482797379111975,0,1,0.723032507804628,0.783931350879332
709,"4_blimp_lmc_noaux",-0.6808,0.5263,0.4678,0,1,0.7452,0.7844
709,"5_blimp_omc_aux",-0.2593,0.4352,0.6974,1,1,0.8952,1.0035
709,"6_blimp_rescue",-0.1989,0.4046,0.6777,1,1,0.9234,0.9789
710,"1_lmer_complete",0.099456169406012,0.379626584486341,0.576152002906178,1,1,1.0242943443277,1.01004196612958
710,"2_blimp_complete",0.0878,0.3797,0.5806,1,1,1.0527,1.0103
710,"3_lmer_naive",-0.412137715799723,0.511272946678939,0.442868985644571,0,1,0.86928741853575,0.781895186378317
710,"4_blimp_lmc_noaux",-0.4198,0.5116,0.4466,0,1,0.8945,0.7825
710,"5_blimp_omc_aux",0.0678,0.3946,0.6884,1,1,1.1073,1.0501
710,"6_blimp_rescue",0.1554,0.3634,0.6691,1,1,1.1464,1.0174
711,"1_lmer_complete",-0.241257441345619,0.401670859984297,0.753587017674386,1,1,1.01110447481215,0.992144710136266
711,"2_blimp_complete",-0.2569,0.4018,0.7491,1,1,1.0381,0.9923
711,"3_lmer_naive",-0.785706181906916,0.547280005149644,0.588798357983773,0,1,0.810981402995305,0.774144187336969
711,"4_blimp_lmc_noaux",-0.7864,0.5472,0.5944,0,1,0.8337,0.7748
711,"5_blimp_omc_aux",-0.2838,0.4416,0.7942,1,0,0.993,1.0396
711,"6_blimp_rescue",-0.246,0.4107,0.7636,1,1,1.0353,1.014
712,"1_lmer_complete",0.183259137651091,0.396115124359195,0.590641283672853,1,1,1.21375557042196,1.01767168411476
712,"2_blimp_complete",0.1671,0.3962,0.5925,1,1,1.2487,1.0178
712,"3_lmer_naive",-0.428224511206837,0.541325374896773,0.497233088591317,0,1,0.905112140735102,0.767030643685918
712,"4_blimp_lmc_noaux",-0.4402,0.5414,0.4967,0,1,0.9324,0.7675
712,"5_blimp_omc_aux",0.0916,0.4449,0.6769,0,1,1.1852,1.0462
712,"6_blimp_rescue",0.1599,0.4027,0.5679,1,1,1.2016,1.0152
713,"1_lmer_complete",0.0219618384989769,0.391269440910026,0.601041825504346,1,1,0.89906453711702,1.01472482627585
713,"2_blimp_complete",0.0067,0.3914,0.597,1,1,0.9248,1.015
713,"3_lmer_naive",-0.506128654131603,0.531481536021649,0.461870784687132,0,1,0.736740831406178,0.747058040310064
713,"4_blimp_lmc_noaux",-0.5183,0.5314,0.459,0,1,0.7597,0.7475
713,"5_blimp_omc_aux",-0.0187,0.4213,0.6424,1,1,0.9043,1.0197
713,"6_blimp_rescue",0.0316,0.3811,0.6044,1,1,0.9181,0.9831
714,"1_lmer_complete",0.081738401094642,0.374631325283988,0.862421759700749,1,0,0.994560207610263,0.999254192999197
714,"2_blimp_complete",0.066,0.3748,0.8567,1,1,1.023,0.9995
714,"3_lmer_naive",-0.538111447705192,0.49242076631688,0.601786669300975,0,1,0.786152569837285,0.818456800877853
714,"4_blimp_lmc_noaux",-0.5368,0.493,0.6066,0,1,0.8108,0.8192
714,"5_blimp_omc_aux",-0.0255,0.3994,0.8411,1,0,0.9699,1.0553
714,"6_blimp_rescue",0.0867,0.3643,0.8188,1,0,1.0199,1.0234
715,"1_lmer_complete",0.0514645200736398,0.384480116189499,0.559203171355195,1,1,1.21240967891848,1.00774139452921
715,"2_blimp_complete",0.0348,0.3846,0.5492,1,1,1.2481,1.008
715,"3_lmer_naive",-0.499108269564393,0.547359502076384,0.38730286786599,0,0,0.995558673968941,0.791211364248018
715,"4_blimp_lmc_noaux",-0.5147,0.5478,0.3542,0,0,1.0213,0.7917
715,"5_blimp_omc_aux",0.0211,0.4605,0.6588,0,1,1.2292,1.0573
715,"6_blimp_rescue",0.0396,0.4209,0.5925,1,1,1.2684,1.0291
716,"1_lmer_complete",0.17260207844186,0.4155921932668,0.583337976473584,1,1,0.827670945203907,0.96355733105751
716,"2_blimp_complete",0.1587,0.4156,0.5755,1,1,0.8526,0.9638
716,"3_lmer_naive",-0.357017031138882,0.556222043331308,0.453808061394063,0,0,0.639465549031357,0.720402411479682
716,"4_blimp_lmc_noaux",-0.3695,0.5563,0.4496,0,0,0.6599,0.7208
716,"5_blimp_omc_aux",0.1209,0.4615,0.6254,0,1,0.8463,0.9494
716,"6_blimp_rescue",0.1537,0.4303,0.582,1,1,0.857,0.9233
717,"1_lmer_complete",0.0486000494093482,0.415420434438839,0.586945352470472,1,1,0.830046461704371,1.0175728701684
717,"2_blimp_complete",0.0363,0.4155,0.5967,1,1,0.8548,1.0179
717,"3_lmer_naive",-0.482165671055512,0.562657719350801,0.423046325220255,0,0,0.789192352638786,0.794532954388708
717,"4_blimp_lmc_noaux",-0.4867,0.5628,0.4038,0,0,0.8063,0.7954
717,"5_blimp_omc_aux",0.0356,0.4588,0.6261,0,1,0.8758,1.0587
717,"6_blimp_rescue",0.0803,0.4337,0.6543,1,1,0.9171,1.0382
718,"1_lmer_complete",-0.0171759688860645,0.418305100616189,0.673056628678771,1,1,1.2396969671711,0.994924975001265
718,"2_blimp_complete",-0.0322,0.4185,0.6687,1,1,1.2777,0.9952
718,"3_lmer_naive",-0.528593415657212,0.57515530653817,0.558765113830011,0,1,1.00823230768538,0.772087058497737
718,"4_blimp_lmc_noaux",-0.5411,0.5752,0.553,0,1,1.0404,0.7725
718,"5_blimp_omc_aux",-0.0577,0.4697,0.7375,0,1,1.2449,1.031
718,"6_blimp_rescue",-0.0229,0.4436,0.6637,0,1,1.2703,1.0088
719,"1_lmer_complete",0.126559810789564,0.383973767592637,0.630567627199123,1,1,1.0046401194287,1.01332584748637
719,"2_blimp_complete",0.1118,0.3841,0.6064,1,1,1.0347,1.0135
719,"3_lmer_naive",-0.480944975897466,0.551926745633515,0.530014092800796,0,1,0.712374480299228,0.78442162076994
719,"4_blimp_lmc_noaux",-0.4864,0.5522,0.5114,0,1,0.735,0.7849
719,"5_blimp_omc_aux",0.063,0.4527,0.7536,0,1,0.9759,1.0812
719,"6_blimp_rescue",0.1385,0.4061,0.6418,1,1,1.0056,1.0426
720,"1_lmer_complete",0.0724327908039443,0.427133119644066,0.506982537852886,1,1,1.16921857070584,0.995574895309832
720,"2_blimp_complete",0.0578,0.4272,0.517,1,1,1.2063,0.9958
720,"3_lmer_naive",-0.436720672272076,0.556866776390358,0.346591736071593,0,0,0.935287808533323,0.811813417477649
720,"4_blimp_lmc_noaux",-0.4337,0.5571,0.3271,0,0,0.9581,0.8127
720,"5_blimp_omc_aux",0.1089,0.4754,0.5919,0,1,1.2728,1.0841
720,"6_blimp_rescue",0.1153,0.4357,0.5267,1,1,1.3141,1.0526
721,"1_lmer_complete",-0.0631029235511729,0.386352221625189,0.501064428020263,1,1,0.787425553314886,0.941240341266611
721,"2_blimp_complete",-0.076,0.3864,0.4986,1,1,0.8114,0.9414
721,"3_lmer_naive",-0.57001161832845,0.520757380865213,0.402849882824009,0,0,0.633732463324255,0.739327026484418
721,"4_blimp_lmc_noaux",-0.5772,0.5217,0.3755,0,0,0.6495,0.7398
721,"5_blimp_omc_aux",-0.1059,0.424,0.6033,1,1,0.799,0.9629
721,"6_blimp_rescue",-0.0919,0.3931,0.5174,1,1,0.8056,0.9346
722,"1_lmer_complete",0.101537602031545,0.383361416635042,0.756631677001028,1,1,0.872000054141829,0.986730823238428
722,"2_blimp_complete",0.087,0.3835,0.7463,1,1,0.8965,0.987
722,"3_lmer_naive",-0.479803442638121,0.481555222670856,0.522225418437692,0,1,0.742695695780869,0.754695945748741
722,"4_blimp_lmc_noaux",-0.4864,0.4819,0.5177,0,1,0.7675,0.7551
722,"5_blimp_omc_aux",-7e-04,0.3903,0.7647,1,0,0.8482,0.9842
722,"6_blimp_rescue",0.0895,0.3519,0.7524,0,1,0.8867,0.9525
723,"1_lmer_complete",-0.0910741949216802,0.373468781060783,0.51036707169685,1,1,1.12773778439509,0.982598642321276
723,"2_blimp_complete",-0.107,0.3736,0.4947,1,1,1.1616,0.9828
723,"3_lmer_naive",-0.57960920990833,0.512528225774914,0.420279914864174,0,1,0.952363415351723,0.768728186268463
723,"4_blimp_lmc_noaux",-0.5886,0.5129,0.4002,0,1,0.9813,0.7692
723,"5_blimp_omc_aux",-0.0863,0.4076,0.6239,1,1,1.1908,1.035
723,"6_blimp_rescue",-0.0524,0.3695,0.524,1,1,1.2035,1.0021
724,"1_lmer_complete",0.0287546662158013,0.399795324399167,0.577040144039008,1,1,1.10081401158057,0.997576282765913
724,"2_blimp_complete",0.0134,0.4,0.5727,1,1,1.1333,0.9978
724,"3_lmer_naive",-0.517199989755311,0.52834913488218,0.466300342379072,0,1,0.839519207691464,0.810759949141958
724,"4_blimp_lmc_noaux",-0.5252,0.5289,0.4549,0,1,0.8657,0.8112
724,"5_blimp_omc_aux",0.0151,0.4398,0.6869,1,1,1.1431,1.0909
724,"6_blimp_rescue",0.0551,0.396,0.6045,1,1,1.1712,1.0563
725,"1_lmer_complete",0.0166036198428291,0.402463581038695,0.605398473116998,1,1,0.844963133109347,0.986416212722625
725,"2_blimp_complete",0.0019,0.4026,0.585,1,1,0.8707,0.9867
725,"3_lmer_naive",-0.503340270050677,0.538699465617371,0.452378445853634,0,1,0.727073405660379,0.758243197444687
725,"4_blimp_lmc_noaux",-0.5089,0.5389,0.4319,0,1,0.7492,0.7586
725,"5_blimp_omc_aux",-0.0248,0.4402,0.6417,1,1,0.8332,1.0055
725,"6_blimp_rescue",0.0238,0.414,0.6126,1,1,0.8515,0.9851
726,"1_lmer_complete",0.0420278873075719,0.393299328732123,0.753358437112821,1,1,0.930453971098849,0.956420370969115
726,"2_blimp_complete",0.0295,0.3934,0.7571,1,1,0.9579,0.9566
726,"3_lmer_naive",-0.429990712551545,0.510205507808129,0.551260945810915,0,1,0.864240941520111,0.781440559393353
726,"4_blimp_lmc_noaux",-0.4402,0.5102,0.5526,0,1,0.892,0.7818
726,"5_blimp_omc_aux",0.0105,0.4079,0.764,1,1,0.961,1.0039
726,"6_blimp_rescue",0.0659,0.3805,0.7555,1,1,0.9907,0.977
727,"1_lmer_complete",0.077083641261568,0.416391471910636,0.511402075892401,1,1,1.057986552508,0.983038256972394
727,"2_blimp_complete",0.0627,0.4165,0.5145,1,1,1.0904,0.9833
727,"3_lmer_naive",-0.444086176951386,0.572043794177736,0.404408343618788,0,0,0.851573097864615,0.769619037148289
727,"4_blimp_lmc_noaux",-0.4519,0.5726,0.3868,0,0,0.8732,0.7701
727,"5_blimp_omc_aux",0.0705,0.4791,0.6106,0,1,1.0523,1.0444
727,"6_blimp_rescue",0.0961,0.4392,0.5207,1,1,1.0668,1.0114
728,"1_lmer_complete",-0.0870228291341472,0.403959497768617,0.57048406771466,1,1,0.939037546541386,0.961433652659039
728,"2_blimp_complete",-0.1039,0.4041,0.5755,1,1,0.968,0.9617
728,"3_lmer_naive",-0.617370737938392,0.552170160339332,0.368901526374983,0,0,0.716060961784963,0.759084163302385
728,"4_blimp_lmc_noaux",-0.6292,0.5523,0.359,0,0,0.7364,0.7595
728,"5_blimp_omc_aux",-0.1071,0.4631,0.5811,0,1,0.92,1.0217
728,"6_blimp_rescue",-0.0879,0.4246,0.5296,1,1,0.9249,0.9929
729,"1_lmer_complete",-0.00477286999916587,0.402511066366201,0.561476276117993,1,1,0.926254391585912,1.01195262495458
729,"2_blimp_complete",-0.0184,0.4026,0.5495,1,1,0.9567,1.0121
729,"3_lmer_naive",-0.555990191223181,0.552633704193027,0.442252123914997,0,0,0.747634551894344,0.75811465393571
729,"4_blimp_lmc_noaux",-0.5632,0.5527,0.4287,0,0,0.7719,0.7586
729,"5_blimp_omc_aux",-0.0184,0.4375,0.6564,1,1,0.9276,1.0631
729,"6_blimp_rescue",0.013,0.3985,0.5945,1,1,0.941,1.0285
730,"1_lmer_complete",0.203141276236379,0.398320026168647,0.772104077539017,1,1,1.21947414327874,0.9871817556013
730,"2_blimp_complete",0.1848,0.3985,0.7765,1,1,1.2519,0.9874
730,"3_lmer_naive",-0.371359459868736,0.51230267889204,0.528429956892312,0,1,0.968044230297782,0.763070589788466
730,"4_blimp_lmc_noaux",-0.3704,0.5124,0.5183,0,1,0.9938,0.7639
730,"5_blimp_omc_aux",0.1295,0.4186,0.7985,1,1,1.2359,1.0131
730,"6_blimp_rescue",0.2536,0.3785,0.7876,1,1,1.3376,0.9801
731,"1_lmer_complete",0.0957028593941899,0.416168953537083,0.448706357540867,1,1,1.3228621808574,1.01837249554079
731,"2_blimp_complete",0.0769,0.4163,0.4508,1,1,1.3653,1.0186
731,"3_lmer_naive",-0.441864151715437,0.558322272942586,0.317230481510455,0,0,1.05319799593041,0.800865482116942
731,"4_blimp_lmc_noaux",-0.4313,0.5588,0.2903,0,0,1.0761,0.8017
731,"5_blimp_omc_aux",0.0893,0.459,0.5402,0,1,1.3168,1.1137
731,"6_blimp_rescue",0.1356,0.4258,0.4859,1,1,1.3956,1.0897
732,"1_lmer_complete",-0.215650096475873,0.388261973260551,0.600068900990761,1,1,1.14493841596001,1.00040330859599
732,"2_blimp_complete",-0.2321,0.3884,0.5871,1,1,1.1773,1.0006
732,"3_lmer_naive",-0.690236727476877,0.516412409852484,0.444982166577062,0,1,0.964533448487899,0.820131927808855
732,"4_blimp_lmc_noaux",-0.702,0.5167,0.4273,0,1,0.9923,0.8206
732,"5_blimp_omc_aux",-0.2288,0.4073,0.6494,1,1,1.1427,1.072
732,"6_blimp_rescue",-0.1722,0.3769,0.6233,1,1,1.1621,1.0449
733,"1_lmer_complete",0.0446039871239541,0.395838005168672,0.823374251794833,1,0,0.774607095161013,0.999081223422928
733,"2_blimp_complete",0.0312,0.3959,0.8192,1,0,0.7952,0.9993
733,"3_lmer_naive",-0.556317244123,0.524162861398155,0.601111466388732,0,1,0.620692726017955,0.753864716858966
733,"4_blimp_lmc_noaux",-0.5635,0.5246,0.5928,0,1,0.6395,0.7542
733,"5_blimp_omc_aux",-0.0334,0.4244,0.8437,1,0,0.7945,1.0318
733,"6_blimp_rescue",0.0597,0.3886,0.8275,1,0,0.8385,1.0057
734,"1_lmer_complete",0.0987415739613233,0.413547588538892,0.52881683571225,1,1,0.936397243432596,0.995498924653914
734,"2_blimp_complete",0.0836,0.4137,0.5256,1,1,0.9653,0.9958
734,"3_lmer_naive",-0.399423330630616,0.522363092514885,0.397791732139882,0,0,0.810737792475484,0.801899209966801
734,"4_blimp_lmc_noaux",-0.409,0.5228,0.3841,0,0,0.8349,0.8024
734,"5_blimp_omc_aux",0.0876,0.4318,0.6123,1,1,0.9578,1.0564
734,"6_blimp_rescue",0.14,0.4,0.5816,1,1,0.9816,1.0283
735,"1_lmer_complete",-0.0829876049465721,0.399764188422492,0.630112926591045,1,1,0.998365401285716,1.00966156308373
735,"2_blimp_complete",-0.0981,0.3998,0.6228,1,1,1.0269,1.0099
735,"3_lmer_naive",-0.62754041199281,0.534672817364408,0.477384377412909,0,1,0.826585947530985,0.77624619410044
735,"4_blimp_lmc_noaux",-0.6366,0.5349,0.4701,0,1,0.8512,0.7768
735,"5_blimp_omc_aux",-0.1296,0.4375,0.6697,1,1,1.0181,1.0291
735,"6_blimp_rescue",-0.0942,0.4039,0.6303,1,1,1.0382,1.0028
736,"1_lmer_complete",0.0164285434112047,0.389687714078329,0.702992602958484,1,1,1.19391713626494,1.01025157735235
736,"2_blimp_complete",-3e-04,0.3898,0.6854,1,1,1.2274,1.0105
736,"3_lmer_naive",-0.559154701063453,0.530697861340014,0.560430711960402,0,1,1.1290881217855,0.757172224911507
736,"4_blimp_lmc_noaux",-0.5588,0.5307,0.5855,0,1,1.1631,0.758
736,"5_blimp_omc_aux",0.0098,0.4328,0.7748,1,1,1.2724,1.0205
736,"6_blimp_rescue",0.0821,0.395,0.749,1,1,1.363,0.9902
737,"1_lmer_complete",0.00935577283724501,0.376791918878947,0.586108276120294,1,1,0.695457801482046,1.01605483159577
737,"2_blimp_complete",-0.0023,0.3769,0.5848,1,1,0.7165,1.0163
737,"3_lmer_naive",-0.53396251586385,0.517149394817485,0.394589643508922,0,0,0.528354034518539,0.8085809638325
737,"4_blimp_lmc_noaux",-0.5386,0.5176,0.3886,0,0,0.5427,0.8092
737,"5_blimp_omc_aux",-0.0011,0.4276,0.6371,1,1,0.7228,1.0794
737,"6_blimp_rescue",0.0369,0.383,0.5668,1,1,0.7248,1.041
738,"1_lmer_complete",0.0522311489935365,0.374707864299516,0.678872077085212,1,1,1.28944819031127,0.95924331597305
738,"2_blimp_complete",0.0358,0.3748,0.6628,1,1,1.3289,0.9595
738,"3_lmer_naive",-0.513107880503755,0.474222428265795,0.541818910878713,0,1,1.00835446586266,0.785043098091079
738,"4_blimp_lmc_noaux",-0.5193,0.4747,0.5513,0,1,1.0387,0.7857
738,"5_blimp_omc_aux",0.003,0.3838,0.749,1,1,1.3089,1.0199
738,"6_blimp_rescue",0.0942,0.3436,0.7188,0,1,1.3788,0.9817
739,"1_lmer_complete",0.0938474571182785,0.386624706597909,0.606558165578972,1,1,1.22776866537389,0.989952194523929
739,"2_blimp_complete",0.079,0.3868,0.6001,1,1,1.2654,0.9902
739,"3_lmer_naive",-0.462160392289741,0.529111750457484,0.474526032302099,0,1,0.945716205619301,0.766994641182983
739,"4_blimp_lmc_noaux",-0.47,0.5293,0.4762,0,1,0.9737,0.7677
739,"5_blimp_omc_aux",0.0688,0.423,0.6541,1,1,1.2465,1.0327
739,"6_blimp_rescue",0.1002,0.3912,0.6111,1,1,1.3088,1.0056
740,"1_lmer_complete",0.0355482141101894,0.393057860399563,0.607606559582892,1,1,0.924479778120483,0.98814569423864
740,"2_blimp_complete",0.0207,0.3931,0.6027,1,1,0.9506,0.9883
740,"3_lmer_naive",-0.536760295195471,0.549297339355813,0.496689154880406,0,1,0.738111959520295,0.775976780744811
740,"4_blimp_lmc_noaux",-0.5346,0.5502,0.4806,0,1,0.7581,0.7766
740,"5_blimp_omc_aux",0.0309,0.442,0.7311,1,1,1.007,1.0568
740,"6_blimp_rescue",0.0945,0.4027,0.6918,1,1,1.0532,1.0209
741,"1_lmer_complete",-0.100835927547419,0.393832439438829,0.550253247442792,1,1,0.947983213310407,1.0243690099313
741,"2_blimp_complete",-0.1156,0.3941,0.5479,1,1,0.9759,1.0246
741,"3_lmer_naive",-0.642789737485605,0.514705454724253,0.365863736411161,0,0,0.706499699188669,0.793650052152388
741,"4_blimp_lmc_noaux",-0.6472,0.5155,0.3319,0,0,0.7226,0.794
741,"5_blimp_omc_aux",-0.1133,0.4146,0.6182,1,1,0.9642,1.0588
741,"6_blimp_rescue",-0.1093,0.3793,0.5719,1,1,1.0102,1.0243
742,"1_lmer_complete",0.082478325427723,0.397079088649237,0.531438152507443,1,1,0.929075343604894,1.0164035982616
742,"2_blimp_complete",0.0663,0.3972,0.5412,1,1,0.9564,1.0166
742,"3_lmer_naive",-0.476611231288267,0.559342693957193,0.372748206771703,0,0,0.796976985227802,0.82010898539008
742,"4_blimp_lmc_noaux",-0.4812,0.559,0.3796,0,0,0.8206,0.8211
742,"5_blimp_omc_aux",0.0995,0.4731,0.5832,0,1,1.0131,1.1056
742,"6_blimp_rescue",0.1091,0.4321,0.5377,1,1,1.0281,1.075
743,"1_lmer_complete",0.0755645252581228,0.385041832377091,0.843007283289395,1,0,1.12382740283118,0.989693690559005
743,"2_blimp_complete",0.0567,0.3852,0.8487,1,0,1.1568,0.9899
743,"3_lmer_naive",-0.532346406786985,0.535377305137402,0.616232737794945,0,1,0.896838306732739,0.755964095277226
743,"4_blimp_lmc_noaux",-0.5376,0.5359,0.6198,0,1,0.9227,0.7567
743,"5_blimp_omc_aux",-0.0264,0.4515,0.8634,0,0,1.1226,1.0132
743,"6_blimp_rescue",0.0623,0.4097,0.8503,1,0,1.1829,0.9833
744,"1_lmer_complete",0.0931868715247219,0.402219242460833,0.454105551741403,1,1,0.974077650861664,0.97969946852377
744,"2_blimp_complete",0.0785,0.4024,0.4448,1,1,1.005,0.9799
744,"3_lmer_naive",-0.389596804290681,0.527339595187354,0.235846724369623,0,0,0.939574313252186,0.762508961557531
744,"4_blimp_lmc_noaux",-0.3982,0.5272,0.2286,0,0,0.9679,0.7633
744,"5_blimp_omc_aux",0.1415,0.4412,0.5204,1,1,1.0172,1.0295
744,"6_blimp_rescue",0.142,0.3968,0.4705,1,1,1.0225,0.9967
745,"1_lmer_complete",0.0490181909122095,0.386958214474347,0.472540994872148,1,1,0.990872629360627,0.999145997405218
745,"2_blimp_complete",0.0317,0.387,0.492,1,1,1.02,0.9994
745,"3_lmer_naive",-0.441943236949992,0.512865418939169,0.301461798157846,0,0,0.758630092056593,0.811378993592661
745,"4_blimp_lmc_noaux",-0.4457,0.5134,0.285,0,0,0.7768,0.812
745,"5_blimp_omc_aux",0.0512,0.4155,0.5577,1,1,1.0046,1.0887
745,"6_blimp_rescue",0.0936,0.3764,0.4564,1,1,1.0104,1.056
746,"1_lmer_complete",0.0544698094504207,0.387402797035946,0.624974797824994,1,1,0.775441110553902,1.02380535999738
746,"2_blimp_complete",0.0413,0.3875,0.6269,1,1,0.7976,1.0239
746,"3_lmer_naive",-0.462944727074611,0.524499529233501,0.4411736749694,0,0,0.654976817388998,0.773847739431852
746,"4_blimp_lmc_noaux",-0.4739,0.5244,0.4368,0,0,0.6762,0.7743
746,"5_blimp_omc_aux",0.0458,0.4193,0.7389,1,1,0.8075,1.0787
746,"6_blimp_rescue",0.097,0.3769,0.701,1,1,0.8439,1.0443
747,"1_lmer_complete",0.0161613472042719,0.415266701051575,0.800943644948588,1,1,0.935203124624335,0.958698831349024
747,"2_blimp_complete",6e-04,0.4154,0.8069,1,1,0.9604,0.9589
747,"3_lmer_naive",-0.593913015121864,0.543194743932628,0.592945335628662,0,1,0.721031475046135,0.751676123787682
747,"4_blimp_lmc_noaux",-0.5997,0.5437,0.5873,0,1,0.7458,0.7522
747,"5_blimp_omc_aux",-0.1025,0.4561,0.8581,0,0,0.8988,0.9842
747,"6_blimp_rescue",0.0149,0.4149,0.8335,1,0,0.9581,0.9525
748,"1_lmer_complete",-0.110452476854568,0.41649749572646,0.60628767987351,1,1,1.19063447406376,1.00752572524648
748,"2_blimp_complete",-0.1296,0.4166,0.6084,1,1,1.2254,1.0078
748,"3_lmer_naive",-0.650109886316371,0.517429594323439,0.510302178248804,0,1,0.933385584315704,0.755590204147798
748,"4_blimp_lmc_noaux",-0.6567,0.5183,0.4914,0,1,0.9615,0.7561
748,"5_blimp_omc_aux",-0.1878,0.4006,0.6769,1,1,1.2177,1.0105
748,"6_blimp_rescue",-0.0872,0.3706,0.5533,1,1,1.2466,0.983
749,"1_lmer_complete",-0.091593990071178,0.405136598376348,0.636756184657472,1,1,1.04537956117268,0.966802170713727
749,"2_blimp_complete",-0.1079,0.4052,0.6245,1,1,1.0762,0.967
749,"3_lmer_naive",-0.590356081169414,0.537958798527229,0.455686788660272,0,1,0.866417967464584,0.78052245710308
749,"4_blimp_lmc_noaux",-0.6005,0.5378,0.4553,0,1,0.894,0.781
749,"5_blimp_omc_aux",-0.1093,0.4434,0.695,0,1,1.1038,1.0301
749,"6_blimp_rescue",-0.0637,0.4055,0.6244,1,1,1.1217,0.9997
750,"1_lmer_complete",-0.0913471576080515,0.41920736890615,0.419032346229647,1,1,0.876363865234198,0.978870167765717
750,"2_blimp_complete",-0.1059,0.4193,0.4147,1,1,0.9023,0.9791
750,"3_lmer_naive",-0.548668952755147,0.580166432796189,0.29613438761382,0,0,0.710947936973339,0.73961771299388
750,"4_blimp_lmc_noaux",-0.5579,0.58,0.287,0,0,0.7309,0.74
750,"5_blimp_omc_aux",-0.0839,0.4763,0.4928,0,1,0.876,1.003
750,"6_blimp_rescue",-0.0975,0.4446,0.4005,0,0,0.8774,0.9781
751,"1_lmer_complete",0.0516343876367746,0.40338268498973,0.619347848193943,1,1,0.871366818530522,0.989483695360654
751,"2_blimp_complete",0.0358,0.4035,0.6262,1,1,0.8962,0.9898
751,"3_lmer_naive",-0.510184462321603,0.520937579505271,0.474927658318616,0,1,0.708638117759331,0.754136151076018
751,"4_blimp_lmc_noaux",-0.5188,0.5214,0.4694,0,1,0.7303,0.7547
751,"5_blimp_omc_aux",0.0121,0.4352,0.7168,1,1,0.8911,1.0259
751,"6_blimp_rescue",0.0772,0.3831,0.6791,1,1,0.9168,0.9914
752,"1_lmer_complete",0.0764782972189378,0.403434593764131,0.513525046541546,1,1,1.05769222095795,0.997274972447511
752,"2_blimp_complete",0.0607,0.4035,0.5147,1,1,1.0925,0.9975
752,"3_lmer_naive",-0.465064812892327,0.551135134683632,0.366384775179403,0,0,0.737282503292089,0.802734579026406
752,"4_blimp_lmc_noaux",-0.475,0.5513,0.3523,0,0,0.7591,0.8033
752,"5_blimp_omc_aux",0.0641,0.4497,0.5804,0,1,1.0067,1.0829
752,"6_blimp_rescue",0.0817,0.4108,0.5172,1,1,1.0253,1.0511
753,"1_lmer_complete",0.0138950934496049,0.385969919108433,0.518835422255185,1,1,1.22331846469828,0.996058398007624
753,"2_blimp_complete",-0.0036,0.386,0.496,1,1,1.2599,0.9963
753,"3_lmer_naive",-0.543664403598818,0.531576388225608,0.384242618054206,0,0,1.02465522105528,0.787306689866958
753,"4_blimp_lmc_noaux",-0.5399,0.5316,0.388,0,0,1.0519,0.7882
753,"5_blimp_omc_aux",0.0562,0.4199,0.6106,1,1,1.3132,1.0717
753,"6_blimp_rescue",0.0757,0.3844,0.5488,1,1,1.3845,1.0396
754,"1_lmer_complete",-0.136436027031341,0.401812506661264,0.628945893740455,1,1,0.829923642353531,1.03835506939501
754,"2_blimp_complete",-0.1497,0.4019,0.6177,1,1,0.8548,1.0386
754,"3_lmer_naive",-0.675580605221857,0.525847750500421,0.421467709700253,0,0,0.60435760913112,0.836830807622919
754,"4_blimp_lmc_noaux",-0.6805,0.5265,0.4163,0,0,0.6227,0.8374
754,"5_blimp_omc_aux",-0.1675,0.4319,0.6685,1,1,0.8191,1.1105
754,"6_blimp_rescue",-0.1428,0.3898,0.6028,1,1,0.826,1.0703
755,"1_lmer_complete",0.264443867258069,0.379879097758047,0.468420469409045,1,1,1.05103134400157,1.01010361817283
755,"2_blimp_complete",0.2494,0.38,0.449,1,1,1.085,1.0103
755,"3_lmer_naive",-0.296741096805778,0.538236246770718,0.325555153647929,0,0,0.815286473632154,0.725919464718746
755,"4_blimp_lmc_noaux",-0.3019,0.5391,0.2779,0,0,0.832,0.7262
755,"5_blimp_omc_aux",0.192,0.4234,0.5464,1,1,1.0091,0.9944
755,"6_blimp_rescue",0.2197,0.3885,0.4461,1,1,1.0131,0.9658
756,"1_lmer_complete",0.073315642058197,0.394683861397425,0.526535946152275,1,1,1.17143921744563,0.99928551884057
756,"2_blimp_complete",0.0575,0.3948,0.521,1,1,1.2078,0.9995
756,"3_lmer_naive",-0.473088422034999,0.52796705932439,0.380887223322419,0,0,0.890692897619757,0.787828289840385
756,"4_blimp_lmc_noaux",-0.481,0.5284,0.3725,0,0,0.9127,0.7886
756,"5_blimp_omc_aux",0.0328,0.4361,0.64,1,1,1.1637,1.0417
756,"6_blimp_rescue",0.0653,0.3968,0.5338,1,1,1.1756,1.0053
757,"1_lmer_complete",-0.063914098528666,0.404235317955588,0.520468047055438,1,1,0.964654433376563,1.00847438267181
757,"2_blimp_complete",-0.0786,0.4043,0.5111,1,1,0.9942,1.0087
757,"3_lmer_naive",-0.584307280976163,0.532638137811401,0.399693448091586,0,0,0.766086360931038,0.796526034927024
757,"4_blimp_lmc_noaux",-0.5955,0.5329,0.3821,0,0,0.789,0.7969
757,"5_blimp_omc_aux",-0.0917,0.4496,0.6184,0,1,1.0067,1.0329
757,"6_blimp_rescue",-0.0595,0.4094,0.5018,1,1,1.0002,1.0025
758,"1_lmer_complete",-0.102795943983974,0.37294851955119,0.697389242222478,1,1,0.875582664388183,0.975245982248686
758,"2_blimp_complete",-0.1176,0.3731,0.6926,1,1,0.9002,0.9754
758,"3_lmer_naive",-0.667683186721562,0.520092903504241,0.601678182406136,0,1,0.690368261720548,0.748500907240403
758,"4_blimp_lmc_noaux",-0.6693,0.5207,0.6019,0,1,0.7106,0.7492
758,"5_blimp_omc_aux",-0.1577,0.4136,0.7977,1,0,0.8794,1.0064
758,"6_blimp_rescue",-0.0689,0.3815,0.7593,1,1,0.9067,0.9785
759,"1_lmer_complete",0.145345624431192,0.420460043359485,0.611447452149765,1,1,0.951314340585579,1.0005426444278
759,"2_blimp_complete",0.1294,0.4206,0.6151,1,1,0.9771,1.0008
759,"3_lmer_naive",-0.423455709723244,0.557632656345132,0.402338361395769,0,0,0.826678909995724,0.808955080958127
759,"4_blimp_lmc_noaux",-0.4237,0.5571,0.4023,0,0,0.8527,0.81
759,"5_blimp_omc_aux",0.1482,0.4758,0.5859,0,1,0.9874,1.0529
759,"6_blimp_rescue",0.1659,0.4413,0.5841,1,1,0.9941,1.0294
760,"1_lmer_complete",-0.0356798179489173,0.414866480477509,0.589857852325535,1,1,1.20117012940093,1.01444352777412
760,"2_blimp_complete",-0.0523,0.4149,0.5809,1,1,1.2367,1.0147
760,"3_lmer_naive",-0.580638564962082,0.528159577078853,0.446462516263942,0,1,0.892807998790342,0.763561709879229
760,"4_blimp_lmc_noaux",-0.589,0.5285,0.4312,0,0,0.9177,0.7639
760,"5_blimp_omc_aux",-0.077,0.4403,0.7002,1,1,1.1802,1.015
760,"6_blimp_rescue",-0.079,0.3985,0.6151,1,1,1.2171,0.9803
761,"1_lmer_complete",-0.0598172839431366,0.393028275750759,0.684972652383178,1,1,0.817775412020489,0.973691194155796
761,"2_blimp_complete",-0.0731,0.3932,0.6826,1,1,0.8392,0.9739
761,"3_lmer_naive",-0.579530886172018,0.519812419903811,0.513370694600387,0,1,0.751728274543321,0.755832583434214
761,"4_blimp_lmc_noaux",-0.5826,0.5201,0.5178,0,1,0.774,0.7565
761,"5_blimp_omc_aux",-0.0815,0.4267,0.7044,1,1,0.8526,1.0147
761,"6_blimp_rescue",-0.0285,0.3859,0.7152,1,1,0.8813,0.9834
762,"1_lmer_complete",0.014830177073957,0.391801305446847,0.677831294241593,1,1,0.996904994600689,1.02763214968092
762,"2_blimp_complete",-0.0011,0.3919,0.6775,1,1,1.0271,1.0279
762,"3_lmer_naive",-0.546900358062389,0.535712720313855,0.487209786132366,0,1,0.764567597415233,0.768944498848881
762,"4_blimp_lmc_noaux",-0.5586,0.5359,0.4824,0,1,0.7887,0.7694
762,"5_blimp_omc_aux",-0.0558,0.4334,0.6955,1,1,0.9918,1.0317
762,"6_blimp_rescue",0.0126,0.3944,0.6368,1,1,1.0338,0.9967
763,"1_lmer_complete",0.0542839116343646,0.403149641893728,0.457243816222033,1,1,1.04901000536329,0.991563915567568
763,"2_blimp_complete",0.039,0.4034,0.4423,1,1,1.0807,0.9918
763,"3_lmer_naive",-0.472240942182156,0.53765727464093,0.347987357326624,0,0,0.837370433041185,0.751639601528665
763,"4_blimp_lmc_noaux",-0.4774,0.5379,0.3349,0,0,0.8598,0.7523
763,"5_blimp_omc_aux",0.0278,0.4327,0.5678,1,1,1.1021,1.0105
763,"6_blimp_rescue",0.0702,0.4008,0.4506,1,1,1.1028,0.983
764,"1_lmer_complete",0.0500279969110713,0.434489080511201,0.638631011759046,0,1,0.926724421534361,0.995499347219014
764,"2_blimp_complete",0.0351,0.4346,0.6366,0,1,0.9537,0.9958
764,"3_lmer_naive",-0.514564595274148,0.555897064654631,0.466692995429941,0,1,0.728635919424313,0.760284562054097
764,"4_blimp_lmc_noaux",-0.5174,0.556,0.4681,0,1,0.7513,0.7611
764,"5_blimp_omc_aux",-0.0034,0.4467,0.7044,0,1,0.9021,1.0316
764,"6_blimp_rescue",0.0598,0.4103,0.6243,1,1,0.9366,1.0001
765,"1_lmer_complete",-0.0241172607695164,0.411285145629889,0.747941658583405,1,1,0.951620272469941,1.02917509483736
765,"2_blimp_complete",-0.0394,0.4115,0.7371,1,1,0.9798,1.0294
765,"3_lmer_naive",-0.594987288368849,0.54245681976289,0.535266316993506,0,1,0.647539533184044,0.789435041474227
765,"4_blimp_lmc_noaux",-0.5988,0.5427,0.5353,0,1,0.6673,0.7899
765,"5_blimp_omc_aux",-0.0953,0.4562,0.7892,0,0,0.8787,1.0296
765,"6_blimp_rescue",-0.0231,0.4176,0.7393,1,1,0.9206,0.9978
766,"1_lmer_complete",-0.00903253905568038,0.384162985769548,0.585793230085553,1,1,1.06357846917137,1.01864253728655
766,"2_blimp_complete",-0.0246,0.3843,0.58,1,1,1.0975,1.0189
766,"3_lmer_naive",-0.581501122328813,0.508004978511196,0.446721217702262,0,0,0.856808225187998,0.759980168081954
766,"4_blimp_lmc_noaux",-0.5774,0.5076,0.4474,0,0,0.8808,0.7609
766,"5_blimp_omc_aux",-0.0647,0.3927,0.6427,1,1,0.9745,1.0252
766,"6_blimp_rescue",0.01,0.3609,0.6442,1,1,1.0073,0.9944
767,"1_lmer_complete",-0.0424382102122298,0.400102109914261,0.543362470326171,1,1,1.04578541817835,1.00877057382284
767,"2_blimp_complete",-0.0576,0.4002,0.5371,1,1,1.0762,1.009
767,"3_lmer_naive",-0.572716852984299,0.549916033992693,0.431716264573591,0,1,0.910791355194704,0.781626612424821
767,"4_blimp_lmc_noaux",-0.5832,0.5503,0.4229,0,0,0.9377,0.7821
767,"5_blimp_omc_aux",-0.0626,0.4517,0.5999,0,1,1.0535,1.0562
767,"6_blimp_rescue",-0.0414,0.4102,0.5642,1,1,1.0569,1.0214
768,"1_lmer_complete",-0.103495036251258,0.423469688656021,0.662444551536983,1,1,0.949806874067587,0.974398821514959
768,"2_blimp_complete",-0.1183,0.4235,0.6694,1,1,0.9775,0.9747
768,"3_lmer_naive",-0.640745324186774,0.551384590619065,0.49106174873467,0,1,0.691489104791652,0.770016478832104
768,"4_blimp_lmc_noaux",-0.6448,0.5518,0.4888,0,1,0.7133,0.7705
768,"5_blimp_omc_aux",-0.1598,0.4668,0.7383,0,1,0.9145,1.0054
768,"6_blimp_rescue",-0.1399,0.4317,0.7316,1,1,0.9513,0.9782
769,"1_lmer_complete",-0.0553756954812094,0.399850964534856,0.533347940458141,1,1,0.837041845172768,1.0143065088182
769,"2_blimp_complete",-0.067,0.4,0.5359,1,1,0.8621,1.0146
769,"3_lmer_naive",-0.53567429880741,0.52033917459327,0.395788508437428,0,0,0.676185237796283,0.836652209731694
769,"4_blimp_lmc_noaux",-0.5469,0.5207,0.3874,0,0,0.6963,0.8371
769,"5_blimp_omc_aux",-0.0308,0.4289,0.5786,1,1,0.8831,1.0774
769,"6_blimp_rescue",-0.0512,0.3942,0.4944,1,1,0.8664,1.0442
770,"1_lmer_complete",0.0684984700292797,0.389845280033956,0.535004794878231,1,1,1.12972547007195,0.998586345712544
770,"2_blimp_complete",0.0532,0.39,0.5103,1,1,1.1643,0.9987
770,"3_lmer_naive",-0.459855114654732,0.52722806859046,0.42974529802208,0,1,0.895615836347208,0.780194958397249
770,"4_blimp_lmc_noaux",-0.4642,0.5274,0.4298,0,1,0.9226,0.7808
770,"5_blimp_omc_aux",0.0542,0.4254,0.6317,1,1,1.2154,1.0427
770,"6_blimp_rescue",0.0772,0.388,0.5511,1,1,1.2484,1.0116
771,"1_lmer_complete",0.0248600739204182,0.40879444362601,0.547540117586414,1,1,1.2204146230313,0.98887249143112
771,"2_blimp_complete",0.008,0.4089,0.5237,1,1,1.2567,0.9891
771,"3_lmer_naive",-0.503403035513779,0.545571770112954,0.393167255913028,0,0,0.926814961384563,0.815888176722125
771,"4_blimp_lmc_noaux",-0.5089,0.5458,0.388,0,0,0.9539,0.8165
771,"5_blimp_omc_aux",0.0383,0.4626,0.6136,0,1,1.297,1.0777
771,"6_blimp_rescue",0.071,0.4138,0.5448,1,1,1.3098,1.0435
772,"1_lmer_complete",0.0461000984537465,0.390570395068559,0.397539138365417,1,1,1.01846971131738,0.983113543247194
772,"2_blimp_complete",0.0306,0.3907,0.3867,1,1,1.0481,0.9833
772,"3_lmer_naive",-0.433483569647727,0.52359010968921,0.30841095639916,0,0,0.845891365698832,0.764393252135403
772,"4_blimp_lmc_noaux",-0.446,0.5237,0.2846,0,0,0.869,0.7648
772,"5_blimp_omc_aux",0.071,0.3978,0.5442,1,1,1.1041,1.0493
772,"6_blimp_rescue",0.1088,0.3653,0.3923,1,1,1.0921,1.018
773,"1_lmer_complete",0.223842760673188,0.401228474820752,0.65140008488624,1,1,0.87978210790032,1.03138828845661
773,"2_blimp_complete",0.2098,0.4014,0.645,1,1,0.9058,1.0317
773,"3_lmer_naive",-0.367773873770834,0.550002175888827,0.480357090768134,0,1,0.763466867175367,0.786910677345962
773,"4_blimp_lmc_noaux",-0.3758,0.55,0.4748,0,1,0.7872,0.7874
773,"5_blimp_omc_aux",0.1778,0.4536,0.6966,0,1,0.8764,1.0741
773,"6_blimp_rescue",0.2341,0.417,0.675,1,1,0.9016,1.0487
774,"1_lmer_complete",-0.0502669643705019,0.418988787849546,0.648517079861938,1,1,0.957558152547065,0.977915065340849
774,"2_blimp_complete",-0.065,0.4191,0.6402,1,1,0.9842,0.9781
774,"3_lmer_naive",-0.592276348142167,0.559318136370083,0.4330583089365,0,0,0.783522303131755,0.747842248895557
774,"4_blimp_lmc_noaux",-0.6,0.5602,0.4005,0,0,0.7998,0.7482
774,"5_blimp_omc_aux",-0.0956,0.464,0.6717,0,1,0.9334,1.0068
774,"6_blimp_rescue",-0.0581,0.4274,0.6311,1,1,0.9534,0.9778
775,"1_lmer_complete",-0.0074044454277568,0.414397386799682,0.566334466613743,1,1,1.26390016335153,1.00146504516268
775,"2_blimp_complete",-0.0269,0.4145,0.579,1,1,1.3027,1.0017
775,"3_lmer_naive",-0.533043189947031,0.569050840460044,0.404527911831708,0,1,1.06493534336553,0.751289254646063
775,"4_blimp_lmc_noaux",-0.5521,0.5694,0.3891,0,1,1.0942,0.7517
775,"5_blimp_omc_aux",-0.054,0.4651,0.624,0,1,1.2893,1.027
775,"6_blimp_rescue",0.0185,0.4323,0.542,1,1,1.3299,1.0079
776,"1_lmer_complete",-0.158179157206446,0.405851377547354,0.625533403159353,1,1,0.787067527393353,0.986769339312756
776,"2_blimp_complete",-0.1727,0.406,0.6241,1,1,0.8095,0.987
776,"3_lmer_naive",-0.654161655486073,0.565724331821543,0.439501230006705,0,0,0.69465797951071,0.773371800727432
776,"4_blimp_lmc_noaux",-0.6677,0.5658,0.4302,0,0,0.7145,0.7738
776,"5_blimp_omc_aux",-0.1901,0.4659,0.6488,0,1,0.8016,1.04
776,"6_blimp_rescue",-0.1353,0.428,0.6138,1,1,0.8201,1.0116
777,"1_lmer_complete",-0.0380322665125212,0.377289087842346,0.646412007090836,1,1,1.00298373303147,1.01075419415746
777,"2_blimp_complete",-0.0497,0.3774,0.654,1,1,1.0332,1.0109
777,"3_lmer_naive",-0.566804138384738,0.500111312947235,0.502004009880388,0,1,0.766915251111396,0.781065050945476
777,"4_blimp_lmc_noaux",-0.5712,0.5003,0.5062,0,1,0.7893,0.7816
777,"5_blimp_omc_aux",-0.0563,0.4007,0.6841,1,1,1.0258,1.0216
777,"6_blimp_rescue",-0.0098,0.371,0.6561,1,1,1.0839,0.9989
778,"1_lmer_complete",0.0209074773712909,0.399782417714202,0.515182714700331,1,1,0.990371528761886,0.970527911558259
778,"2_blimp_complete",0.006,0.3999,0.5006,1,1,1.0205,0.9708
778,"3_lmer_naive",-0.513143573002479,0.508367103054717,0.392512207346773,0,0,0.834858461105933,0.742326729507503
778,"4_blimp_lmc_noaux",-0.514,0.509,0.3717,0,0,0.8537,0.743
778,"5_blimp_omc_aux",-0.0312,0.412,0.5722,1,1,1.0238,0.9797
778,"6_blimp_rescue",0.028,0.3768,0.5175,1,1,1.0442,0.9476
779,"1_lmer_complete",0.0699578099776222,0.383763527442498,0.547556536976014,1,1,1.34650426551134,1.0119419634652
779,"2_blimp_complete",0.0524,0.3839,0.5441,1,1,1.3858,1.0122
779,"3_lmer_naive",-0.484576562846686,0.524828184211181,0.386805732507326,0,0,1.06270921982877,0.761369817753496
779,"4_blimp_lmc_noaux",-0.4895,0.5255,0.3793,0,1,1.0911,0.762
779,"5_blimp_omc_aux",0.0201,0.4173,0.5608,1,1,1.3796,1.0163
779,"6_blimp_rescue",0.0619,0.384,0.5206,1,1,1.4112,0.9878
780,"1_lmer_complete",0.0933562313880957,0.426300383938865,0.606306273744896,1,1,0.950621222336203,0.969386022565973
780,"2_blimp_complete",0.0771,0.4264,0.6113,1,1,0.9765,0.9696
780,"3_lmer_naive",-0.434913857649043,0.532478661280508,0.407102990114272,0,0,0.78093067585866,0.746024738734473
780,"4_blimp_lmc_noaux",-0.4483,0.5327,0.4007,0,0,0.8013,0.7466
780,"5_blimp_omc_aux",0.0685,0.4352,0.6695,1,1,0.9432,1.0138
780,"6_blimp_rescue",0.11,0.3941,0.5951,1,1,0.9596,0.9821
781,"1_lmer_complete",-0.111089541428383,0.393489157335618,0.53218060615141,1,1,1.08897262319348,1.02202834106515
781,"2_blimp_complete",-0.1283,0.3936,0.5359,1,1,1.1211,1.0221
781,"3_lmer_naive",-0.635634488588913,0.534061705769886,0.340282030569145,0,0,0.912636069845476,0.810520112832863
781,"4_blimp_lmc_noaux",-0.6514,0.5342,0.336,0,0,0.9405,0.811
781,"5_blimp_omc_aux",-0.1569,0.4348,0.5998,1,1,1.0767,1.0815
781,"6_blimp_rescue",-0.1135,0.3959,0.4932,1,1,1.0888,1.0427
782,"1_lmer_complete",0.150139983831042,0.376911714885799,0.485224616848167,1,1,1.13807671237905,1.00153523382246
782,"2_blimp_complete",0.1362,0.377,0.4871,1,1,1.1723,1.0017
782,"3_lmer_naive",-0.4030571389361,0.487263634053327,0.284142709945301,0,0,0.988122690024794,0.760646863385838
782,"4_blimp_lmc_noaux",-0.4027,0.4875,0.2716,0,0,1.0114,0.7615
782,"5_blimp_omc_aux",0.1434,0.3922,0.5383,1,1,1.1901,0.9927
782,"6_blimp_rescue",0.1498,0.3564,0.4654,0,1,1.2672,0.9598
783,"1_lmer_complete",-0.162347886523365,0.404229269102402,0.631987512221997,1,1,0.836906401021811,0.981904137071744
783,"2_blimp_complete",-0.1758,0.4043,0.6157,1,1,0.8625,0.9821
783,"3_lmer_naive",-0.668124374748665,0.565338300443884,0.498202627167326,0,1,0.689292050240092,0.760722667392713
783,"4_blimp_lmc_noaux",-0.6714,0.5656,0.4807,0,1,0.7113,0.7613
783,"5_blimp_omc_aux",-0.2034,0.4516,0.6895,0,1,0.8593,1.027
783,"6_blimp_rescue",-0.1442,0.4209,0.6419,1,1,0.8829,0.9982
784,"1_lmer_complete",0.00746576035556511,0.416474744455582,0.451240554632743,1,1,0.974929528702436,0.973789489523596
784,"2_blimp_complete",-0.0114,0.4165,0.466,1,1,1.0065,0.974
784,"3_lmer_naive",-0.496561148847808,0.546602259261197,0.324502229365621,0,0,0.734268436623751,0.736783624273014
784,"4_blimp_lmc_noaux",-0.4973,0.5473,0.2988,0,0,0.7494,0.7373
784,"5_blimp_omc_aux",-0.0011,0.4539,0.5723,0,1,1.0028,0.9983
784,"6_blimp_rescue",0.0341,0.4105,0.3893,1,1,1.0032,0.9627
785,"1_lmer_complete",0.0470283944245234,0.397847095196155,0.605959136427281,1,1,1.00688862584765,1.01749733621593
785,"2_blimp_complete",0.0311,0.3979,0.6006,1,1,1.0386,1.0177
785,"3_lmer_naive",-0.490936239260717,0.564839374693724,0.416190402698608,0,1,0.885117719733267,0.762112049312501
785,"4_blimp_lmc_noaux",-0.5046,0.565,0.3992,0,1,0.9131,0.7625
785,"5_blimp_omc_aux",0.0069,0.4655,0.6803,0,1,1.0172,1.0371
785,"6_blimp_rescue",0.0412,0.429,0.6216,1,1,1.0498,1.0075
786,"1_lmer_complete",0.0536942792257993,0.405482128407039,0.893931837410175,1,0,1.13609780834823,0.97607940683453
786,"2_blimp_complete",0.0435,0.4057,0.9233,1,0,1.1657,0.9763
786,"3_lmer_naive",-0.584850181093689,0.535807623345279,0.607998752205941,0,1,0.940167311532157,0.745870628587365
786,"4_blimp_lmc_noaux",-0.5881,0.5362,0.6207,0,1,0.9681,0.7465
786,"5_blimp_omc_aux",-0.0479,0.4443,0.866,0,0,1.1357,0.9921
786,"6_blimp_rescue",0.0614,0.4033,0.8866,1,1,1.2409,0.9593
787,"1_lmer_complete",-0.123760009767281,0.406501664255907,0.666644684104846,1,1,1.01244852148013,1.04017911724477
787,"2_blimp_complete",-0.1392,0.4067,0.6549,1,1,1.0416,1.0404
787,"3_lmer_naive",-0.700529022082233,0.536094446076382,0.440397325705106,0,1,0.71743442463902,0.840925219518558
787,"4_blimp_lmc_noaux",-0.7041,0.5363,0.4419,0,1,0.7388,0.8416
787,"5_blimp_omc_aux",-0.1354,0.4403,0.7126,1,1,1.022,1.1315
787,"6_blimp_rescue",-0.1049,0.4066,0.6515,1,1,1.0653,1.1047
788,"1_lmer_complete",-0.016879179812895,0.391703111783696,0.57009671563716,1,1,1.00889699310815,1.00774231979349
788,"2_blimp_complete",-0.0318,0.3918,0.5587,1,1,1.0384,1.008
788,"3_lmer_naive",-0.548039770809601,0.552531946365675,0.392407072184181,0,0,0.782941170304819,0.769598825166194
788,"4_blimp_lmc_noaux",-0.5579,0.5523,0.3751,0,0,0.8091,0.77
788,"5_blimp_omc_aux",-0.0709,0.4514,0.6133,0,1,0.9797,1.0484
788,"6_blimp_rescue",-0.0296,0.4126,0.5579,1,1,0.9946,1.0175
789,"1_lmer_complete",-0.0278741004453661,0.410075181153264,0.506224624544056,1,1,1.00803773880133,1.00041099220755
789,"2_blimp_complete",-0.0427,0.4102,0.5063,1,1,1.0395,1.0007
789,"3_lmer_naive",-0.546227669458064,0.516139540876001,0.414282310002433,0,0,0.816715881802423,0.779079904711293
789,"4_blimp_lmc_noaux",-0.5557,0.5167,0.3955,0,0,0.8416,0.7795
789,"5_blimp_omc_aux",-0.0184,0.4176,0.6216,1,1,1.0374,1.047
789,"6_blimp_rescue",0.0098,0.3834,0.5634,1,1,1.0734,1.0167
790,"1_lmer_complete",-0.049996295329508,0.397227944486673,0.478860039695605,1,1,0.93228468748387,0.977725196013622
790,"2_blimp_complete",-0.0644,0.3974,0.4787,1,1,0.9615,0.978
790,"3_lmer_naive",-0.543337007325762,0.501743632348743,0.371424656907976,0,0,0.734062857889894,0.767397515328904
790,"4_blimp_lmc_noaux",-0.5431,0.5021,0.3685,0,0,0.7539,0.7684
790,"5_blimp_omc_aux",-0.0574,0.3918,0.5612,1,1,0.9276,1.0104
790,"6_blimp_rescue",-0.0371,0.3584,0.4889,0,1,0.9536,0.9759
791,"1_lmer_complete",-0.118670635290544,0.405290983978453,0.513175759276239,1,1,0.908504520789348,0.99025321992181
791,"2_blimp_complete",-0.133,0.4054,0.5098,1,1,0.9375,0.9905
791,"3_lmer_naive",-0.619500890977267,0.535390740415121,0.351115646896804,0,0,0.763577762578664,0.81174622237525
791,"4_blimp_lmc_noaux",-0.6229,0.5355,0.3449,0,0,0.7856,0.8126
791,"5_blimp_omc_aux",-0.0599,0.4479,0.5599,0,1,0.9955,1.0852
791,"6_blimp_rescue",-0.0643,0.404,0.4846,1,1,1.0078,1.0503
792,"1_lmer_complete",0.00975453461101497,0.377374429267697,0.485104988867347,1,1,1.08553008511615,0.998447545249423
792,"2_blimp_complete",-0.0053,0.3775,0.466,1,1,1.1188,0.9986
792,"3_lmer_naive",-0.513802530236226,0.536962724907306,0.396909268117441,0,0,0.90491312041108,0.766575011770366
792,"4_blimp_lmc_noaux",-0.5243,0.5372,0.4011,0,0,0.9297,0.7672
792,"5_blimp_omc_aux",-0.0164,0.4406,0.5945,1,1,1.1414,1.0214
792,"6_blimp_rescue",0.0179,0.4015,0.5459,1,1,1.1666,0.9919
793,"1_lmer_complete",-0.0621766780136988,0.39018823002153,0.678569259912629,1,1,0.888602840526347,0.983365309422652
793,"2_blimp_complete",-0.077,0.3902,0.6691,1,1,0.914,0.9836
793,"3_lmer_naive",-0.619083976573574,0.502386289873498,0.529828769501549,0,1,0.751651069078125,0.767699414953001
793,"4_blimp_lmc_noaux",-0.6299,0.5025,0.5251,0,1,0.7756,0.7681
793,"5_blimp_omc_aux",-0.132,0.3895,0.7441,1,1,0.8886,1.0383
793,"6_blimp_rescue",-0.0274,0.3515,0.7222,0,1,0.9224,1.0028
794,"1_lmer_complete",0.141732854808797,0.39078127310463,0.724319056158051,1,1,0.788543021580125,0.998150128546273
794,"2_blimp_complete",0.1284,0.391,0.7132,1,1,0.8094,0.9984
794,"3_lmer_naive",-0.440191204456532,0.520092187996759,0.54917894924099,0,1,0.67986996361442,0.767541733385758
794,"4_blimp_lmc_noaux",-0.4427,0.5208,0.5281,0,1,0.7003,0.768
794,"5_blimp_omc_aux",0.0848,0.4129,0.7581,1,1,0.8106,1.0453
794,"6_blimp_rescue",0.1708,0.3751,0.7042,1,1,0.8419,1.0125
795,"1_lmer_complete",-0.0497585890876864,0.401506912425384,0.595101935300339,1,1,0.798172662580302,1.00069412685146
795,"2_blimp_complete",-0.0638,0.4016,0.5909,1,1,0.8223,1.0009
795,"3_lmer_naive",-0.576019239134163,0.540855839970103,0.449523161232608,0,0,0.653775948563638,0.807215847128788
795,"4_blimp_lmc_noaux",-0.5815,0.5411,0.4373,0,1,0.6736,0.8077
795,"5_blimp_omc_aux",-0.0451,0.4266,0.6337,1,1,0.7963,1.0937
795,"6_blimp_rescue",-0.0318,0.3879,0.5904,1,1,0.8156,1.0568
796,"1_lmer_complete",-0.0593767992743944,0.408681666552623,0.494846666333462,1,1,1.03111853702265,0.992856179100318
796,"2_blimp_complete",-0.0741,0.4088,0.499,1,1,1.0606,0.9931
796,"3_lmer_naive",-0.590147247636227,0.557944264074972,0.344796947507851,0,0,0.892936777745997,0.749785111086332
796,"4_blimp_lmc_noaux",-0.5954,0.5583,0.3328,0,0,0.9167,0.7504
796,"5_blimp_omc_aux",-0.0778,0.4588,0.5546,0,1,1.1053,1.0176
796,"6_blimp_rescue",-0.0502,0.4266,0.5384,1,1,1.1282,0.9953
797,"1_lmer_complete",0.130599356074352,0.403647584245212,0.607481781693814,1,1,1.02778935223289,0.997319106486266
797,"2_blimp_complete",0.115,0.4038,0.6196,1,1,1.06,0.9975
797,"3_lmer_naive",-0.442800522704502,0.559123574745263,0.419563084472414,0,0,0.814275245953182,0.811245479397324
797,"4_blimp_lmc_noaux",-0.4495,0.5595,0.4181,0,0,0.8382,0.8121
797,"5_blimp_omc_aux",0.1431,0.4645,0.6669,0,1,1.0539,1.124
797,"6_blimp_rescue",0.1651,0.4161,0.6066,1,1,1.0821,1.0873
798,"1_lmer_complete",0.118557200328094,0.39975575648216,0.523284085689732,1,1,0.912986180195276,0.979191519162158
798,"2_blimp_complete",0.1038,0.3998,0.5172,1,1,0.941,0.9794
798,"3_lmer_naive",-0.429950293758985,0.512557164974377,0.35555870787296,0,0,0.728551205630736,0.807491339706458
798,"4_blimp_lmc_noaux",-0.4235,0.5132,0.3398,0,0,0.7441,0.8084
798,"5_blimp_omc_aux",0.1137,0.4165,0.6152,1,1,0.971,1.0739
798,"6_blimp_rescue",0.1706,0.3739,0.5119,1,1,0.992,1.0317
799,"1_lmer_complete",0.0116041412435753,0.403047855360648,0.662713654553084,1,1,1.10048788618546,1.01380868671226
799,"2_blimp_complete",-0.0023,0.4032,0.6683,1,1,1.132,1.0141
799,"3_lmer_naive",-0.56128221256937,0.540305558925248,0.445192101656699,0,1,0.831444374426301,0.809373607715994
799,"4_blimp_lmc_noaux",-0.5747,0.5405,0.4388,0,1,0.8582,0.8098
799,"5_blimp_omc_aux",-0.0397,0.442,0.7208,1,1,1.0276,1.0787
799,"6_blimp_rescue",0.0401,0.406,0.6607,1,1,1.075,1.0498
800,"1_lmer_complete",0.0398385650377553,0.417279778160282,0.66340114582177,1,1,1.11041255234197,0.996860655920944
800,"2_blimp_complete",0.0242,0.4174,0.6513,1,1,1.1424,0.9971
800,"3_lmer_naive",-0.501769811787632,0.540538146250957,0.49144759956636,0,1,0.841257417921795,0.786155085284271
800,"4_blimp_lmc_noaux",-0.5098,0.5407,0.494,0,1,0.8661,0.7869
800,"5_blimp_omc_aux",-0.0086,0.449,0.7152,0,1,0.9739,1.0291
800,"6_blimp_rescue",0.0437,0.4162,0.6966,1,1,1.0265,0.9999
801,"1_lmer_complete",-0.127472819726508,0.420804185508238,0.589245056514623,1,1,0.969790881581342,1.00595625081905
801,"2_blimp_complete",-0.1419,0.4209,0.592,1,1,0.9986,1.0061
801,"3_lmer_naive",-0.652668718140527,0.568977459897914,0.418412701399228,0,0,0.832697186307197,0.785090060006435
801,"4_blimp_lmc_noaux",-0.6646,0.5693,0.4043,0,0,0.8547,0.7856
801,"5_blimp_omc_aux",-0.1281,0.4717,0.6368,0,1,0.9955,1.0698
801,"6_blimp_rescue",-0.1201,0.4302,0.5816,1,1,1.0018,1.0308
802,"1_lmer_complete",-0.034415881897994,0.407091601920876,0.655863366662284,1,1,1.00273657334353,1.00467360896558
802,"2_blimp_complete",-0.0501,0.4072,0.6418,1,1,1.0325,1.0049
802,"3_lmer_naive",-0.576669845690299,0.537321179341217,0.521364912052846,0,1,0.820823444453614,0.79540841483956
802,"4_blimp_lmc_noaux",-0.5828,0.5376,0.5088,0,1,0.8478,0.796
802,"5_blimp_omc_aux",-0.0744,0.4533,0.748,0,1,1.0193,1.0481
802,"6_blimp_rescue",-0.0055,0.4145,0.706,1,1,1.0517,1.0155
803,"1_lmer_complete",0.0911116566050299,0.414626263354722,0.592018399331263,1,1,0.847754496508361,0.99510786627532
803,"2_blimp_complete",0.0777,0.4147,0.5997,1,1,0.8735,0.9953
803,"3_lmer_naive",-0.446806067126052,0.540593418906606,0.405510883103294,0,0,0.732131148312124,0.768687598997026
803,"4_blimp_lmc_noaux",-0.4519,0.5405,0.3936,0,0,0.7552,0.7694
803,"5_blimp_omc_aux",0.0832,0.4418,0.6303,1,1,0.8568,1.0319
803,"6_blimp_rescue",0.0927,0.4084,0.6191,1,1,0.8788,1.0067
804,"1_lmer_complete",-0.126069876924632,0.398232952444265,0.510181355955794,1,1,0.915099934121003,1.01725464365695
804,"2_blimp_complete",-0.1396,0.3983,0.5127,1,1,0.9441,1.0174
804,"3_lmer_naive",-0.626492442398574,0.519127369865411,0.377094121596729,0,0,0.752239982794436,0.807410489810777
804,"4_blimp_lmc_noaux",-0.6381,0.5195,0.3623,0,0,0.7742,0.8078
804,"5_blimp_omc_aux",-0.1315,0.4137,0.5559,1,1,0.9342,1.0726
804,"6_blimp_rescue",-0.1058,0.3818,0.5003,1,1,0.9475,1.0477
805,"1_lmer_complete",0.135320712858769,0.389527810642191,0.583190391868462,1,1,0.94030862990824,0.996955044659564
805,"2_blimp_complete",0.1216,0.3897,0.5729,1,1,0.9695,0.9971
805,"3_lmer_naive",-0.41534756187896,0.551306847599594,0.428388152016226,0,0,0.815463446258453,0.722122472443541
805,"4_blimp_lmc_noaux",-0.4222,0.5514,0.4264,0,0,0.8391,0.7227
805,"5_blimp_omc_aux",0.0458,0.4461,0.6848,1,1,0.9644,1.0007
805,"6_blimp_rescue",0.1214,0.4086,0.6407,1,1,1.0079,0.9694
806,"1_lmer_complete",0.0631011389044968,0.409873989248492,0.566202404415519,1,1,1.00190052455332,0.977996259711349
806,"2_blimp_complete",0.0486,0.4099,0.5555,1,1,1.0342,0.9781
806,"3_lmer_naive",-0.439780181108682,0.511669266064193,0.44651307947561,0,1,0.840193585064651,0.766163083234939
806,"4_blimp_lmc_noaux",-0.4491,0.5123,0.4196,0,1,0.8665,0.7666
806,"5_blimp_omc_aux",0.0341,0.4055,0.6452,1,1,1.0154,1.0118
806,"6_blimp_rescue",0.1005,0.3757,0.5895,1,1,1.0364,0.9869
807,"1_lmer_complete",0.0327300327267075,0.404757018598446,0.361318668540829,1,0,0.993267547888828,0.978291200468776
807,"2_blimp_complete",0.0178,0.4049,0.3584,1,0,1.0236,0.9785
807,"3_lmer_naive",-0.42376346467863,0.539181980055519,0.260369345002773,0,0,0.842351299577304,0.734808807656336
807,"4_blimp_lmc_noaux",-0.4386,0.5392,0.2424,0,0,0.867,0.7352
807,"5_blimp_omc_aux",0.0617,0.4324,0.4182,1,0,1.001,0.9771
807,"6_blimp_rescue",0.0163,0.4036,0.3405,1,0,0.9885,0.9488
808,"1_lmer_complete",0.113009907058293,0.406684811748347,0.578228347683344,1,1,0.861213188219245,0.975949100436106
808,"2_blimp_complete",0.1001,0.4068,0.577,1,1,0.8875,0.9762
808,"3_lmer_naive",-0.442154003724468,0.539580055705342,0.416097232559737,0,0,0.727217195777365,0.756143995361075
808,"4_blimp_lmc_noaux",-0.4445,0.5394,0.4136,0,0,0.7491,0.7568
808,"5_blimp_omc_aux",0.0845,0.4414,0.6272,1,1,0.8857,1.027
808,"6_blimp_rescue",0.108,0.4051,0.5938,1,1,0.9004,0.9964
809,"1_lmer_complete",0.107393258626208,0.407879352353021,0.63954428885125,1,1,0.905843038159268,1.00573887153172
809,"2_blimp_complete",0.0927,0.408,0.6397,1,1,0.9312,1.006
809,"3_lmer_naive",-0.44525598359573,0.549899330340086,0.446572922244983,0,0,0.792393545368419,0.809957512652127
809,"4_blimp_lmc_noaux",-0.4573,0.55,0.4404,0,0,0.8184,0.8104
809,"5_blimp_omc_aux",0.0745,0.4719,0.714,0,1,0.9262,1.0714
809,"6_blimp_rescue",0.1519,0.4262,0.6617,1,1,0.9443,1.0369
810,"1_lmer_complete",-0.115248867526818,0.413555457133342,0.663439230314784,1,1,0.9060458196303,0.999458473720056
810,"2_blimp_complete",-0.1301,0.4137,0.6586,1,1,0.933,0.9997
810,"3_lmer_naive",-0.677108255465927,0.546234853563963,0.478545765463432,0,1,0.767629864049336,0.762490532020232
810,"4_blimp_lmc_noaux",-0.6849,0.5467,0.4688,0,1,0.7905,0.763
810,"5_blimp_omc_aux",-0.1674,0.4562,0.7473,0,1,0.9378,1.0259
810,"6_blimp_rescue",-0.1144,0.4119,0.7013,1,1,0.9599,0.9917
811,"1_lmer_complete",-0.0397632208194815,0.408057057902758,0.591416310796558,1,1,0.80089016134934,0.976841218909164
811,"2_blimp_complete",-0.0531,0.4081,0.5841,1,1,0.8257,0.9771
811,"3_lmer_naive",-0.533598364639973,0.532069197913503,0.424344424627187,0,0,0.617872012023521,0.759645776172672
811,"4_blimp_lmc_noaux",-0.5401,0.5321,0.4156,0,0,0.638,0.76
811,"5_blimp_omc_aux",-0.0579,0.4431,0.6222,0,1,0.7679,1.0083
811,"6_blimp_rescue",-0.0455,0.3991,0.5637,1,1,0.774,0.971
812,"1_lmer_complete",-0.05785815777499,0.382738397858505,0.498296547381361,1,1,0.925091523836585,1.01448576306442
812,"2_blimp_complete",-0.0711,0.3828,0.4921,1,1,0.9528,1.0147
812,"3_lmer_naive",-0.577735523902456,0.496038203230657,0.36274078587276,0,0,0.812171539895617,0.7912586854189
812,"4_blimp_lmc_noaux",-0.5888,0.4963,0.351,0,0,0.8362,0.7918
812,"5_blimp_omc_aux",-0.0619,0.3842,0.5627,1,1,0.9559,1.0561
812,"6_blimp_rescue",-0.0333,0.3531,0.5095,0,1,0.9627,1.03
813,"1_lmer_complete",0.0805019253611235,0.406905419061214,0.6252605794445,1,1,1.16634205489362,0.985878464549715
813,"2_blimp_complete",0.065,0.407,0.6098,1,1,1.2037,0.9861
813,"3_lmer_naive",-0.444774085007762,0.55629522798725,0.515350637472883,0,1,0.883891140149881,0.761632756790963
813,"4_blimp_lmc_noaux",-0.4497,0.5568,0.4998,0,1,0.9108,0.7621
813,"5_blimp_omc_aux",-2e-04,0.4477,0.7514,0,1,1.1341,1.0252
813,"6_blimp_rescue",0.0712,0.4158,0.6459,1,1,1.1693,0.9968
814,"1_lmer_complete",0.0584218448360956,0.389534728897265,0.708218521230385,1,1,1.08604618716944,0.997314815577285
814,"2_blimp_complete",0.0424,0.3896,0.702,1,1,1.1195,0.9975
814,"3_lmer_naive",-0.496140255195704,0.496650076268608,0.543759834681402,0,1,0.866875990789885,0.777650578542898
814,"4_blimp_lmc_noaux",-0.4987,0.4967,0.5527,0,1,0.8904,0.7782
814,"5_blimp_omc_aux",0.043,0.3986,0.7985,1,0,1.1076,1.0314
814,"6_blimp_rescue",0.0982,0.362,0.7592,1,1,1.1519,0.9973
815,"1_lmer_complete",0.091151733603212,0.394079543245275,0.522448850213134,1,1,1.21302057918521,0.992943637238058
815,"2_blimp_complete",0.0737,0.3942,0.5095,1,1,1.2517,0.9932
815,"3_lmer_naive",-0.419954305420778,0.516600481730655,0.398191595694838,0,0,0.981424012102507,0.774630318247069
815,"4_blimp_lmc_noaux",-0.4311,0.5167,0.3861,0,0,1.0136,0.775
815,"5_blimp_omc_aux",0.0885,0.4203,0.6052,1,1,1.2447,1.0389
815,"6_blimp_rescue",0.1128,0.3846,0.5395,1,1,1.2656,1.0105
816,"1_lmer_complete",-0.0462724057875774,0.407122763249664,0.618651837221431,1,1,0.797577834000671,0.9807900125318
816,"2_blimp_complete",-0.0605,0.4072,0.6146,1,1,0.8205,0.981
816,"3_lmer_naive",-0.571068637229682,0.513618442432381,0.415525894473059,0,0,0.645995909853083,0.761273939185478
816,"4_blimp_lmc_noaux",-0.5638,0.5142,0.3984,0,0,0.661,0.7622
816,"5_blimp_omc_aux",-0.0911,0.4223,0.6299,1,1,0.7789,1.0005
816,"6_blimp_rescue",-0.0367,0.391,0.597,1,1,0.8148,0.9722
817,"1_lmer_complete",-0.159071047912644,0.387867623921158,0.618456780684074,1,1,0.8638952392553,0.961055125196113
817,"2_blimp_complete",-0.173,0.388,0.6138,1,1,0.8897,0.9613
817,"3_lmer_naive",-0.609905557885304,0.49955351394859,0.480622276497494,0,1,0.826614963620708,0.777929071498834
817,"4_blimp_lmc_noaux",-0.617,0.4997,0.4786,0,1,0.8525,0.7786
817,"5_blimp_omc_aux",-0.1656,0.4078,0.699,1,1,0.9176,1.0061
817,"6_blimp_rescue",-0.1042,0.3818,0.7129,1,1,0.9533,0.9842
818,"1_lmer_complete",-0.168427899474895,0.409738748605528,0.659768274325215,1,1,1.13021384252835,1.0031385374369
818,"2_blimp_complete",-0.1859,0.4098,0.6462,1,1,1.164,1.0033
818,"3_lmer_naive",-0.700076060962694,0.540929379048897,0.518667807413068,0,1,0.901679593199838,0.785304374053791
818,"4_blimp_lmc_noaux",-0.7046,0.5415,0.5165,0,1,0.9295,0.786
818,"5_blimp_omc_aux",-0.194,0.4644,0.7055,0,1,1.1954,1.0207
818,"6_blimp_rescue",-0.1404,0.4295,0.6915,1,1,1.2542,0.9961
819,"1_lmer_complete",-0.0623115257773493,0.412144248168304,0.565149233214942,1,1,1.10533943167547,0.994869880530652
819,"2_blimp_complete",-0.0817,0.4123,0.5701,1,1,1.1366,0.9951
819,"3_lmer_naive",-0.568386182708633,0.558143239795287,0.382454277826853,0,0,0.926179045927189,0.752291984832731
819,"4_blimp_lmc_noaux",-0.5555,0.5586,0.3517,0,0,0.9451,0.7533
819,"5_blimp_omc_aux",-0.1132,0.4684,0.6635,0,1,1.155,0.991
819,"6_blimp_rescue",-0.0537,0.4293,0.5421,1,1,1.1892,0.9609
820,"1_lmer_complete",-0.140447700765024,0.366852552880818,0.50716540962987,0,1,0.752872901438347,1.03076013520993
820,"2_blimp_complete",-0.1529,0.3669,0.5034,0,1,0.7757,1.031
820,"3_lmer_naive",-0.635824261841332,0.521198536048768,0.373448704192418,0,0,0.633506137264531,0.779258743736564
820,"4_blimp_lmc_noaux",-0.6451,0.5211,0.3667,0,0,0.6546,0.7798
820,"5_blimp_omc_aux",-0.145,0.4038,0.5794,1,1,0.7612,1.0641
820,"6_blimp_rescue",-0.1201,0.373,0.5049,1,1,0.766,1.0355
821,"1_lmer_complete",0.0322772101187909,0.400571176829491,0.505432585356887,1,1,1.03159295096312,0.994598524451342
821,"2_blimp_complete",0.0172,0.4007,0.4966,1,1,1.0644,0.9948
821,"3_lmer_naive",-0.449523791225747,0.502995222080104,0.372555634751899,0,0,0.823901159287661,0.780407326489603
821,"4_blimp_lmc_noaux",-0.4604,0.5031,0.3781,0,0,0.8476,0.7811
821,"5_blimp_omc_aux",0.0264,0.4132,0.5769,1,1,1.0574,1.0249
821,"6_blimp_rescue",0.068,0.3753,0.5236,1,1,1.0741,0.9957
822,"1_lmer_complete",0.0327101212989692,0.413158215185497,0.70410987798303,1,1,1.34701704094672,1.01178520064164
822,"2_blimp_complete",0.0157,0.4132,0.6845,1,1,1.3854,1.012
822,"3_lmer_naive",-0.516223200340699,0.531212660507275,0.558337284791995,0,1,1.1135550413627,0.826936042957335
822,"4_blimp_lmc_noaux",-0.5242,0.5313,0.5508,0,1,1.1468,0.8275
822,"5_blimp_omc_aux",-0.0333,0.4336,0.8035,1,1,1.4032,1.0838
822,"6_blimp_rescue",0.0406,0.4013,0.7386,1,1,1.4589,1.0549
823,"1_lmer_complete",-0.0581293449375996,0.374016405811798,0.51098728050264,1,1,0.884884286131665,1.01738661323286
823,"2_blimp_complete",-0.074,0.3741,0.4953,1,1,0.9133,1.0176
823,"3_lmer_naive",-0.568355969897437,0.49857022902203,0.370388380151603,0,0,0.631821520832786,0.807392347155937
823,"4_blimp_lmc_noaux",-0.5753,0.499,0.3537,0,0,0.6497,0.8079
823,"5_blimp_omc_aux",-0.0607,0.3949,0.5809,1,1,0.8965,1.0585
823,"6_blimp_rescue",-0.0684,0.3626,0.4893,1,1,0.9045,1.028
824,"1_lmer_complete",-0.0652968437169388,0.426788718017367,0.572082674350635,1,1,0.894047962268366,0.967366696759131
824,"2_blimp_complete",-0.081,0.4269,0.5557,1,1,0.9208,0.9676
824,"3_lmer_naive",-0.542743903226688,0.586037496765738,0.394560453552372,0,0,0.743499986824799,0.779521019812043
824,"4_blimp_lmc_noaux",-0.5531,0.5862,0.3648,0,0,0.7648,0.7799
824,"5_blimp_omc_aux",-0.0614,0.4903,0.6155,0,1,0.8961,1.0371
824,"6_blimp_rescue",-0.0366,0.4659,0.5737,0,1,0.9171,1.0196
825,"1_lmer_complete",-0.0596575566929838,0.400411571322569,0.709784653645873,1,1,1.06125258677156,1.00660769550327
825,"2_blimp_complete",-0.0765,0.4005,0.7034,1,1,1.0917,1.0068
825,"3_lmer_naive",-0.620130442714133,0.519533950485213,0.47955819946343,0,1,0.815867371102405,0.797096547931335
825,"4_blimp_lmc_noaux",-0.6262,0.5195,0.4792,0,1,0.8384,0.7978
825,"5_blimp_omc_aux",-0.1361,0.4237,0.7547,1,1,1.0521,1.0693
825,"6_blimp_rescue",-0.0427,0.3808,0.7146,1,1,1.1042,1.0321
826,"1_lmer_complete",-0.170891079089949,0.391642945558459,0.550805820099999,1,1,1.09337255713315,1.00707113363378
826,"2_blimp_complete",-0.1866,0.3917,0.5313,1,1,1.1272,1.0073
826,"3_lmer_naive",-0.646470994255861,0.521420534807781,0.424209131403456,0,1,0.898762751629406,0.785186919556741
826,"4_blimp_lmc_noaux",-0.6553,0.5214,0.4111,0,0,0.9269,0.7856
826,"5_blimp_omc_aux",-0.1704,0.4253,0.602,1,1,1.0753,1.0313
826,"6_blimp_rescue",-0.162,0.3914,0.5657,1,1,1.0808,1.0035
827,"1_lmer_complete",-0.0578865995378969,0.414326372296947,0.541997813341619,1,1,1.07176028828792,0.999656372174657
827,"2_blimp_complete",-0.073,0.4144,0.5465,1,1,1.1036,0.9999
827,"3_lmer_naive",-0.536319535297455,0.533760666448675,0.39669377240595,0,0,0.83353949629475,0.787516954511686
827,"4_blimp_lmc_noaux",-0.5502,0.5338,0.3971,0,0,0.8574,0.7879
827,"5_blimp_omc_aux",-0.0622,0.4404,0.5931,1,1,1.0795,1.0361
827,"6_blimp_rescue",-0.0486,0.4047,0.511,1,1,1.0823,1.0096
828,"1_lmer_complete",-0.0562040274966523,0.406651473718912,0.695621170185083,1,1,0.852665236558143,1.01336547423483
828,"2_blimp_complete",-0.0692,0.4068,0.6978,1,1,0.8806,1.0136
828,"3_lmer_naive",-0.581681401262095,0.525791515601154,0.493615046715423,0,1,0.689126077081486,0.809430902212992
828,"4_blimp_lmc_noaux",-0.592,0.5254,0.4958,0,1,0.7143,0.81
828,"5_blimp_omc_aux",-0.0597,0.4332,0.7607,1,0,0.8551,1.0574
828,"6_blimp_rescue",-0.013,0.3984,0.7159,1,1,0.8881,1.0279
829,"1_lmer_complete",0.133999856736654,0.39686613517501,0.481892239167254,1,1,0.742189897181443,1.00739483146782
829,"2_blimp_complete",0.1217,0.3969,0.4729,1,1,0.7643,1.0078
829,"3_lmer_naive",-0.407365955976703,0.563134561718123,0.333681938026619,0,0,0.597051895071877,0.755496729452828
829,"4_blimp_lmc_noaux",-0.4153,0.5636,0.3097,0,0,0.6109,0.756
829,"5_blimp_omc_aux",0.1308,0.4656,0.5385,0,1,0.7432,1.0236
829,"6_blimp_rescue",0.1158,0.4306,0.4651,1,1,0.7409,0.9951
830,"1_lmer_complete",-0.18649088570062,0.387130146942105,0.453333009530119,1,1,1.06194163878668,0.996296833270071
830,"2_blimp_complete",-0.2023,0.3872,0.4522,1,1,1.0936,0.9965
830,"3_lmer_naive",-0.743369316264636,0.523545150787273,0.336134981595029,0,0,0.755763895372696,0.781599184986495
830,"4_blimp_lmc_noaux",-0.745,0.5242,0.3211,0,0,0.771,0.7823
830,"5_blimp_omc_aux",-0.167,0.4168,0.5165,1,1,1.1061,1.069
830,"6_blimp_rescue",-0.149,0.3812,0.4325,1,0,1.1152,1.0381
831,"1_lmer_complete",0.0554996313424126,0.41624903001445,0.545265363399297,1,1,0.856419811538607,1.04186911975211
831,"2_blimp_complete",0.0415,0.4163,0.5607,1,1,0.8848,1.0421
831,"3_lmer_naive",-0.466649306498888,0.546144372266158,0.375548353457187,0,0,0.659470245656841,0.787749689746429
831,"4_blimp_lmc_noaux",-0.4601,0.5463,0.3618,0,0,0.6753,0.7886
831,"5_blimp_omc_aux",0.0194,0.4436,0.5858,0,1,0.7999,1.0524
831,"6_blimp_rescue",0.0313,0.4136,0.5707,1,1,0.8115,1.0258
832,"1_lmer_complete",-0.11620103578369,0.416564457968965,0.622446942815507,1,1,1.11953496571824,0.993644174734374
832,"2_blimp_complete",-0.1343,0.4167,0.6017,1,1,1.1538,0.9938
832,"3_lmer_naive",-0.643317163237321,0.554536237478814,0.482785311316624,0,1,0.918807036065596,0.767670441199793
832,"4_blimp_lmc_noaux",-0.6516,0.5551,0.4599,0,1,0.9468,0.7681
832,"5_blimp_omc_aux",-0.1547,0.4607,0.6821,0,1,1.1441,1.0182
832,"6_blimp_rescue",-0.0849,0.4286,0.6112,1,1,1.1922,0.9951
833,"1_lmer_complete",0.101800885579475,0.398699296519128,0.55675411938826,1,1,1.47459531944423,1.00369914815664
833,"2_blimp_complete",0.0823,0.3988,0.5571,1,1,1.5198,1.004
833,"3_lmer_naive",-0.50297421139968,0.522518184456599,0.381953640457289,0,0,1.20549671677626,0.756261356794033
833,"4_blimp_lmc_noaux",-0.5047,0.5232,0.3561,0,0,1.2348,0.757
833,"5_blimp_omc_aux",0.0161,0.4172,0.6291,1,1,1.5507,1.0361
833,"6_blimp_rescue",0.1111,0.3761,0.5611,1,1,1.5986,1.0022
834,"1_lmer_complete",-0.0239565462495414,0.379655229501287,0.685093836228833,1,1,0.902554562388975,1.00484064342907
834,"2_blimp_complete",-0.0373,0.3798,0.6905,1,1,0.9279,1.0051
834,"3_lmer_naive",-0.515959860882971,0.514742605538875,0.576259644666936,0,1,0.703002836927399,0.800401569054135
834,"4_blimp_lmc_noaux",-0.5194,0.5151,0.5699,0,1,0.7245,0.801
834,"5_blimp_omc_aux",-0.0496,0.4058,0.801,1,1,0.919,1.0585
834,"6_blimp_rescue",0.0312,0.3766,0.7375,1,1,0.9622,1.0324
835,"1_lmer_complete",0.123803839730628,0.402083369299999,0.442197445193502,1,1,1.15691827155303,0.997336827780946
835,"2_blimp_complete",0.1081,0.4022,0.4315,1,1,1.1906,0.9976
835,"3_lmer_naive",-0.435403079119745,0.56313360891894,0.301748447267316,0,0,0.867019203138163,0.751487163409378
835,"4_blimp_lmc_noaux",-0.446,0.5639,0.2645,0,0,0.8816,0.7519
835,"5_blimp_omc_aux",0.1119,0.4647,0.5109,0,1,1.1859,1.0143
835,"6_blimp_rescue",0.0855,0.4292,0.412,1,1,1.1862,0.9897
836,"1_lmer_complete",-0.126390794635721,0.382345944297103,0.652111306859478,1,1,0.807559794531354,0.986540056074279
836,"2_blimp_complete",-0.1413,0.3824,0.6481,1,1,0.8302,0.9868
836,"3_lmer_naive",-0.677093189618721,0.495157519414633,0.434014104440306,0,0,0.692400112275243,0.747568698516349
836,"4_blimp_lmc_noaux",-0.683,0.4956,0.4212,0,0,0.7141,0.748
836,"5_blimp_omc_aux",-0.2247,0.3952,0.6638,1,1,0.761,0.983
836,"6_blimp_rescue",-0.1638,0.3541,0.6274,0,1,0.7948,0.9469
837,"1_lmer_complete",-0.0140668496397945,0.392202176253053,0.411518790695254,1,0,0.993274536340438,1.02920452129967
837,"2_blimp_complete",-0.029,0.3924,0.4098,1,0,1.0224,1.0294
837,"3_lmer_naive",-0.480752205185462,0.541434822037588,0.299283582348266,0,0,0.77230714539278,0.796540461250583
837,"4_blimp_lmc_noaux",-0.4917,0.5418,0.2827,0,0,0.7924,0.7969
837,"5_blimp_omc_aux",0.0012,0.4408,0.5185,1,1,1.0398,1.0714
837,"6_blimp_rescue",2e-04,0.4059,0.4062,1,1,1.0527,1.0431
838,"1_lmer_complete",0.0376299690515605,0.405421769280272,0.558075637489356,1,1,1.04749960689008,1.02660968979659
838,"2_blimp_complete",0.0225,0.4055,0.5392,1,1,1.0785,1.0268
838,"3_lmer_naive",-0.449738723853465,0.549334983233011,0.430678939589279,0,1,1.02610707940437,0.774476522590865
838,"4_blimp_lmc_noaux",-0.4577,0.5493,0.412,0,1,1.0576,0.7748
838,"5_blimp_omc_aux",0.0277,0.4427,0.6843,1,1,1.1147,1.0541
838,"6_blimp_rescue",0.0526,0.4114,0.658,1,1,1.1402,1.028
839,"1_lmer_complete",0.116054060124213,0.405073654565293,0.672824231534595,1,1,1.14711879418252,0.985592807405802
839,"2_blimp_complete",0.0973,0.4052,0.644,1,1,1.1835,0.9858
839,"3_lmer_naive",-0.436376175007827,0.531474813536025,0.476378635017307,0,1,1.01818206308798,0.778883934347214
839,"4_blimp_lmc_noaux",-0.4455,0.5316,0.4617,0,1,1.0519,0.7793
839,"5_blimp_omc_aux",0.0723,0.4444,0.7371,0,1,1.1546,1.0235
839,"6_blimp_rescue",0.1219,0.4101,0.7092,1,1,1.1976,0.9966
840,"1_lmer_complete",0.149354905456738,0.399428860912158,0.572944658662642,1,1,0.953941757868005,0.987935115159893
840,"2_blimp_complete",0.1351,0.3995,0.5672,1,1,0.9831,0.9881
840,"3_lmer_naive",-0.411992688466056,0.529907732618611,0.400911777758238,0,0,0.888875507630037,0.753443425635877
840,"4_blimp_lmc_noaux",-0.4267,0.5299,0.3889,0,0,0.9164,0.7539
840,"5_blimp_omc_aux",0.1266,0.437,0.6262,1,1,1.0085,1.015
840,"6_blimp_rescue",0.1234,0.3921,0.5324,1,1,1.0098,0.9791
841,"1_lmer_complete",-0.0385390023510143,0.370568127059264,0.71278254149305,0,1,1.09155949528735,0.997502426417827
841,"2_blimp_complete",-0.0547,0.3707,0.715,0,1,1.1273,0.9978
841,"3_lmer_naive",-0.657085681099163,0.51074830685687,0.484970475114951,0,1,0.854031137233279,0.77709691715007
841,"4_blimp_lmc_noaux",-0.6662,0.5108,0.489,0,1,0.8794,0.7778
841,"5_blimp_omc_aux",-0.1179,0.4191,0.7433,1,1,1.0487,1.0487
841,"6_blimp_rescue",-0.0459,0.3633,0.7008,1,1,1.0802,0.9967
842,"1_lmer_complete",0.157784639591695,0.386868564389041,0.608616943827744,1,1,1.06481118169837,1.02564390168087
842,"2_blimp_complete",0.1419,0.387,0.5947,1,1,1.0965,1.0259
842,"3_lmer_naive",-0.397403311793869,0.523382237610531,0.452195877832442,0,1,0.89462154688904,0.801278582692074
842,"4_blimp_lmc_noaux",-0.4062,0.5236,0.4378,0,1,0.9223,0.8016
842,"5_blimp_omc_aux",0.155,0.436,0.6806,1,1,1.133,1.0655
842,"6_blimp_rescue",0.1644,0.3949,0.5995,1,1,1.1646,1.0372
843,"1_lmer_complete",-0.0867463579476878,0.399905772746573,0.565995529113744,1,1,1.06668711642177,0.980932582899171
843,"2_blimp_complete",-0.1029,0.3999,0.5554,1,1,1.1007,0.9812
843,"3_lmer_naive",-0.6179513923772,0.532456711020768,0.417002204607334,0,0,0.817016552270376,0.740361001689828
843,"4_blimp_lmc_noaux",-0.621,0.5332,0.3902,0,0,0.8387,0.7408
843,"5_blimp_omc_aux",-0.1431,0.4329,0.6408,1,1,1.0783,1.0133
843,"6_blimp_rescue",-0.0781,0.3959,0.5571,1,1,1.1098,0.9819
844,"1_lmer_complete",0.0136160690757125,0.416937768287087,0.594821973814773,1,1,0.998593264745246,0.962317069703744
844,"2_blimp_complete",-0.002,0.4171,0.5831,1,1,1.028,0.9625
844,"3_lmer_naive",-0.490265929760353,0.567544127664124,0.419223013536474,0,0,0.765545208718492,0.730868591862801
844,"4_blimp_lmc_noaux",-0.489,0.5685,0.4009,0,0,0.783,0.7314
844,"5_blimp_omc_aux",-0.0487,0.4615,0.6091,0,1,1.0147,0.9682
844,"6_blimp_rescue",-0.0098,0.4328,0.5258,1,1,1.038,0.9435
845,"1_lmer_complete",0.0492597828449461,0.380080697929739,0.794766519364238,1,1,1.09065562449898,0.965564844216752
845,"2_blimp_complete",0.0331,0.3802,0.8101,1,1,1.1227,0.9658
845,"3_lmer_naive",-0.554150638420179,0.514892082934429,0.610764359459461,0,1,0.851386830982196,0.760714432731903
845,"4_blimp_lmc_noaux",-0.5652,0.5152,0.6151,0,1,0.8806,0.7612
845,"5_blimp_omc_aux",-0.0385,0.4311,0.8357,1,0,1.0676,1.014
845,"6_blimp_rescue",0.0672,0.3834,0.8194,1,1,1.1263,0.9805
846,"1_lmer_complete",-0.0394357774502664,0.381173056825551,0.61111506705459,1,1,0.900561293468656,0.991539296751205
846,"2_blimp_complete",-0.054,0.3813,0.6108,1,1,0.9254,0.9918
846,"3_lmer_naive",-0.596505800184516,0.532301049963821,0.449122253200811,0,0,0.766980842304762,0.770410082439683
846,"4_blimp_lmc_noaux",-0.609,0.5325,0.4424,0,0,0.7897,0.7709
846,"5_blimp_omc_aux",-0.0563,0.445,0.6547,0,1,0.9166,1.0485
846,"6_blimp_rescue",-0.0199,0.4024,0.6206,1,1,0.9399,1.0197
847,"1_lmer_complete",-0.0179997260754329,0.394732440194838,0.52702956529228,1,1,0.944869698100869,1.01576739595658
847,"2_blimp_complete",-0.0328,0.3948,0.5281,1,1,0.974,1.016
847,"3_lmer_naive",-0.600206058400177,0.540404404660535,0.390453246484563,0,0,0.765970500555559,0.741957542100192
847,"4_blimp_lmc_noaux",-0.6109,0.5405,0.3898,0,0,0.788,0.7427
847,"5_blimp_omc_aux",-0.0409,0.4183,0.5797,1,1,0.8916,1.0304
847,"6_blimp_rescue",-0.0013,0.3835,0.5513,1,1,0.9106,0.9985
848,"1_lmer_complete",-0.00147282035032666,0.418917506514512,0.600747197483034,1,1,1.38796671018028,0.998057079079407
848,"2_blimp_complete",-0.0187,0.419,0.5875,1,1,1.4342,0.9983
848,"3_lmer_naive",-0.538279680610411,0.568415021667504,0.458480124860739,0,1,1.20893638999629,0.799464720695733
848,"4_blimp_lmc_noaux",-0.5467,0.569,0.433,0,1,1.2451,0.7999
848,"5_blimp_omc_aux",-0.0142,0.4838,0.6987,0,1,1.4929,1.0712
848,"6_blimp_rescue",0.0459,0.4501,0.6603,0,1,1.5281,1.0494
849,"1_lmer_complete",0.0153582761506596,0.398473222999268,0.711889972457013,1,1,1.09019248949953,1.01601034147651
849,"2_blimp_complete",-0.0017,0.3986,0.7169,1,1,1.1273,1.0162
849,"3_lmer_naive",-0.530079032840325,0.533408833511011,0.502757615614979,0,1,0.857888193526464,0.814994491897548
849,"4_blimp_lmc_noaux",-0.5345,0.5337,0.4989,0,1,0.8838,0.8157
849,"5_blimp_omc_aux",-0.012,0.4328,0.7663,1,1,1.126,1.0996
849,"6_blimp_rescue",0.046,0.3906,0.7407,1,1,1.1787,1.0621
850,"1_lmer_complete",0.0489893510128355,0.393586506796901,0.643505424587744,1,1,0.9864228939641,0.984819087802177
850,"2_blimp_complete",0.0339,0.3937,0.6444,1,1,1.0136,0.985
850,"3_lmer_naive",-0.474278706185184,0.512485244678247,0.480405225182963,0,1,0.808156783110291,0.776387277585227
850,"4_blimp_lmc_noaux",-0.4876,0.5122,0.4896,0,1,0.8332,0.7768
850,"5_blimp_omc_aux",0.018,0.4085,0.7076,1,1,0.9667,1.043
850,"6_blimp_rescue",0.0844,0.374,0.6599,1,1,1.0039,1.0125
851,"1_lmer_complete",-0.0918689572478419,0.416876658870157,0.590494316901141,1,1,0.902431467659962,1.02993338011159
851,"2_blimp_complete",-0.1071,0.4169,0.5851,1,1,0.9286,1.0302
851,"3_lmer_naive",-0.620227489675521,0.526655208479503,0.432612789346107,0,0,0.751678499374418,0.773459546705151
851,"4_blimp_lmc_noaux",-0.6282,0.5269,0.4189,0,0,0.7745,0.7739
851,"5_blimp_omc_aux",-0.1361,0.4223,0.6484,1,1,0.9582,1.0289
851,"6_blimp_rescue",-0.0744,0.3897,0.5933,1,1,0.9973,1.003
852,"1_lmer_complete",-0.0917856937744714,0.428395509434938,0.702214842763825,0,1,0.840715612212799,0.993305112456849
852,"2_blimp_complete",-0.1061,0.4285,0.6986,0,1,0.8648,0.9935
852,"3_lmer_naive",-0.611963829456701,0.556742690342121,0.50049426986731,0,1,0.649135917467257,0.790525163594797
852,"4_blimp_lmc_noaux",-0.6175,0.5571,0.4993,0,1,0.6674,0.7912
852,"5_blimp_omc_aux",-0.136,0.4599,0.7303,0,1,0.8738,1.036
852,"6_blimp_rescue",-0.0924,0.4261,0.7131,1,1,0.9177,1.0069
853,"1_lmer_complete",-0.0217875873274923,0.417186669094065,0.431996853630453,1,1,0.86908737600455,0.970129727420879
853,"2_blimp_complete",-0.0359,0.4173,0.4296,1,1,0.8961,0.9704
853,"3_lmer_naive",-0.533867396827787,0.568510513465807,0.277443000232824,0,0,0.65496563309919,0.746189296999815
853,"4_blimp_lmc_noaux",-0.5368,0.5691,0.2548,0,0,0.668,0.7468
853,"5_blimp_omc_aux",0.0021,0.4739,0.4793,0,1,0.9405,0.9869
853,"6_blimp_rescue",-0.0111,0.4418,0.4218,0,1,0.9645,0.9615
854,"1_lmer_complete",-0.0539134304797312,0.408669393962464,0.657012623697974,1,1,1.3148059600926,0.996570878027716
854,"2_blimp_complete",-0.071,0.4087,0.657,1,1,1.3552,0.9967
854,"3_lmer_naive",-0.64382538095959,0.526247749263089,0.551200678588667,0,1,1.11777627502368,0.761086323644435
854,"4_blimp_lmc_noaux",-0.644,0.527,0.5456,0,1,1.1525,0.7617
854,"5_blimp_omc_aux",-0.0858,0.4399,0.7487,1,1,1.3803,1.0072
854,"6_blimp_rescue",-0.0474,0.4015,0.6823,1,1,1.4329,0.9799
855,"1_lmer_complete",-0.0403871378585057,0.403097845439385,0.614230545573686,1,1,0.882736255746514,1.01768197845648
855,"2_blimp_complete",-0.0525,0.4032,0.6106,1,1,0.9079,1.0179
855,"3_lmer_naive",-0.519125777082491,0.500215229236722,0.502333536279409,0,1,0.715290249033781,0.837605789256453
855,"4_blimp_lmc_noaux",-0.5295,0.5007,0.4877,0,1,0.7376,0.838
855,"5_blimp_omc_aux",-0.0647,0.4113,0.7016,1,1,0.8733,1.0584
855,"6_blimp_rescue",-0.0257,0.3839,0.6378,1,1,0.886,1.0352
856,"1_lmer_complete",-0.0725681031417863,0.420831326937032,0.575474216300366,1,1,1.24026066232248,1.00404763563437
856,"2_blimp_complete",-0.0879,0.4209,0.5745,1,1,1.2762,1.0043
856,"3_lmer_naive",-0.604915747498109,0.560525540580152,0.4163789243064,0,1,1.14036401945102,0.78094101604228
856,"4_blimp_lmc_noaux",-0.6187,0.5608,0.4023,0,1,1.1724,0.7814
856,"5_blimp_omc_aux",-0.0911,0.4743,0.656,0,1,1.3176,1.0397
856,"6_blimp_rescue",-0.0498,0.4384,0.5898,1,1,1.351,1.0106
857,"1_lmer_complete",0.0447445957888656,0.390549168155199,0.425475485190344,1,1,1.19114879852038,0.997242407917103
857,"2_blimp_complete",0.0286,0.3907,0.4176,1,1,1.2277,0.9974
857,"3_lmer_naive",-0.505447486492107,0.534859232531297,0.300709532296341,0,0,0.973738658434061,0.725195825086486
857,"4_blimp_lmc_noaux",-0.5139,0.5351,0.3035,0,0,1.0005,0.7259
857,"5_blimp_omc_aux",0.0477,0.4281,0.4402,1,1,1.1795,0.9955
857,"6_blimp_rescue",0.0424,0.3965,0.3972,1,1,1.2012,0.9758
858,"1_lmer_complete",0.0324672230236151,0.407506984769733,0.576835295178419,1,1,0.896567668888354,0.989962916246679
858,"2_blimp_complete",0.0187,0.4076,0.5659,1,1,0.9246,0.9902
858,"3_lmer_naive",-0.467592944057405,0.535162745248915,0.489917361219929,0,1,0.731716720439522,0.76959009003617
858,"4_blimp_lmc_noaux",-0.4777,0.5354,0.4747,0,1,0.7548,0.7701
858,"5_blimp_omc_aux",0.0144,0.437,0.6694,1,1,0.9072,1.0073
858,"6_blimp_rescue",0.0536,0.407,0.611,1,1,0.9249,0.9822
859,"1_lmer_complete",0.0390390600512599,0.402000650799436,0.692083227993326,1,1,0.976064062094181,0.941258077730713
859,"2_blimp_complete",0.0239,0.4021,0.6872,1,1,1.0054,0.9415
859,"3_lmer_naive",-0.528340255310746,0.541964778194235,0.531928905223898,0,1,0.778510982528181,0.709426174447206
859,"4_blimp_lmc_noaux",-0.5348,0.5422,0.5229,0,1,0.8037,0.7098
859,"5_blimp_omc_aux",-0.0358,0.4424,0.7103,0,1,0.9965,0.9468
859,"6_blimp_rescue",0.0157,0.4048,0.6926,1,1,1.0344,0.9149
860,"1_lmer_complete",-0.109707970812247,0.403754948569602,0.792573298056294,1,0,1.00876714319128,1.01004807866293
860,"2_blimp_complete",-0.1259,0.4038,0.7873,1,1,1.035,1.0103
860,"3_lmer_naive",-0.678398434226775,0.542744108897448,0.60731195300795,0,1,0.832403471713073,0.816905998560771
860,"4_blimp_lmc_noaux",-0.6873,0.5427,0.6234,0,1,0.8559,0.8176
860,"5_blimp_omc_aux",-0.1955,0.4494,0.834,0,0,1.0063,1.0801
860,"6_blimp_rescue",-0.0813,0.4113,0.8372,1,0,1.0581,1.0457
861,"1_lmer_complete",-0.044220644016566,0.40319955759783,0.498795759541732,1,1,1.01898799231102,0.993203561284275
861,"2_blimp_complete",-0.059,0.4033,0.4886,1,1,1.0514,0.9935
861,"3_lmer_naive",-0.544608661682808,0.513088182536712,0.356052797470745,0,0,0.797561978264425,0.797698236598909
861,"4_blimp_lmc_noaux",-0.5544,0.5139,0.3249,0,0,0.8164,0.7982
861,"5_blimp_omc_aux",-0.0473,0.4212,0.6008,1,1,1.0447,1.0351
861,"6_blimp_rescue",-0.0203,0.3884,0.5026,1,1,1.0614,1.0063
862,"1_lmer_complete",0.154660033894355,0.39914539005044,0.59623304948924,1,1,0.823789356457219,0.976315029662115
862,"2_blimp_complete",0.1414,0.3992,0.5822,1,1,0.8492,0.9765
862,"3_lmer_naive",-0.397759492540193,0.555269996853008,0.353148411500453,0,0,0.679008646785902,0.744922272673657
862,"4_blimp_lmc_noaux",-0.4025,0.5555,0.325,0,0,0.6993,0.7453
862,"5_blimp_omc_aux",0.1481,0.4455,0.6041,1,1,0.7846,1.0427
862,"6_blimp_rescue",0.161,0.4055,0.5486,1,1,0.8163,1.0087
863,"1_lmer_complete",-0.0930400722873231,0.397972435867078,0.369754244477632,1,0,1.01472742646128,1.04243356773427
863,"2_blimp_complete",-0.1079,0.3982,0.3581,1,0,1.0439,1.0426
863,"3_lmer_naive",-0.588490109228496,0.560773973746197,0.263315035506765,0,0,0.784652188382402,0.78064166855284
863,"4_blimp_lmc_noaux",-0.5986,0.5609,0.2386,0,0,0.806,0.7812
863,"5_blimp_omc_aux",-0.0519,0.4525,0.4488,0,1,1.0694,1.0814
863,"6_blimp_rescue",-0.0695,0.4231,0.3529,1,0,1.0588,1.06
864,"1_lmer_complete",0.0415196675406245,0.404316701239703,0.541013921111477,1,1,1.11090173714829,0.97831172548335
864,"2_blimp_complete",0.026,0.4045,0.5381,1,1,1.1446,0.9785
864,"3_lmer_naive",-0.490515547958744,0.544710841430015,0.403844701738244,0,0,1.00630316001269,0.739361313510456
864,"4_blimp_lmc_noaux",-0.5007,0.5448,0.392,0,0,1.0378,0.7398
864,"5_blimp_omc_aux",0.0183,0.4428,0.5954,0,1,1.1246,0.9921
864,"6_blimp_rescue",0.0319,0.4135,0.5208,1,1,1.1447,0.9666
865,"1_lmer_complete",0.0675114941758298,0.361748044661681,0.680646098244143,0,1,1.15747243635075,1.02273072757817
865,"2_blimp_complete",0.0524,0.3618,0.6819,0,1,1.1901,1.023
865,"3_lmer_naive",-0.501889600858745,0.485953826136945,0.487792856051773,0,1,0.904899621067956,0.83397843246418
865,"4_blimp_lmc_noaux",-0.514,0.4866,0.4803,0,1,0.9331,0.8344
865,"5_blimp_omc_aux",0.0166,0.3871,0.7677,1,1,1.0843,1.0931
865,"6_blimp_rescue",0.1164,0.345,0.7334,0,1,1.1243,1.0513
866,"1_lmer_complete",-0.0718441220507728,0.390401525881324,0.46513556363561,1,1,0.868588615156739,1.00349713993014
866,"2_blimp_complete",-0.0857,0.3906,0.4515,1,1,0.8952,1.0037
866,"3_lmer_naive",-0.526199490126158,0.52841226535988,0.330488012464074,0,0,0.789741832555158,0.789447219144982
866,"4_blimp_lmc_noaux",-0.5362,0.5285,0.3111,0,0,0.812,0.7899
866,"5_blimp_omc_aux",-0.0745,0.4363,0.5313,1,1,0.9496,1.0296
866,"6_blimp_rescue",-0.0567,0.4097,0.4726,1,1,0.9524,1.0082
867,"1_lmer_complete",-0.0353329215833614,0.388455557852269,0.671151762199487,1,1,1.03295224252481,0.986734650179206
867,"2_blimp_complete",-0.0523,0.3885,0.6764,1,1,1.0622,0.987
867,"3_lmer_naive",-0.612492648388345,0.548955887201907,0.516546543020775,0,1,0.793868454504622,0.735585695250038
867,"4_blimp_lmc_noaux",-0.6215,0.5495,0.5185,0,1,0.818,0.7362
867,"5_blimp_omc_aux",-0.1217,0.4459,0.7578,0,1,1.0186,0.9895
867,"6_blimp_rescue",-0.0512,0.4122,0.7585,1,1,1.0678,0.9647
868,"1_lmer_complete",-0.0372616594714158,0.38756196621285,0.556949225575941,1,1,0.935122932673254,1.00309564103149
868,"2_blimp_complete",-0.0517,0.3877,0.5428,1,1,0.9636,1.0034
868,"3_lmer_naive",-0.573592810607467,0.526529827801464,0.407938519986029,0,0,0.79185833896631,0.757601630299609
868,"4_blimp_lmc_noaux",-0.5787,0.5267,0.3863,0,0,0.8166,0.758
868,"5_blimp_omc_aux",-0.0846,0.4086,0.6391,1,1,0.9587,1.0297
868,"6_blimp_rescue",-0.0303,0.3738,0.5552,1,1,0.9772,0.9995
869,"1_lmer_complete",-0.0245419279313104,0.43837805966324,0.525752331957977,0,1,0.822756384486529,1.00471273350373
869,"2_blimp_complete",-0.0379,0.4385,0.5148,0,1,0.8495,1.005
869,"3_lmer_naive",-0.526714944260784,0.561900090027935,0.391422281462558,0,0,0.684555179805642,0.743426355736598
869,"4_blimp_lmc_noaux",-0.5315,0.5622,0.3624,0,0,0.7058,0.7439
869,"5_blimp_omc_aux",-0.039,0.4721,0.628,0,1,0.8671,1.0032
869,"6_blimp_rescue",-0.0195,0.4377,0.5367,1,1,0.883,0.9776
870,"1_lmer_complete",-0.0122611075037943,0.386746045763079,0.551543404918915,1,1,0.832101712672188,0.971591731090801
870,"2_blimp_complete",-0.0261,0.3868,0.5488,1,1,0.8549,0.9718
870,"3_lmer_naive",-0.505111043553964,0.512617376174126,0.407599841038905,0,0,0.66084205269823,0.753172536022405
870,"4_blimp_lmc_noaux",-0.5105,0.5127,0.408,0,0,0.6804,0.7538
870,"5_blimp_omc_aux",-0.0365,0.4097,0.6379,1,1,0.8591,0.9919
870,"6_blimp_rescue",0.0116,0.3774,0.5796,1,1,0.8899,0.9666
871,"1_lmer_complete",-0.00953667992610465,0.410465916765007,0.482427738579255,1,1,1.00389406727462,0.968866454470269
871,"2_blimp_complete",-0.0246,0.4105,0.4673,1,1,1.0335,0.9691
871,"3_lmer_naive",-0.524306860834771,0.553760401931869,0.450622667444411,0,1,0.831329011814461,0.784670477006773
871,"4_blimp_lmc_noaux",-0.5285,0.5542,0.4269,0,1,0.8544,0.7852
871,"5_blimp_omc_aux",-0.0414,0.4665,0.6382,0,1,1.0648,1.0356
871,"6_blimp_rescue",0.0099,0.4344,0.5194,1,1,1.0644,1.0122
872,"1_lmer_complete",0.120275184417713,0.420981787352647,0.521452452790903,1,1,1.00118281567534,1.00697528123879
872,"2_blimp_complete",0.1053,0.4211,0.5138,1,1,1.032,1.0072
872,"3_lmer_naive",-0.406928606189076,0.569774374051058,0.426472019972173,0,0,0.768334004009933,0.781854490935713
872,"4_blimp_lmc_noaux",-0.4156,0.5703,0.404,0,0,0.7899,0.7823
872,"5_blimp_omc_aux",0.0892,0.4795,0.6017,0,1,1.0432,1.0326
872,"6_blimp_rescue",0.1194,0.4496,0.5241,0,1,1.0394,1.0104
873,"1_lmer_complete",0.103860624054123,0.37711980730963,0.509988639436833,1,1,0.978957580097659,0.959662598596402
873,"2_blimp_complete",0.0851,0.3773,0.5222,1,1,1.0084,0.9599
873,"3_lmer_naive",-0.384505575739832,0.510674182684736,0.368730225226261,0,0,0.804269070783571,0.72215612396042
873,"4_blimp_lmc_noaux",-0.4016,0.5108,0.3704,0,0,0.8314,0.7225
873,"5_blimp_omc_aux",0.0519,0.4161,0.5879,1,1,0.9732,0.9468
873,"6_blimp_rescue",0.0905,0.3786,0.4914,1,1,0.9938,0.9123
874,"1_lmer_complete",-0.0101292637556626,0.400474773200514,0.635293813606209,1,1,0.973283678896463,0.993335246080736
874,"2_blimp_complete",-0.0247,0.4006,0.6365,1,1,1.0006,0.9935
874,"3_lmer_naive",-0.622965512088345,0.540547113544215,0.464483240635285,0,1,0.75433718973433,0.768729033708751
874,"4_blimp_lmc_noaux",-0.6264,0.5408,0.4619,0,1,0.7778,0.7695
874,"5_blimp_omc_aux",-0.0569,0.4386,0.6671,1,1,0.9782,1.0344
874,"6_blimp_rescue",-0.0275,0.3989,0.5873,1,1,0.9942,0.9995
875,"1_lmer_complete",0.253590168935011,0.428515925030623,0.489784505838304,1,1,1.06954466605114,1.02063143647462
875,"2_blimp_complete",0.2363,0.4286,0.4836,0,1,1.1041,1.0208
875,"3_lmer_naive",-0.306720939531106,0.578843434278713,0.343016893314572,0,0,0.744786027813014,0.787334844509268
875,"4_blimp_lmc_noaux",-0.3107,0.5792,0.3284,0,0,0.761,0.7882
875,"5_blimp_omc_aux",0.2628,0.4814,0.5991,0,1,1.1625,1.0954
875,"6_blimp_rescue",0.2902,0.4275,0.4762,1,1,1.1749,1.0533
876,"1_lmer_complete",-0.0778875620461835,0.403912530986639,0.447828230440201,1,1,1.17395913439661,0.976109812733474
876,"2_blimp_complete",-0.0937,0.404,0.4454,1,1,1.2124,0.9764
876,"3_lmer_naive",-0.56739202943303,0.509972521158124,0.259740729842499,0,0,1.02744905125301,0.768486243677002
876,"4_blimp_lmc_noaux",-0.583,0.5099,0.2509,0,0,1.0623,0.769
876,"5_blimp_omc_aux",-0.0964,0.4236,0.4795,1,1,1.2057,0.999
876,"6_blimp_rescue",-0.0958,0.3896,0.3999,1,1,1.2106,0.9747
877,"1_lmer_complete",0.048747282179495,0.402895270408774,0.546573862635994,1,1,0.97327684780048,0.996002079442507
877,"2_blimp_complete",0.0336,0.403,0.5365,1,1,1.0049,0.9963
877,"3_lmer_naive",-0.460208066668258,0.52580673488224,0.387594684203751,0,0,0.794222731496125,0.769139637227015
877,"4_blimp_lmc_noaux",-0.4643,0.5267,0.3774,0,0,0.8149,0.7697
877,"5_blimp_omc_aux",0.0264,0.4171,0.6306,1,1,0.9879,1.0495
877,"6_blimp_rescue",0.0842,0.3851,0.6107,1,1,1.0332,1.02
878,"1_lmer_complete",-0.0586290513367399,0.403733620549766,0.591455772967581,1,1,1.0491837953111,0.981379090796844
878,"2_blimp_complete",-0.0739,0.4038,0.5765,1,1,1.0822,0.9816
878,"3_lmer_naive",-0.575926672282128,0.537859556928664,0.425345596132776,0,0,0.827960177423021,0.754795838078029
878,"4_blimp_lmc_noaux",-0.5793,0.5386,0.4014,0,0,0.8505,0.7552
878,"5_blimp_omc_aux",-0.083,0.448,0.6697,0,1,1.0474,1.0111
878,"6_blimp_rescue",-0.0942,0.407,0.5934,1,1,1.0617,0.9799
879,"1_lmer_complete",0.0179272377450191,0.410124358318817,0.654175041564835,1,1,1.33045666922276,0.991258651055114
879,"2_blimp_complete",3e-04,0.4102,0.6553,1,1,1.3682,0.9915
879,"3_lmer_naive",-0.55983680984261,0.529138598274178,0.517604705343701,0,1,0.997105085717596,0.781792030776124
879,"4_blimp_lmc_noaux",-0.5704,0.5295,0.507,0,1,1.028,0.7822
879,"5_blimp_omc_aux",-0.0438,0.4468,0.7459,0,1,1.2713,1.0237
879,"6_blimp_rescue",0.0291,0.4104,0.6761,1,1,1.3161,0.9939
880,"1_lmer_complete",0.143378436379484,0.407643284921798,0.769284293310513,1,1,1.12828448144238,0.990658478622693
880,"2_blimp_complete",0.1275,0.4077,0.7652,1,1,1.1603,0.9908
880,"3_lmer_naive",-0.435472189793257,0.532243278096851,0.596920635500706,0,1,0.889703621382142,0.764650845304973
880,"4_blimp_lmc_noaux",-0.4414,0.5331,0.5724,0,1,0.9183,0.7651
880,"5_blimp_omc_aux",0.0639,0.4424,0.8435,0,0,1.1029,0.9954
880,"6_blimp_rescue",0.1279,0.409,0.7913,1,1,1.1633,0.9679
881,"1_lmer_complete",0.0315851941739597,0.394730898602044,0.612185079584261,1,1,0.818701883735867,1.01617459990765
881,"2_blimp_complete",0.0184,0.3947,0.6103,1,1,0.8415,1.0164
881,"3_lmer_naive",-0.538412336483012,0.547053842123851,0.42324581803924,0,0,0.610675424792778,0.741537292057008
881,"4_blimp_lmc_noaux",-0.5458,0.5475,0.4059,0,0,0.6277,0.742
881,"5_blimp_omc_aux",-0.0244,0.443,0.617,0,1,0.7844,1.0048
881,"6_blimp_rescue",-0.0046,0.4078,0.5524,1,1,0.7944,0.9746
882,"1_lmer_complete",0.164882607912222,0.415600239958404,0.644556597650999,1,1,0.871193743034168,1.01322157293261
882,"2_blimp_complete",0.1526,0.4157,0.6382,1,1,0.8966,1.0135
882,"3_lmer_naive",-0.394261028562445,0.556016152901443,0.509726991640707,0,1,0.736263931908246,0.773255835718854
882,"4_blimp_lmc_noaux",-0.4028,0.5565,0.4956,0,1,0.7582,0.7737
882,"5_blimp_omc_aux",0.1364,0.4611,0.7258,0,1,0.8976,1.0264
882,"6_blimp_rescue",0.1743,0.4238,0.6691,1,1,0.9164,0.9963
883,"1_lmer_complete",0.0208224158705736,0.403044837293422,0.616199005071384,1,1,0.918462401614761,1.00705934135339
883,"2_blimp_complete",0.0063,0.4031,0.6171,1,1,0.9471,1.0072
883,"3_lmer_naive",-0.512614957045154,0.554899992515407,0.46949978077411,0,1,0.797486753115527,0.746636133486413
883,"4_blimp_lmc_noaux",-0.5229,0.5552,0.4601,0,1,0.8229,0.747
883,"5_blimp_omc_aux",-0.0227,0.4498,0.6471,0,1,0.9728,1.0101
883,"6_blimp_rescue",0.019,0.4234,0.6032,1,1,0.9909,0.9895
884,"1_lmer_complete",-0.0563967298546935,0.407549703328507,0.554037188884529,1,1,1.20416149580183,1.01012921584288
884,"2_blimp_complete",-0.0715,0.4077,0.5404,1,1,1.2398,1.0104
884,"3_lmer_naive",-0.571192500226835,0.537775342294794,0.428515585936946,0,1,1.02233057979208,0.794693712083106
884,"4_blimp_lmc_noaux",-0.5634,0.5379,0.4154,0,1,1.0522,0.7956
884,"5_blimp_omc_aux",-0.0455,0.453,0.6528,0,1,1.2544,1.0349
884,"6_blimp_rescue",-0.0392,0.4184,0.5974,1,1,1.3022,1.0064
885,"1_lmer_complete",-0.149553273833728,0.412196882859189,0.63055471535157,1,1,1.08655897775468,0.974240249298622
885,"2_blimp_complete",-0.165,0.4123,0.615,1,1,1.1199,0.9744
885,"3_lmer_naive",-0.655193055426991,0.522343302109059,0.497587129315011,0,1,0.78272753228433,0.783466285416565
885,"4_blimp_lmc_noaux",-0.6657,0.5226,0.4836,0,1,0.8076,0.7839
885,"5_blimp_omc_aux",-0.166,0.4299,0.6854,1,1,1.0857,1.0236
885,"6_blimp_rescue",-0.1495,0.3964,0.6187,1,1,1.099,0.9968
886,"1_lmer_complete",-0.146077023329831,0.418828716383657,0.603672238407551,1,1,1.29221774050287,0.99356081654478
886,"2_blimp_complete",-0.1627,0.4189,0.5902,1,1,1.3281,0.9938
886,"3_lmer_naive",-0.646883846482601,0.535613502416253,0.489961016605443,0,1,0.956313445884495,0.770554969098922
886,"4_blimp_lmc_noaux",-0.6568,0.5362,0.4663,0,1,0.9828,0.7709
886,"5_blimp_omc_aux",-0.196,0.4406,0.6718,0,1,1.273,1.0075
886,"6_blimp_rescue",-0.1629,0.4119,0.5738,1,1,1.2989,0.9841
887,"1_lmer_complete",0.016301555034713,0.395299356974902,0.654916545831719,1,1,0.859273188900872,0.989016721728205
887,"2_blimp_complete",0.0045,0.3954,0.6593,1,1,0.8844,0.9893
887,"3_lmer_naive",-0.499888127614162,0.503307517204279,0.509204396022315,0,1,0.67702236424526,0.796007360780892
887,"4_blimp_lmc_noaux",-0.5108,0.5034,0.5098,0,1,0.6969,0.7963
887,"5_blimp_omc_aux",-0.021,0.4081,0.6978,1,1,0.8462,1.0223
887,"6_blimp_rescue",0.0344,0.3736,0.6678,1,1,0.8721,0.9882
888,"1_lmer_complete",-0.0633579825163074,0.386603580484442,0.595086790059372,1,1,0.746173714415334,1.05292612626547
888,"2_blimp_complete",-0.0758,0.3866,0.5882,1,1,0.7673,1.0531
888,"3_lmer_naive",-0.589634352023966,0.538708726276368,0.419444509440996,0,0,0.590197372577708,0.818765041904619
888,"4_blimp_lmc_noaux",-0.597,0.5387,0.4096,0,0,0.6065,0.8193
888,"5_blimp_omc_aux",-0.1001,0.4384,0.6509,1,1,0.7431,1.1106
888,"6_blimp_rescue",-0.0372,0.3945,0.5874,1,1,0.7502,1.0721
889,"1_lmer_complete",-0.0245090517056987,0.398526798704572,0.547621554893976,1,1,1.17360501337515,0.99239573168816
889,"2_blimp_complete",-0.0404,0.3986,0.5383,1,1,1.2063,0.9926
889,"3_lmer_naive",-0.542893194296951,0.510913498322583,0.390268558760822,0,0,0.915223040350379,0.752135580939381
889,"4_blimp_lmc_noaux",-0.5459,0.5112,0.3859,0,0,0.9391,0.7528
889,"5_blimp_omc_aux",-0.062,0.4083,0.586,1,1,1.2036,0.9877
889,"6_blimp_rescue",-0.0375,0.377,0.5444,1,1,1.2416,0.9635
890,"1_lmer_complete",-0.111895770797173,0.414592490761055,0.77290219312194,1,1,1.10712660373244,1.01998411476415
890,"2_blimp_complete",-0.1237,0.4147,0.7837,1,1,1.1377,1.0202
890,"3_lmer_naive",-0.685773156135047,0.551440759289614,0.555922857255405,0,1,0.898460401845568,0.800641966956918
890,"4_blimp_lmc_noaux",-0.6798,0.5517,0.5583,0,1,0.924,0.8014
890,"5_blimp_omc_aux",-0.1568,0.4502,0.7875,0,1,1.1543,1.0454
890,"6_blimp_rescue",-0.0777,0.4225,0.7793,1,1,1.242,1.0201
891,"1_lmer_complete",0.180349430477602,0.405621717644914,0.592632571875187,1,1,0.942739660605103,0.982639964802313
891,"2_blimp_complete",0.1663,0.4058,0.5813,1,1,0.9713,0.9829
891,"3_lmer_naive",-0.336501842698515,0.554753524918789,0.407164659260233,0,0,0.80048537105461,0.725813114892104
891,"4_blimp_lmc_noaux",-0.3424,0.5551,0.3875,0,0,0.8249,0.7263
891,"5_blimp_omc_aux",0.1191,0.455,0.6377,0,1,0.9381,0.9803
891,"6_blimp_rescue",0.1759,0.4192,0.5915,1,1,0.9603,0.9541
892,"1_lmer_complete",0.0506608958771176,0.398570631815999,0.677556898808996,1,1,0.99589349395845,1.01262508732913
892,"2_blimp_complete",0.0342,0.3986,0.6779,1,1,1.0242,1.0129
892,"3_lmer_naive",-0.53597775271727,0.532788529815547,0.462687069669271,0,1,0.908703983301627,0.788113296101372
892,"4_blimp_lmc_noaux",-0.5494,0.5328,0.4624,0,1,0.9379,0.7888
892,"5_blimp_omc_aux",0.017,0.4403,0.748,1,1,1.0377,1.0944
892,"6_blimp_rescue",0.0996,0.3903,0.6797,1,1,1.0527,1.0525
893,"1_lmer_complete",-0.0123832197462611,0.400803432322934,0.617295132271386,1,1,1.13348813209216,1.01244342962182
893,"2_blimp_complete",-0.0279,0.4009,0.608,1,1,1.168,1.0127
893,"3_lmer_naive",-0.554031451393239,0.531512098714136,0.424600431790438,0,0,0.908058365855185,0.798369046951351
893,"4_blimp_lmc_noaux",-0.5567,0.532,0.4095,0,0,0.9333,0.799
893,"5_blimp_omc_aux",-0.0362,0.4395,0.6269,1,1,1.1463,1.0621
893,"6_blimp_rescue",-0.0202,0.4011,0.5743,1,1,1.1771,1.0315
894,"1_lmer_complete",0.0811237905743825,0.395554472493638,0.536419550594316,1,1,0.9017932152497,0.975356943582046
894,"2_blimp_complete",0.0665,0.3956,0.5294,1,1,0.9284,0.9756
894,"3_lmer_naive",-0.430946061629613,0.540933270651912,0.397569090344782,0,0,0.72807638836806,0.768813054031712
894,"4_blimp_lmc_noaux",-0.4423,0.5417,0.3755,0,0,0.7467,0.7693
894,"5_blimp_omc_aux",0.0693,0.4474,0.614,0,1,0.9219,1.0096
894,"6_blimp_rescue",0.0768,0.4113,0.5408,1,1,0.9273,0.9767
895,"1_lmer_complete",0.0222082886720742,0.401442976690244,0.658101438911511,1,1,1.27013642137589,0.99223629648452
895,"2_blimp_complete",0.0074,0.4016,0.6651,1,1,1.3103,0.9925
895,"3_lmer_naive",-0.523398841797285,0.536512069177749,0.528333671746659,0,1,0.970108385312012,0.773114274508508
895,"4_blimp_lmc_noaux",-0.5348,0.5374,0.508,0,1,1.0001,0.7736
895,"5_blimp_omc_aux",-0.0275,0.4333,0.755,1,1,1.2558,1.0394
895,"6_blimp_rescue",0.0436,0.3935,0.6543,1,1,1.2846,1.0075
896,"1_lmer_complete",-0.0554919604338449,0.418900503832778,0.585445488119931,1,1,1.08919637725501,0.968500554465263
896,"2_blimp_complete",-0.0708,0.4191,0.5663,1,1,1.1189,0.9687
896,"3_lmer_naive",-0.581122148834526,0.563941936001612,0.507448278519874,0,1,0.876370681227192,0.782022791042762
896,"4_blimp_lmc_noaux",-0.5898,0.5644,0.4913,0,1,0.9011,0.7825
896,"5_blimp_omc_aux",-0.089,0.4719,0.6923,0,1,1.1477,1.0252
896,"6_blimp_rescue",-0.0737,0.4454,0.6122,0,1,1.1666,1.0071
897,"1_lmer_complete",0.0269748894074658,0.402376332173616,0.541197484993088,1,1,1.16983253185193,1.01768404099092
897,"2_blimp_complete",0.0113,0.4025,0.5387,1,1,1.2046,1.0179
897,"3_lmer_naive",-0.514872352354968,0.545142127731833,0.368779914450895,0,0,1.02384262305645,0.737015182618394
897,"4_blimp_lmc_noaux",-0.5308,0.5454,0.3508,0,0,1.0541,0.7375
897,"5_blimp_omc_aux",-0.0069,0.4401,0.5812,1,1,1.2082,1.0094
897,"6_blimp_rescue",0.0355,0.4079,0.5477,1,1,1.2323,0.9871
898,"1_lmer_complete",-0.0498873961971582,0.395923924946172,0.631388243785022,1,1,1.25101616780058,0.988640184524338
898,"2_blimp_complete",-0.0663,0.396,0.6388,1,1,1.2863,0.9889
898,"3_lmer_naive",-0.535917405975661,0.54197112454787,0.513078746464858,0,1,1.0047815592549,0.795023918709079
898,"4_blimp_lmc_noaux",-0.5479,0.5422,0.5123,0,1,1.0351,0.7955
898,"5_blimp_omc_aux",-0.0729,0.4451,0.7158,0,1,1.2762,1.0467
898,"6_blimp_rescue",-0.0373,0.4138,0.655,1,1,1.3036,1.021
899,"1_lmer_complete",-0.0196178911736979,0.406521508720707,0.717266993185918,1,1,0.930089725654877,0.981519124181615
899,"2_blimp_complete",-0.0334,0.4067,0.7211,1,1,0.9556,0.9817
899,"3_lmer_naive",-0.571214187371057,0.525167831441655,0.532404702890554,0,1,0.704955941480492,0.785032282047739
899,"4_blimp_lmc_noaux",-0.5747,0.5256,0.5311,0,1,0.7275,0.7856
899,"5_blimp_omc_aux",-0.0653,0.4351,0.7625,1,0,0.9314,1.0121
899,"6_blimp_rescue",-0.022,0.4014,0.7295,1,1,0.9666,0.9815
900,"1_lmer_complete",-0.00320634978611395,0.398727720322629,0.756225743242264,1,1,1.24223340781412,0.99622588776469
900,"2_blimp_complete",-0.0201,0.3989,0.7603,1,1,1.2757,0.9964
900,"3_lmer_naive",-0.619592869754277,0.52883068709929,0.545228079749009,0,1,0.936182426176192,0.784146615270491
900,"4_blimp_lmc_noaux",-0.6228,0.5295,0.5405,0,1,0.9621,0.7851
900,"5_blimp_omc_aux",-0.0712,0.4336,0.8481,1,0,1.2029,1.0496
900,"6_blimp_rescue",0.0561,0.3924,0.8557,1,0,1.2713,1.0165
901,"1_lmer_complete",-0.013588611301517,0.388421237952416,0.694111588682176,1,1,1.17427890992567,0.99871712619545
901,"2_blimp_complete",-0.0296,0.3884,0.6849,1,1,1.2086,0.9989
901,"3_lmer_naive",-0.561565708878314,0.505724720382122,0.489174892415962,0,1,0.9329187113088,0.78185137854417
901,"4_blimp_lmc_noaux",-0.5668,0.5066,0.4773,0,1,0.96,0.7824
901,"5_blimp_omc_aux",-0.0964,0.4065,0.7356,1,1,1.1624,1.0056
901,"6_blimp_rescue",-0.0304,0.3752,0.6339,1,1,1.2176,0.9696
902,"1_lmer_complete",0.136781045011602,0.412446064721848,0.514432603290744,1,1,0.965894959335499,1.0444512930449
902,"2_blimp_complete",0.1228,0.4126,0.5089,1,1,0.9941,1.0446
902,"3_lmer_naive",-0.372222071899917,0.559625037784868,0.300840860252206,0,0,0.857631745128883,0.798855493105299
902,"4_blimp_lmc_noaux",-0.3809,0.56,0.2764,0,0,0.8787,0.7994
902,"5_blimp_omc_aux",0.1513,0.4654,0.6229,0,1,0.9734,1.1016
902,"6_blimp_rescue",0.1751,0.4245,0.5468,1,1,1.0015,1.0684
903,"1_lmer_complete",-0.0987056387659032,0.403127313920711,0.430575775162981,1,1,0.961219152614366,0.987203971671242
903,"2_blimp_complete",-0.1127,0.4033,0.4148,1,1,0.9886,0.9875
903,"3_lmer_naive",-0.602315510701558,0.528601886753499,0.244539891934906,0,0,0.703999359545857,0.764822170384568
903,"4_blimp_lmc_noaux",-0.6072,0.5285,0.2218,0,0,0.7224,0.7654
903,"5_blimp_omc_aux",-0.1264,0.4322,0.4767,1,1,0.9128,1.0026
903,"6_blimp_rescue",-0.1332,0.3989,0.3728,1,1,0.9007,0.9769
904,"1_lmer_complete",-0.12154904411099,0.376071356892784,0.583430081859899,1,1,0.924385369916315,0.970590105075107
904,"2_blimp_complete",-0.1358,0.3762,0.576,1,1,0.953,0.9708
904,"3_lmer_naive",-0.670858825398635,0.498915429203843,0.40278018234573,0,0,0.695438093592831,0.761655019211611
904,"4_blimp_lmc_noaux",-0.6775,0.499,0.3913,0,0,0.7165,0.7621
904,"5_blimp_omc_aux",-0.2075,0.4,0.6369,1,1,0.9285,0.9989
904,"6_blimp_rescue",-0.1584,0.3565,0.5436,0,1,0.955,0.9624
905,"1_lmer_complete",0.164767512996604,0.408336547231963,0.606147417848088,1,1,1.00723233127529,0.993129052566426
905,"2_blimp_complete",0.1496,0.4084,0.6077,1,1,1.0365,0.9933
905,"3_lmer_naive",-0.382211079215905,0.555716855385584,0.390886834782898,0,0,0.84539367192921,0.770860731658534
905,"4_blimp_lmc_noaux",-0.3867,0.5561,0.3844,0,0,0.8688,0.7716
905,"5_blimp_omc_aux",0.1518,0.4653,0.6359,0,1,1.0537,1.0488
905,"6_blimp_rescue",0.1728,0.4274,0.5998,1,1,1.0769,1.0246
906,"1_lmer_complete",-0.0893613191930396,0.397484595051107,0.677587030686092,1,1,0.842276957189938,1.02926216168696
906,"2_blimp_complete",-0.1042,0.3976,0.6743,1,1,0.8668,1.0295
906,"3_lmer_naive",-0.626637796963006,0.561250015702183,0.514657110398796,0,1,0.68923420481336,0.797290513087581
906,"4_blimp_lmc_noaux",-0.6363,0.5612,0.5098,0,1,0.7128,0.7977
906,"5_blimp_omc_aux",-0.1477,0.4461,0.7421,0,1,0.8069,1.1071
906,"6_blimp_rescue",-0.0666,0.406,0.72,1,1,0.8342,1.0762
907,"1_lmer_complete",0.134838666699095,0.412486401555519,0.718464744265833,1,1,1.16261093645211,0.99476674407761
907,"2_blimp_complete",0.1186,0.4125,0.7085,1,1,1.1976,0.995
907,"3_lmer_naive",-0.472728210856227,0.537371598539419,0.591776950206878,0,1,0.94889280845774,0.762481155510229
907,"4_blimp_lmc_noaux",-0.4747,0.5375,0.5806,0,1,0.9783,0.763
907,"5_blimp_omc_aux",0.0681,0.457,0.8439,0,1,1.1571,1.0155
907,"6_blimp_rescue",0.1432,0.4151,0.7786,1,1,1.2087,0.9817
908,"1_lmer_complete",0.140455922884398,0.411182563384331,0.641151908010158,1,1,0.809010897146197,1.02534210782103
908,"2_blimp_complete",0.1274,0.4113,0.6301,1,1,0.8329,1.0256
908,"3_lmer_naive",-0.436695837571401,0.551923625830681,0.454419635866373,0,0,0.587760642041486,0.787272711532588
908,"4_blimp_lmc_noaux",-0.4426,0.5523,0.4581,0,1,0.6053,0.788
908,"5_blimp_omc_aux",0.115,0.4633,0.7113,0,1,0.8072,1.0607
908,"6_blimp_rescue",0.1466,0.4127,0.6419,1,1,0.8144,1.0184
909,"1_lmer_complete",-0.028800742996716,0.393715347924098,0.541648631699849,1,1,0.816863371589091,1.00249564545107
909,"2_blimp_complete",-0.0431,0.3938,0.5372,1,1,0.842,1.0027
909,"3_lmer_naive",-0.480950312364837,0.528929119070454,0.351441105309347,0,0,0.677023949652612,0.773090959906206
909,"4_blimp_lmc_noaux",-0.4925,0.5282,0.3582,0,0,0.7013,0.7739
909,"5_blimp_omc_aux",-0.0334,0.4331,0.586,1,1,0.8176,1.0158
909,"6_blimp_rescue",-0.0155,0.3968,0.549,1,1,0.8138,0.9837
910,"1_lmer_complete",0.0746029785546977,0.411200282834186,0.62300782584474,1,1,0.854814865180226,0.987946624254303
910,"2_blimp_complete",0.0597,0.4113,0.6218,1,1,0.8811,0.9882
910,"3_lmer_naive",-0.453493930491412,0.554544734281854,0.451127568971891,0,0,0.716661804373381,0.763474876274669
910,"4_blimp_lmc_noaux",-0.4569,0.5546,0.448,0,1,0.7392,0.7642
910,"5_blimp_omc_aux",0.0679,0.4631,0.6633,0,1,0.881,1.0412
910,"6_blimp_rescue",0.0775,0.4208,0.6245,1,1,0.9009,1.0098
911,"1_lmer_complete",-0.0508562039004476,0.394484644894211,0.699825355264411,1,1,1.02540518005969,1.01380928718194
911,"2_blimp_complete",-0.0645,0.3946,0.7083,1,1,1.0538,1.014
911,"3_lmer_naive",-0.605148283098482,0.525904686638723,0.498250270754699,0,1,0.831727799174301,0.800570919750406
911,"4_blimp_lmc_noaux",-0.6139,0.5263,0.4929,0,1,0.8567,0.801
911,"5_blimp_omc_aux",-0.1074,0.4355,0.713,1,1,1.0141,1.0553
911,"6_blimp_rescue",-0.0412,0.4055,0.6502,1,1,1.0446,1.0324
912,"1_lmer_complete",0.168287985696368,0.406912709379424,0.653805070615227,1,1,1.00497437928997,1.00003022096657
912,"2_blimp_complete",0.1529,0.407,0.6358,1,1,1.0352,1.0002
912,"3_lmer_naive",-0.387160035168982,0.536978686279538,0.474452068383829,0,1,0.891832885070311,0.793708525328886
912,"4_blimp_lmc_noaux",-0.3926,0.5375,0.4688,0,1,0.9168,0.7944
912,"5_blimp_omc_aux",0.1406,0.449,0.6991,0,1,1.0637,1.0646
912,"6_blimp_rescue",0.2125,0.4072,0.6847,1,1,1.1081,1.0334
913,"1_lmer_complete",0.0214189321573319,0.407911143071706,0.509758831692172,1,1,0.916078513784902,0.987078357420678
913,"2_blimp_complete",0.0074,0.408,0.5083,1,1,0.9436,0.9873
913,"3_lmer_naive",-0.473622841553783,0.548028110248346,0.367590260213022,0,0,0.780503794950664,0.753467558739667
913,"4_blimp_lmc_noaux",-0.482,0.5483,0.3659,0,0,0.8017,0.7541
913,"5_blimp_omc_aux",0.0087,0.4472,0.5819,0,1,0.9657,1.0071
913,"6_blimp_rescue",0.0378,0.4101,0.5415,1,1,0.9869,0.9768
914,"1_lmer_complete",0.238773329025482,0.418736142283243,0.441245217718029,1,1,1.18569388588272,0.981608308683235
914,"2_blimp_complete",0.2211,0.4189,0.4348,1,1,1.2262,0.9818
914,"3_lmer_naive",-0.270474066446609,0.560727923579285,0.310652853214042,0,0,0.874924818085994,0.739427934935544
914,"4_blimp_lmc_noaux",-0.2716,0.5612,0.2811,0,0,0.8933,0.7399
914,"5_blimp_omc_aux",0.2322,0.4492,0.5604,0,1,1.1913,1.01
914,"6_blimp_rescue",0.2603,0.4128,0.4647,1,1,1.2322,0.9838
915,"1_lmer_complete",-0.0237396390879481,0.39869753482607,0.663637328469047,1,1,1.01455532978917,0.980898766637223
915,"2_blimp_complete",-0.039,0.3988,0.6699,1,1,1.042,0.9812
915,"3_lmer_naive",-0.573342054804702,0.538317369047106,0.494133325763685,0,1,0.887082401895655,0.778382292547283
915,"4_blimp_lmc_noaux",-0.5844,0.5388,0.4858,0,1,0.9138,0.7789
915,"5_blimp_omc_aux",-0.0584,0.4673,0.7259,0,1,1.1036,1.0277
915,"6_blimp_rescue",0.0046,0.4256,0.6959,1,1,1.1357,1.0007
916,"1_lmer_complete",-0.0320160639150732,0.41528906095796,0.658209151164598,1,1,0.915473280496007,1.01532852656656
916,"2_blimp_complete",-0.0451,0.4154,0.6433,1,1,0.9409,1.0156
916,"3_lmer_naive",-0.591755708173111,0.556894897456558,0.499107081765404,0,1,0.717561609825235,0.797602719248476
916,"4_blimp_lmc_noaux",-0.597,0.5569,0.4991,0,1,0.7395,0.7983
916,"5_blimp_omc_aux",-0.0653,0.4752,0.8038,0,0,0.9305,1.0472
916,"6_blimp_rescue",-0.0045,0.4422,0.7788,0,1,0.9638,1.0248
917,"1_lmer_complete",-0.0794911854521167,0.391811207182469,0.451329153369336,1,1,0.926647742627476,0.970692681106749
917,"2_blimp_complete",-0.0938,0.392,0.4439,1,1,0.953,0.9708
917,"3_lmer_naive",-0.544859880556828,0.512530373691417,0.338220296415732,0,0,0.751391402328795,0.765266879827684
917,"4_blimp_lmc_noaux",-0.5539,0.5126,0.3254,0,0,0.7744,0.7657
917,"5_blimp_omc_aux",-0.0823,0.4095,0.5436,1,1,0.973,1.0062
917,"6_blimp_rescue",-0.0692,0.3751,0.4726,1,1,0.9834,0.9721
918,"1_lmer_complete",-0.247978117448342,0.371034462417275,0.480567712252051,0,1,0.811773016008094,0.991325236724882
918,"2_blimp_complete",-0.2602,0.3711,0.492,0,1,0.8357,0.9915
918,"3_lmer_naive",-0.758646945623974,0.491858353820325,0.301416689639646,0,0,0.586763060068304,0.808068352186909
918,"4_blimp_lmc_noaux",-0.7566,0.4918,0.293,0,0,0.6038,0.809
918,"5_blimp_omc_aux",-0.2462,0.4114,0.5536,1,1,0.7974,1.0396
918,"6_blimp_rescue",-0.2677,0.3722,0.45,1,1,0.7885,1.0049
919,"1_lmer_complete",0.0652149206534855,0.406254013991936,0.679854987741283,1,1,1.24439527706995,1.01261309785162
919,"2_blimp_complete",0.0484,0.4063,0.6668,1,1,1.2806,1.0129
919,"3_lmer_naive",-0.504530998351731,0.540090683615802,0.489228016695633,0,1,1.04546235210715,0.770641379496371
919,"4_blimp_lmc_noaux",-0.5171,0.5405,0.4733,0,1,1.0774,0.7711
919,"5_blimp_omc_aux",0.0196,0.4516,0.6996,0,1,1.2553,1.0282
919,"6_blimp_rescue",0.0693,0.4143,0.6628,1,1,1.2935,0.9985
920,"1_lmer_complete",-0.0266470302486414,0.376146308793823,0.458777655939236,1,1,1.21126694747093,1.0007145241421
920,"2_blimp_complete",-0.0421,0.3762,0.4597,1,1,1.2456,1.0009
920,"3_lmer_naive",-0.524875036174944,0.533887426458595,0.354829403625029,0,0,0.942197665300268,0.75502789579523
920,"4_blimp_lmc_noaux",-0.5378,0.5346,0.34,0,0,0.9646,0.7555
920,"5_blimp_omc_aux",-0.0377,0.4233,0.5423,1,1,1.2083,1.0271
920,"6_blimp_rescue",-0.0348,0.3881,0.4561,1,1,1.1997,0.9944
921,"1_lmer_complete",-0.131987509279696,0.405437969280515,0.605652656030663,1,1,0.932594841886259,0.986662823621526
921,"2_blimp_complete",-0.147,0.4055,0.6059,1,1,0.9599,0.9869
921,"3_lmer_naive",-0.644980698424632,0.553872740620337,0.40610267383413,0,0,0.68058717693632,0.74260614774133
921,"4_blimp_lmc_noaux",-0.6494,0.5541,0.4004,0,0,0.6978,0.7433
921,"5_blimp_omc_aux",-0.1736,0.4577,0.5831,0,1,0.9088,0.986
921,"6_blimp_rescue",-0.1656,0.4278,0.5421,1,1,0.9273,0.9658
922,"1_lmer_complete",0.117090600687541,0.421236449712487,0.547525546246426,1,1,0.987306236841205,1.00614524406469
922,"2_blimp_complete",0.1021,0.4214,0.5392,1,1,1.0184,1.0063
922,"3_lmer_naive",-0.422765823586259,0.561924388538928,0.377390925025324,0,0,0.821065593596475,0.791093669727519
922,"4_blimp_lmc_noaux",-0.4316,0.5626,0.3491,0,0,0.8369,0.7915
922,"5_blimp_omc_aux",0.1189,0.4593,0.6167,0,1,1.0201,1.0609
922,"6_blimp_rescue",0.1401,0.4188,0.5381,1,1,1.0303,1.0282
923,"1_lmer_complete",0.146937106323161,0.41405955022643,0.520120511801423,1,1,0.99588158875656,0.992448470628557
923,"2_blimp_complete",0.1322,0.4141,0.5137,1,1,1.0259,0.9927
923,"3_lmer_naive",-0.388436406005583,0.550721760898195,0.407512227053171,0,0,0.805740830938001,0.765828710753625
923,"4_blimp_lmc_noaux",-0.3985,0.551,0.3886,0,0,0.8283,0.7663
923,"5_blimp_omc_aux",0.1647,0.4538,0.6198,0,1,1.0637,1.0408
923,"6_blimp_rescue",0.1927,0.4195,0.5657,1,1,1.0721,1.0172
924,"1_lmer_complete",0.00627350842100794,0.394587651600337,0.514712329287259,1,1,0.854488559319411,0.997095855511871
924,"2_blimp_complete",-0.0082,0.3948,0.5209,1,1,0.8808,0.9974
924,"3_lmer_naive",-0.512438890912069,0.517090975809817,0.336878312372232,0,0,0.696266766673409,0.769066570111566
924,"4_blimp_lmc_noaux",-0.5164,0.5175,0.3289,0,0,0.7129,0.7697
924,"5_blimp_omc_aux",-0.0469,0.418,0.5472,1,1,0.8748,1.0123
924,"6_blimp_rescue",6e-04,0.3807,0.4881,1,1,0.8846,0.9799
925,"1_lmer_complete",-0.0105094550364317,0.386357024857014,0.495762970958952,1,1,0.887892000022709,0.977998251782114
925,"2_blimp_complete",-0.0257,0.3864,0.5142,1,1,0.9169,0.9782
925,"3_lmer_naive",-0.561359044514014,0.530016155873285,0.335909888540782,0,0,0.679428168645638,0.737137676809965
925,"4_blimp_lmc_noaux",-0.5649,0.5304,0.3203,0,0,0.6952,0.7378
925,"5_blimp_omc_aux",-0.0455,0.4322,0.5583,1,1,0.8925,0.9828
925,"6_blimp_rescue",-0.0655,0.3899,0.4547,1,1,0.8862,0.9456
926,"1_lmer_complete",-0.202810641429469,0.415002547665993,0.545561968354871,1,1,0.756002460534773,1.04880719250617
926,"2_blimp_complete",-0.212,0.4151,0.5416,1,1,0.7777,1.049
926,"3_lmer_naive",-0.696018824079921,0.525774100820924,0.385001105033045,0,0,0.695372987392398,0.814072446294437
926,"4_blimp_lmc_noaux",-0.7062,0.526,0.3743,0,0,0.7153,0.8146
926,"5_blimp_omc_aux",-0.2187,0.4358,0.5849,1,1,0.7909,1.0617
926,"6_blimp_rescue",-0.2179,0.4065,0.5386,1,1,0.7967,1.0391
927,"1_lmer_complete",0.0302864780008551,0.409902556640159,0.411710220711257,1,1,1.10290324153291,1.03790943228242
927,"2_blimp_complete",0.0137,0.4101,0.4054,1,1,1.138,1.0381
927,"3_lmer_naive",-0.560972107824084,0.576950288923112,0.336365274399353,0,0,0.748139475993202,0.793804166095899
927,"4_blimp_lmc_noaux",-0.5626,0.5776,0.3184,0,0,0.7646,0.7945
927,"5_blimp_omc_aux",0.016,0.4759,0.526,0,1,1.006,1.1035
927,"6_blimp_rescue",0.0186,0.4345,0.4662,1,1,1.0269,1.0724
928,"1_lmer_complete",0.104545164342021,0.392225393879821,0.636744874090784,1,1,0.921057813641674,0.984304183320003
928,"2_blimp_complete",0.0897,0.3924,0.6209,1,1,0.95,0.9844
928,"3_lmer_naive",-0.456865234477704,0.518666218283386,0.505718740914587,0,1,0.690852764305178,0.764052212276887
928,"4_blimp_lmc_noaux",-0.4612,0.5189,0.5105,0,1,0.7101,0.7647
928,"5_blimp_omc_aux",0.0517,0.4116,0.7168,1,1,0.8801,1.0254
928,"6_blimp_rescue",0.1138,0.3758,0.6643,1,1,0.9004,0.9894
929,"1_lmer_complete",0.0483269006884844,0.414285224022885,0.64690660470917,1,1,0.888934033074817,1.03488129575575
929,"2_blimp_complete",0.0341,0.4144,0.6393,1,1,0.9166,1.0351
929,"3_lmer_naive",-0.498842138591204,0.543135950921262,0.476496094775066,0,1,0.660069628431088,0.825060758362494
929,"4_blimp_lmc_noaux",-0.5025,0.5437,0.4556,0,1,0.6809,0.8255
929,"5_blimp_omc_aux",0.0445,0.4483,0.6932,0,1,0.9111,1.11
929,"6_blimp_rescue",0.0794,0.413,0.6489,1,1,0.9314,1.0805
930,"1_lmer_complete",-0.0935132325639191,0.414128016834168,0.565341041342,1,1,0.898100613414982,1.01428126258322
930,"2_blimp_complete",-0.1082,0.4143,0.5537,1,1,0.9266,1.0145
930,"3_lmer_naive",-0.640118256708971,0.556398744699469,0.438470112838483,0,0,0.678162398209455,0.75096688103215
930,"4_blimp_lmc_noaux",-0.6505,0.5566,0.4276,0,0,0.6984,0.7513
930,"5_blimp_omc_aux",-0.1264,0.4581,0.6216,0,1,0.9032,1.0306
930,"6_blimp_rescue",-0.1058,0.416,0.561,1,1,0.9088,0.9988
931,"1_lmer_complete",-0.068067955978667,0.411793542442853,0.404869699331004,1,0,0.801141012465381,0.992476202603627
931,"2_blimp_complete",-0.0822,0.4119,0.4039,1,0,0.8259,0.9927
931,"3_lmer_naive",-0.519285258035101,0.547209224225079,0.261834725345003,0,0,0.653548241521044,0.777028477990871
931,"4_blimp_lmc_noaux",-0.5347,0.5471,0.2551,0,0,0.6708,0.7774
931,"5_blimp_omc_aux",-0.0555,0.4475,0.4513,0,1,0.8196,1.0387
931,"6_blimp_rescue",-0.0708,0.4143,0.3722,1,0,0.8178,1.0084
932,"1_lmer_complete",0.0690500548838383,0.381620670465231,0.668949468849323,1,1,0.962279848206003,1.0165602549504
932,"2_blimp_complete",0.0542,0.3817,0.6508,1,1,0.9908,1.0168
932,"3_lmer_naive",-0.518560818627594,0.5138452372289,0.472847604138279,0,1,0.677010066760051,0.769026730193384
932,"4_blimp_lmc_noaux",-0.5204,0.5142,0.452,0,0,0.6978,0.7695
932,"5_blimp_omc_aux",-0.0162,0.4115,0.6992,1,1,0.9198,1.0322
932,"6_blimp_rescue",0.0624,0.3708,0.6516,1,1,0.9443,0.9974
933,"1_lmer_complete",-0.0101127475014364,0.399092327076639,0.687217513102846,1,1,0.94996904118033,1.01788110350757
933,"2_blimp_complete",-0.0264,0.3992,0.6932,1,1,0.9778,1.0181
933,"3_lmer_naive",-0.637430477762627,0.540452670516867,0.507803078254339,0,1,0.668119855005351,0.768632992821747
933,"4_blimp_lmc_noaux",-0.6354,0.5407,0.5118,0,1,0.6876,0.7695
933,"5_blimp_omc_aux",-0.1106,0.4539,0.7841,0,0,0.9179,1.0582
933,"6_blimp_rescue",-0.0171,0.4032,0.74,1,1,0.9651,1.0181
934,"1_lmer_complete",0.0519672894184293,0.401274466028429,0.639195318541724,1,1,0.930804401498379,0.996111429866316
934,"2_blimp_complete",0.0389,0.4014,0.6462,1,1,0.9585,0.9964
934,"3_lmer_naive",-0.457232986637655,0.530636668993036,0.446895861898719,0,1,0.855287951429857,0.786516979646427
934,"4_blimp_lmc_noaux",-0.452,0.5308,0.446,0,1,0.8787,0.7873
934,"5_blimp_omc_aux",0.0265,0.4397,0.6537,1,1,1.0005,1.0237
934,"6_blimp_rescue",0.0775,0.4093,0.6443,1,1,1.0487,0.9992
935,"1_lmer_complete",-0.0249929707844166,0.406739548487599,0.639510198138754,1,1,1.10888217907291,1.02464557040923
935,"2_blimp_complete",-0.037,0.4068,0.6457,1,1,1.1417,1.0248
935,"3_lmer_naive",-0.575815852046549,0.5393069144567,0.473988258398599,0,1,0.90215144856506,0.79263383214195
935,"4_blimp_lmc_noaux",-0.5883,0.5395,0.4755,0,1,0.9307,0.793
935,"5_blimp_omc_aux",-0.0583,0.4519,0.7013,0,1,1.1036,1.0512
935,"6_blimp_rescue",-0.0548,0.4098,0.6009,1,1,1.1147,1.0175
936,"1_lmer_complete",-0.0293538781553737,0.39442568420276,0.756230097678432,1,1,0.879588512735962,1.01101785866145
936,"2_blimp_complete",-0.0451,0.3945,0.7577,1,1,0.9026,1.0113
936,"3_lmer_naive",-0.633044871014678,0.553041427322328,0.567579110450328,0,1,0.720605727893994,0.808561238073137
936,"4_blimp_lmc_noaux",-0.6442,0.5534,0.5637,0,1,0.7433,0.8092
936,"5_blimp_omc_aux",-0.0902,0.4614,0.8196,0,0,0.8902,1.1077
936,"6_blimp_rescue",0.0102,0.4195,0.8028,1,0,0.9293,1.077
937,"1_lmer_complete",-0.073175970618085,0.401869898676754,0.601752148106539,1,1,0.86187071285824,1.00175323744177
937,"2_blimp_complete",-0.0871,0.4021,0.592,1,1,0.8877,1.002
937,"3_lmer_naive",-0.604761666483241,0.544018421906004,0.367334283061401,0,0,0.687109430894628,0.76175706193228
937,"4_blimp_lmc_noaux",-0.6123,0.5447,0.3394,0,0,0.7028,0.7622
937,"5_blimp_omc_aux",-0.1146,0.459,0.6409,0,1,0.8489,1.0127
937,"6_blimp_rescue",-0.0856,0.4198,0.5773,1,1,0.8703,0.9862
938,"1_lmer_complete",0.102116990110716,0.374210442854049,0.701475515475731,1,1,1.11206689166587,0.980748267810561
938,"2_blimp_complete",0.0865,0.3743,0.6768,1,1,1.1459,0.981
938,"3_lmer_naive",-0.506684347012611,0.50367238390099,0.526988826091782,0,1,0.9073400493089,0.754606510563345
938,"4_blimp_lmc_noaux",-0.5065,0.5042,0.5028,0,1,0.9356,0.755
938,"5_blimp_omc_aux",-0.0041,0.4112,0.7762,1,1,1.0919,0.9995
938,"6_blimp_rescue",0.0901,0.3716,0.7181,1,1,1.1414,0.9645
939,"1_lmer_complete",0.0985914991867897,0.398267652906951,0.683729730153737,1,1,0.869192399000515,0.959795803897024
939,"2_blimp_complete",0.0832,0.3984,0.6828,1,1,0.8952,0.96
939,"3_lmer_naive",-0.460357573366544,0.537029447681129,0.519365610730045,0,1,0.676716780811117,0.771176954842938
939,"4_blimp_lmc_noaux",-0.4562,0.5371,0.5147,0,1,0.6957,0.7723
939,"5_blimp_omc_aux",0.0879,0.4251,0.7358,1,1,0.9116,1.0458
939,"6_blimp_rescue",0.1748,0.3874,0.6779,1,1,0.9358,1.0136
940,"1_lmer_complete",-0.0442060430290744,0.390578736640967,0.585303448877002,1,1,1.14519413322376,0.994405049501495
940,"2_blimp_complete",-0.0618,0.3906,0.5811,1,1,1.1788,0.9946
940,"3_lmer_naive",-0.646582688262071,0.530201310517593,0.407674373941946,0,0,0.800266634606607,0.732606173966211
940,"4_blimp_lmc_noaux",-0.6545,0.5302,0.4069,0,0,0.8244,0.7334
940,"5_blimp_omc_aux",-0.1295,0.4267,0.6324,1,1,1.0679,0.9921
940,"6_blimp_rescue",-0.072,0.3848,0.5582,1,1,1.0976,0.9585
941,"1_lmer_complete",0.086622636194723,0.392572309370578,0.474668545583162,1,1,1.09642425866993,1.02909351506437
941,"2_blimp_complete",0.0714,0.3928,0.4632,1,1,1.1301,1.0293
941,"3_lmer_naive",-0.459515989560995,0.508104992753708,0.287251448191552,0,0,0.951061903139954,0.798768467547986
941,"4_blimp_lmc_noaux",-0.4767,0.5081,0.2741,0,0,0.9812,0.7993
941,"5_blimp_omc_aux",0.1034,0.4056,0.528,1,1,1.1448,1.0894
941,"6_blimp_rescue",0.1126,0.3668,0.4643,1,1,1.1539,1.0595
942,"1_lmer_complete",0.0177509836786799,0.409081983643948,0.585536010928757,1,1,1.12228479013842,1.02404493361908
942,"2_blimp_complete",-8e-04,0.4092,0.5851,1,1,1.1547,1.0243
942,"3_lmer_naive",-0.50009350672962,0.566324688041057,0.439518562155615,0,1,0.91113604134475,0.783248937768964
942,"4_blimp_lmc_noaux",-0.5151,0.5666,0.4303,0,1,0.9371,0.7838
942,"5_blimp_omc_aux",0.0166,0.4658,0.6632,0,1,1.1267,1.0818
942,"6_blimp_rescue",0.0811,0.4261,0.5913,1,1,1.1427,1.0532
943,"1_lmer_complete",-0.177316913559865,0.395859966049441,0.559472397712097,1,1,1.03897965697793,0.98679058479823
943,"2_blimp_complete",-0.1928,0.396,0.5436,1,1,1.0686,0.9871
943,"3_lmer_naive",-0.659423088122178,0.528375781255777,0.421674240471549,0,0,0.894762453614556,0.807473371146247
943,"4_blimp_lmc_noaux",-0.6717,0.5288,0.3996,0,0,0.9201,0.8079
943,"5_blimp_omc_aux",-0.1439,0.4344,0.6798,1,1,1.1283,1.0722
943,"6_blimp_rescue",-0.1168,0.3997,0.5884,1,1,1.1478,1.0427
944,"1_lmer_complete",0.149538526798234,0.400255313768176,0.581270754415406,1,1,0.827488859814952,1.00725196205306
944,"2_blimp_complete",0.1343,0.4003,0.5836,1,1,0.8525,1.0075
944,"3_lmer_naive",-0.462877865530938,0.557796253748192,0.4344576346612,0,0,0.745159695227105,0.760409593268983
944,"4_blimp_lmc_noaux",-0.4695,0.5578,0.4416,0,1,0.7688,0.7612
944,"5_blimp_omc_aux",0.108,0.4557,0.6361,0,1,0.8637,1.0495
944,"6_blimp_rescue",0.1574,0.4151,0.586,1,1,0.8827,1.0176
945,"1_lmer_complete",0.171483263373846,0.407419007727231,0.609436588347723,1,1,1.061891240654,1.02683448709915
945,"2_blimp_complete",0.1558,0.4075,0.6038,1,1,1.0952,1.027
945,"3_lmer_naive",-0.425599661721064,0.532006774623326,0.477915030462322,0,1,0.854977522178439,0.746798596682764
945,"4_blimp_lmc_noaux",-0.4279,0.5323,0.4669,0,1,0.8795,0.7476
945,"5_blimp_omc_aux",0.0815,0.4253,0.6904,1,1,1.0352,1.0116
945,"6_blimp_rescue",0.136,0.3922,0.6203,1,1,1.0744,0.9819
946,"1_lmer_complete",-0.11934216554162,0.408865405003646,0.468542398878119,1,1,0.820454679376095,0.998560887221591
946,"2_blimp_complete",-0.1322,0.409,0.4679,1,1,0.8469,0.9988
946,"3_lmer_naive",-0.580689435216251,0.538720454682148,0.319112537635821,0,0,0.730893044644958,0.779601846325931
946,"4_blimp_lmc_noaux",-0.5902,0.5388,0.3199,0,0,0.7526,0.7802
946,"5_blimp_omc_aux",-0.0778,0.4409,0.5334,0,1,0.827,1.0536
946,"6_blimp_rescue",-0.0726,0.4026,0.4657,1,1,0.828,1.0221
947,"1_lmer_complete",0.0270661130230011,0.411850024089477,0.593921211888355,1,1,0.929043931699419,1.01999980945867
947,"2_blimp_complete",0.0117,0.412,0.5855,1,1,0.9556,1.0202
947,"3_lmer_naive",-0.527310255805427,0.545141652333038,0.409533623583888,0,0,0.770304330893833,0.786889263571912
947,"4_blimp_lmc_noaux",-0.5348,0.545,0.4056,0,0,0.7877,0.788
947,"5_blimp_omc_aux",0.0019,0.4427,0.6414,1,1,0.9681,1.0839
947,"6_blimp_rescue",0.0716,0.4022,0.5806,1,1,1.0192,1.0558
948,"1_lmer_complete",0.0105690276325527,0.40499041012865,0.580618990183347,1,1,1.17523050421736,0.973725856141679
948,"2_blimp_complete",-0.0055,0.4051,0.5589,1,1,1.2098,0.9739
948,"3_lmer_naive",-0.517069589776854,0.520044177947118,0.49657549444373,0,1,0.864233619842328,0.723815951761942
948,"4_blimp_lmc_noaux",-0.5224,0.5205,0.4706,0,1,0.891,0.7242
948,"5_blimp_omc_aux",-0.074,0.4223,0.716,1,1,1.1435,0.9496
948,"6_blimp_rescue",-0.0204,0.3878,0.5699,1,1,1.1677,0.921
949,"1_lmer_complete",-0.0951542385233639,0.396267786368266,0.479855121317493,1,1,0.732543877826695,0.99229925999948
949,"2_blimp_complete",-0.1073,0.3965,0.4739,1,1,0.7537,0.9925
949,"3_lmer_naive",-0.614795782063634,0.5469339715973,0.271625337725556,0,0,0.664448447741791,0.775349138930262
949,"4_blimp_lmc_noaux",-0.6173,0.5473,0.2534,0,0,0.6777,0.776
949,"5_blimp_omc_aux",-0.0757,0.4512,0.4841,0,1,0.7362,1.0433
949,"6_blimp_rescue",-0.1035,0.418,0.435,1,1,0.7332,1.0173
950,"1_lmer_complete",-0.0312081849753886,0.420848818704389,0.713263709638505,1,1,0.964506633224953,1.00334652117996
950,"2_blimp_complete",-0.0455,0.4209,0.7107,1,1,0.9936,1.0036
950,"3_lmer_naive",-0.616817293608368,0.571275679830899,0.466652575928329,0,1,0.758510843825143,0.765990774801358
950,"4_blimp_lmc_noaux",-0.6257,0.5711,0.4605,0,1,0.7832,0.7665
950,"5_blimp_omc_aux",-0.1143,0.4783,0.7146,0,1,0.8928,1.0452
950,"6_blimp_rescue",-0.0598,0.435,0.6777,1,1,0.9371,1.0105
951,"1_lmer_complete",-0.0515220322151058,0.391957413542342,0.705369196360095,1,1,0.89277107597085,1.01345553695055
951,"2_blimp_complete",-0.0624,0.3921,0.7157,1,1,0.9159,1.0137
951,"3_lmer_naive",-0.607869182365219,0.533035380648087,0.554480535777809,0,1,0.681608066543375,0.793104971708539
951,"4_blimp_lmc_noaux",-0.6195,0.5329,0.5628,0,1,0.7024,0.7935
951,"5_blimp_omc_aux",-0.1217,0.459,0.7867,0,1,0.8641,1.0183
951,"6_blimp_rescue",-0.0762,0.4285,0.7287,1,1,0.8993,0.9945
952,"1_lmer_complete",0.0738329567763334,0.388384378575545,0.607890421867626,1,1,0.977911094202628,0.985095898405496
952,"2_blimp_complete",0.0591,0.3885,0.6028,1,1,1.0049,0.9853
952,"3_lmer_naive",-0.498419396949304,0.500239445685699,0.469382021850374,0,1,0.722390716709286,0.732210277863953
952,"4_blimp_lmc_noaux",-0.5056,0.501,0.4501,0,1,0.7431,0.7326
952,"5_blimp_omc_aux",0.0157,0.3893,0.6518,1,1,0.9119,0.9722
952,"6_blimp_rescue",0.05,0.3599,0.5747,0,1,0.9306,0.9458
953,"1_lmer_complete",0.108557456526777,0.379793869458734,0.449141314025231,1,1,0.980726011769245,0.995998819945532
953,"2_blimp_complete",0.0927,0.3799,0.4246,1,1,1.0108,0.9962
953,"3_lmer_naive",-0.375243842165778,0.512634164113032,0.301556213866539,0,0,0.886245823635257,0.777929904916518
953,"4_blimp_lmc_noaux",-0.3871,0.5129,0.2682,0,0,0.9112,0.7783
953,"5_blimp_omc_aux",0.1135,0.401,0.495,1,1,1.0125,1.0241
953,"6_blimp_rescue",0.0956,0.3779,0.4339,1,1,1.0162,1.0018
954,"1_lmer_complete",0.01901812283148,0.385082357741726,0.640766273637457,1,1,1.04601910561138,1.01125436850848
954,"2_blimp_complete",0.0027,0.3852,0.6474,1,1,1.0785,1.0115
954,"3_lmer_naive",-0.547409138747332,0.524732375607521,0.51094029749384,0,1,0.881009424733627,0.780295084790228
954,"4_blimp_lmc_noaux",-0.5589,0.5249,0.512,0,1,0.9104,0.7807
954,"5_blimp_omc_aux",-0.0235,0.4109,0.732,1,1,1.0833,1.0828
954,"6_blimp_rescue",0.0653,0.3683,0.6575,1,1,1.11,1.0432
955,"1_lmer_complete",0.0244079933021361,0.36952799299063,0.648931208552902,0,1,0.60111468646937,1.00134267585277
955,"2_blimp_complete",0.0142,0.3698,0.6495,0,1,0.6184,1.0016
955,"3_lmer_naive",-0.509432847568027,0.504222750877475,0.462890008972843,0,0,0.483781469953201,0.793268374430562
955,"4_blimp_lmc_noaux",-0.5148,0.5042,0.461,0,0,0.5001,0.7938
955,"5_blimp_omc_aux",-0.0122,0.3928,0.6612,1,1,0.57,1.0487
955,"6_blimp_rescue",0.0189,0.3581,0.6418,0,1,0.5803,1.0133
956,"1_lmer_complete",0.0922272667536223,0.411669626507032,0.662311542409319,1,1,1.05291207013373,0.986316299817893
956,"2_blimp_complete",0.0767,0.4118,0.6641,1,1,1.0839,0.9866
956,"3_lmer_naive",-0.488758861780706,0.541947568121704,0.455882203633315,0,0,0.71316648544563,0.756422665797682
956,"4_blimp_lmc_noaux",-0.496,0.5421,0.459,0,1,0.7355,0.757
956,"5_blimp_omc_aux",0.0294,0.4558,0.6937,0,1,0.9943,0.9904
956,"6_blimp_rescue",0.0668,0.4171,0.6222,1,1,1.009,0.9555
957,"1_lmer_complete",-0.102077172804305,0.40478229738925,0.648189121287276,1,1,0.958959092398377,0.985882400851373
957,"2_blimp_complete",-0.1172,0.4049,0.6384,1,1,0.9885,0.9861
957,"3_lmer_naive",-0.634545748077216,0.537823288461556,0.489747602551261,0,1,0.703475272575044,0.799449996984321
957,"4_blimp_lmc_noaux",-0.6391,0.5382,0.4887,0,1,0.7238,0.8002
957,"5_blimp_omc_aux",-0.1322,0.4505,0.7115,0,1,0.9056,1.046
957,"6_blimp_rescue",-0.0685,0.4201,0.6891,1,1,0.9456,1.0197
958,"1_lmer_complete",0.109775206835054,0.391100928015489,0.606218608816586,1,1,0.806918590823094,1.00085583387125
958,"2_blimp_complete",0.0966,0.3912,0.6048,1,1,0.8311,1.001
958,"3_lmer_naive",-0.390558387535138,0.540424727526311,0.415176909668683,0,0,0.752174263483646,0.769844869796444
958,"4_blimp_lmc_noaux",-0.399,0.5405,0.4173,0,0,0.7755,0.7706
958,"5_blimp_omc_aux",0.1035,0.4295,0.5977,1,1,0.8257,1.0269
958,"6_blimp_rescue",0.111,0.3996,0.5822,1,1,0.8465,1.0001
959,"1_lmer_complete",0.0612100928790921,0.409555376659046,0.54031731191726,1,1,0.991219978375515,1.0142820678714
959,"2_blimp_complete",0.047,0.4096,0.5358,1,1,1.0212,1.0145
959,"3_lmer_naive",-0.434201511722654,0.561018154646388,0.428798678376484,0,1,0.834793929161804,0.802533342927649
959,"4_blimp_lmc_noaux",-0.445,0.5613,0.4148,0,0,0.8589,0.803
959,"5_blimp_omc_aux",0.0868,0.4743,0.6476,0,1,1.0067,1.07
959,"6_blimp_rescue",0.0737,0.4357,0.5877,1,1,1.0185,1.0418
960,"1_lmer_complete",0.052606326241615,0.386542113041871,0.695393152094465,1,1,0.860153103933436,0.986829628196568
960,"2_blimp_complete",0.0389,0.3866,0.7062,1,1,0.8853,0.9871
960,"3_lmer_naive",-0.490884596829528,0.484959130849414,0.51442177713019,0,1,0.652539270686184,0.791407682760758
960,"4_blimp_lmc_noaux",-0.5008,0.4851,0.5221,0,1,0.6733,0.7919
960,"5_blimp_omc_aux",0.0226,0.388,0.7531,1,1,0.8857,1.037
960,"6_blimp_rescue",0.0877,0.3509,0.7024,0,1,0.9316,0.9975
961,"1_lmer_complete",-0.0702575542893634,0.400818117783326,0.789250797275339,1,1,0.927975972586779,1.01305321188528
961,"2_blimp_complete",-0.0853,0.4009,0.7909,1,1,0.9536,1.0133
961,"3_lmer_naive",-0.643743664199235,0.536334124870812,0.580400808617449,0,1,0.749355342547142,0.780419896951949
961,"4_blimp_lmc_noaux",-0.6539,0.5364,0.5823,0,1,0.7729,0.7809
961,"5_blimp_omc_aux",-0.1586,0.4468,0.7962,0,0,0.9063,1.0214
961,"6_blimp_rescue",-0.0854,0.416,0.7793,1,1,0.9472,0.9934
962,"1_lmer_complete",-0.119587997374841,0.416747497712072,0.845594226352426,1,0,1.10297848880717,0.987173796192674
962,"2_blimp_complete",-0.1354,0.4169,0.848,1,0,1.133,0.9874
962,"3_lmer_naive",-0.691338006419889,0.54611466260951,0.64395274864288,0,1,0.930920465914166,0.766346329979444
962,"4_blimp_lmc_noaux",-0.7003,0.5462,0.6436,0,1,0.9596,0.7668
962,"5_blimp_omc_aux",-0.2153,0.4477,0.8761,0,0,1.1055,1.0351
962,"6_blimp_rescue",-0.1297,0.4103,0.8203,1,0,1.1461,1.0023
963,"1_lmer_complete",-0.147804526908321,0.409928360918001,0.542638819426339,1,1,0.85961443128848,0.990895792266888
963,"2_blimp_complete",-0.1617,0.4099,0.5446,1,1,0.8852,0.9911
963,"3_lmer_naive",-0.627537094623157,0.534824960264003,0.464113164220635,0,1,0.767320077735385,0.780807244577965
963,"4_blimp_lmc_noaux",-0.6304,0.5353,0.45,0,1,0.7894,0.7813
963,"5_blimp_omc_aux",-0.1826,0.425,0.6661,1,1,0.9116,1.0442
963,"6_blimp_rescue",-0.1383,0.3983,0.6311,1,1,0.9468,1.0227
964,"1_lmer_complete",0.15625975416529,0.398069341429154,0.459356086924303,1,1,0.907239130057965,0.98180245597438
964,"2_blimp_complete",0.1422,0.3982,0.4525,1,1,0.9362,0.982
964,"3_lmer_naive",-0.333061906097411,0.526348690842457,0.294753683007265,0,0,0.767140259489206,0.756520477777277
964,"4_blimp_lmc_noaux",-0.346,0.5267,0.2746,0,0,0.7871,0.757
964,"5_blimp_omc_aux",0.1691,0.4272,0.5284,1,1,0.9221,1.0237
964,"6_blimp_rescue",0.1615,0.3901,0.4258,1,1,0.9212,0.9938
965,"1_lmer_complete",0.10034580918339,0.381308756498785,0.626137336174887,1,1,0.966718943457369,0.995214533462285
965,"2_blimp_complete",0.085,0.3814,0.628,1,1,0.9956,0.9954
965,"3_lmer_naive",-0.464862420894742,0.516868310955497,0.491601345289456,0,1,0.775707700600804,0.763717837229976
965,"4_blimp_lmc_noaux",-0.4781,0.517,0.4913,0,1,0.8007,0.7642
965,"5_blimp_omc_aux",0.0466,0.4181,0.7048,1,1,0.985,1.0055
965,"6_blimp_rescue",0.1087,0.3751,0.6688,1,1,1.0301,0.9652
966,"1_lmer_complete",0.0925934610940641,0.394264050472558,0.799666333212535,1,0,0.880705142838484,1.00275609001795
966,"2_blimp_complete",0.0773,0.3943,0.7986,1,0,0.905,1.003
966,"3_lmer_naive",-0.528812760818213,0.542145482513267,0.640008950088175,0,1,0.74661726828539,0.794228000405034
966,"4_blimp_lmc_noaux",-0.5353,0.5425,0.6375,0,1,0.7708,0.7948
966,"5_blimp_omc_aux",0.0283,0.4338,0.8474,1,0,0.9042,1.0888
966,"6_blimp_rescue",0.1279,0.3959,0.8367,1,0,0.9524,1.0507
967,"1_lmer_complete",0.0686489378731788,0.418459170512169,0.487073072256185,1,1,1.02140004622039,1.00828948002476
967,"2_blimp_complete",0.054,0.4186,0.4681,1,1,1.0532,1.0085
967,"3_lmer_naive",-0.455915076647499,0.551781929926483,0.352590105338861,0,0,0.804476598596299,0.766282489349525
967,"4_blimp_lmc_noaux",-0.463,0.5521,0.3196,0,0,0.8252,0.7667
967,"5_blimp_omc_aux",0.0687,0.4511,0.5692,0,1,1.073,1.0471
967,"6_blimp_rescue",0.0891,0.416,0.461,1,1,1.0774,1.0209
968,"1_lmer_complete",-0.0991738293501639,0.414205412120031,0.676705036823694,1,1,0.904767354403855,0.993706724539715
968,"2_blimp_complete",-0.1138,0.4143,0.6691,1,1,0.9311,0.994
968,"3_lmer_naive",-0.644551987861536,0.533823946626492,0.508349833975572,0,1,0.764322393843424,0.763712883180452
968,"4_blimp_lmc_noaux",-0.6519,0.5339,0.5171,0,1,0.7887,0.7644
968,"5_blimp_omc_aux",-0.1268,0.4449,0.7188,0,1,0.9511,1.0122
968,"6_blimp_rescue",-0.0891,0.4094,0.6668,1,1,0.9837,0.9862
969,"1_lmer_complete",-0.0938391905856225,0.39464313223195,0.464943092400351,1,1,1.11767763597473,1.00248975425838
969,"2_blimp_complete",-0.1092,0.3947,0.4457,1,1,1.1531,1.0027
969,"3_lmer_naive",-0.643089550124454,0.536559617748013,0.370588567699447,0,0,0.821102568786816,0.762471709761794
969,"4_blimp_lmc_noaux",-0.65,0.5369,0.3486,0,0,0.8447,0.7628
969,"5_blimp_omc_aux",-0.1062,0.4237,0.5686,1,1,1.101,1.0444
969,"6_blimp_rescue",-0.1135,0.3893,0.4825,1,1,1.1062,1.0128
970,"1_lmer_complete",-0.0857792707713869,0.428108436757275,0.531908709383138,0,1,1.34809277103565,0.997547352308716
970,"2_blimp_complete",-0.1029,0.4282,0.5079,0,1,1.3878,0.9978
970,"3_lmer_naive",-0.666521608759463,0.532198148408775,0.403071243347055,0,0,0.995064668259251,0.767413334378442
970,"4_blimp_lmc_noaux",-0.6742,0.5324,0.3843,0,0,1.0241,0.768
970,"5_blimp_omc_aux",-0.1269,0.4444,0.6112,0,1,1.266,1.0225
970,"6_blimp_rescue",-0.0794,0.4023,0.5418,1,1,1.2842,0.9838
971,"1_lmer_complete",-0.11436553335968,0.398795564060309,0.65284999535487,1,1,0.930907279781757,0.96807760359551
971,"2_blimp_complete",-0.1296,0.3989,0.6388,1,1,0.9583,0.9683
971,"3_lmer_naive",-0.659130853081196,0.523328072862565,0.505091242492468,0,1,0.746970717208888,0.755427451364818
971,"4_blimp_lmc_noaux",-0.6605,0.5241,0.494,0,1,0.7691,0.7562
971,"5_blimp_omc_aux",-0.1267,0.4287,0.7212,1,1,0.9614,0.9935
971,"6_blimp_rescue",-0.0749,0.3921,0.6734,1,1,1.015,0.9632
972,"1_lmer_complete",0.083244123426654,0.371618929094957,0.781747238665683,0,1,1.04014976393806,0.990161045036602
972,"2_blimp_complete",0.0673,0.3717,0.7615,1,1,1.0687,0.9904
972,"3_lmer_naive",-0.533806844907959,0.515116737466578,0.570785933814054,0,1,0.828841985872243,0.743169280143847
972,"4_blimp_lmc_noaux",-0.5378,0.5159,0.5689,0,1,0.855,0.7438
972,"5_blimp_omc_aux",-0.0237,0.4127,0.8223,1,0,1.019,1.0042
972,"6_blimp_rescue",0.096,0.3719,0.7973,1,1,1.0834,0.9696
973,"1_lmer_complete",-0.049863344586866,0.390058235439483,0.534134788121686,1,1,0.985961619121566,1.00786561611189
973,"2_blimp_complete",-0.0649,0.3901,0.5307,1,1,1.0182,1.008
973,"3_lmer_naive",-0.550972079271661,0.494317591685243,0.37854566205984,0,0,0.863003194330923,0.806543016415212
973,"4_blimp_lmc_noaux",-0.5648,0.4942,0.3884,0,0,0.8912,0.8073
973,"5_blimp_omc_aux",-0.0373,0.3893,0.5922,1,1,1.0584,1.0677
973,"6_blimp_rescue",-0.0316,0.3537,0.5464,0,1,1.0691,1.0315
974,"1_lmer_complete",-0.0908865116252263,0.433421278811602,0.581790422205847,0,1,0.879817113021397,0.990034284718248
974,"2_blimp_complete",-0.1054,0.4336,0.5781,0,1,0.906,0.9902
974,"3_lmer_naive",-0.589074669567414,0.547814185099109,0.426760556969851,0,0,0.755387995192517,0.74670976230884
974,"4_blimp_lmc_noaux",-0.5966,0.5484,0.4182,0,0,0.7753,0.7472
974,"5_blimp_omc_aux",-0.0984,0.466,0.6329,0,1,0.8921,0.9868
974,"6_blimp_rescue",-0.083,0.428,0.5816,1,1,0.9096,0.957
975,"1_lmer_complete",-0.114006720801823,0.413080009402521,0.647491469104985,1,1,0.978570478282285,1.03228802331414
975,"2_blimp_complete",-0.1283,0.4132,0.652,1,1,1.0061,1.0325
975,"3_lmer_naive",-0.666302830349667,0.524738747392348,0.529367873982477,0,1,0.880261522254493,0.822691749416492
975,"4_blimp_lmc_noaux",-0.6709,0.5246,0.5363,0,1,0.9038,0.8233
975,"5_blimp_omc_aux",-0.1488,0.427,0.764,1,1,0.9861,1.0909
975,"6_blimp_rescue",-0.0573,0.3925,0.7306,1,1,1.0253,1.0622
976,"1_lmer_complete",-0.153486852351211,0.396286627825567,0.567415762345559,1,1,0.725876843235663,1.01214225479836
976,"2_blimp_complete",-0.1665,0.3964,0.567,1,1,0.7474,1.0124
976,"3_lmer_naive",-0.6520752534769,0.537777310399201,0.412681083617058,0,0,0.708302695821526,0.792026321687593
976,"4_blimp_lmc_noaux",-0.6638,0.5382,0.3983,0,0,0.7294,0.7926
976,"5_blimp_omc_aux",-0.181,0.4407,0.6399,1,1,0.7789,1.0582
976,"6_blimp_rescue",-0.1443,0.4053,0.5836,1,1,0.7962,1.0289
977,"1_lmer_complete",-0.155712098718823,0.412729053560653,0.730360893035511,1,1,1.00702823101641,1.02838140292331
977,"2_blimp_complete",-0.1715,0.4128,0.7132,1,1,1.0359,1.0286
977,"3_lmer_naive",-0.70930577961921,0.546308393442077,0.56158459947871,0,1,0.790850248718765,0.826212301520992
977,"4_blimp_lmc_noaux",-0.7149,0.5464,0.5479,0,1,0.8142,0.8268
977,"5_blimp_omc_aux",-0.1882,0.4673,0.7894,0,0,1.0339,1.1033
977,"6_blimp_rescue",-0.1411,0.4224,0.7536,1,1,1.0654,1.0659
978,"1_lmer_complete",-0.027726293165888,0.398781706698017,0.584596789766539,1,1,1.24185491064555,0.996455276174854
978,"2_blimp_complete",-0.0441,0.3989,0.5789,1,1,1.2789,0.9967
978,"3_lmer_naive",-0.624798922481359,0.531298537301459,0.367946915501255,0,0,0.885233299219275,0.796011829037984
978,"4_blimp_lmc_noaux",-0.629,0.5311,0.3354,0,0,0.9057,0.7969
978,"5_blimp_omc_aux",-0.0653,0.439,0.663,1,1,1.2397,1.0644
978,"6_blimp_rescue",0.0277,0.3996,0.6016,1,1,1.2784,1.0325
979,"1_lmer_complete",0.0638907116478707,0.397476568912784,0.58692238054581,1,1,1.01744032723184,1.0201377977842
979,"2_blimp_complete",0.0474,0.3976,0.5888,1,1,1.0475,1.0204
979,"3_lmer_naive",-0.473727886075453,0.523494439991831,0.439150913729946,0,1,0.826687869205508,0.811353556610466
979,"4_blimp_lmc_noaux",-0.4882,0.5238,0.436,0,1,0.8517,0.8119
979,"5_blimp_omc_aux",0.0532,0.4295,0.6735,1,1,1.0184,1.1073
979,"6_blimp_rescue",0.0848,0.3965,0.6526,1,1,1.043,1.0825
980,"1_lmer_complete",0.0763095974237084,0.407683931816654,0.519324996615439,1,1,0.961795351685789,1.03109989065289
980,"2_blimp_complete",0.0609,0.4078,0.5188,1,1,0.9898,1.0313
980,"3_lmer_naive",-0.468870647915729,0.547102102413466,0.407798174138204,0,0,0.708865253091362,0.787803903539579
980,"4_blimp_lmc_noaux",-0.4776,0.5477,0.3944,0,0,0.7277,0.7883
980,"5_blimp_omc_aux",0.0429,0.4475,0.614,0,1,0.977,1.0655
980,"6_blimp_rescue",0.0837,0.407,0.5453,1,1,0.9772,1.0365
981,"1_lmer_complete",-0.0302994899636802,0.387285127666393,0.688220148923856,1,1,1.11055919335628,0.999504678406899
981,"2_blimp_complete",-0.0456,0.3874,0.6841,1,1,1.1403,0.9997
981,"3_lmer_naive",-0.613781661516229,0.505416482927017,0.49545798004188,0,1,0.934712479374076,0.738545616275866
981,"4_blimp_lmc_noaux",-0.6284,0.5057,0.4884,0,1,0.9629,0.739
981,"5_blimp_omc_aux",-0.1101,0.4111,0.7358,1,1,1.0909,0.9966
981,"6_blimp_rescue",-0.0586,0.3632,0.7162,1,1,1.1226,0.9598
982,"1_lmer_complete",0.102875491498408,0.388779275586826,0.598631249167809,1,1,1.06350241819105,0.95916284606799
982,"2_blimp_complete",0.0877,0.3889,0.5907,1,1,1.0931,0.9594
982,"3_lmer_naive",-0.443348385403498,0.526675622369335,0.425963931251028,0,0,0.885733310130688,0.721428034971593
982,"4_blimp_lmc_noaux",-0.4372,0.5269,0.4183,0,0,0.9079,0.7222
982,"5_blimp_omc_aux",0.0281,0.4381,0.6674,1,1,1.0919,0.9492
982,"6_blimp_rescue",0.096,0.4001,0.6021,1,1,1.1387,0.9223
983,"1_lmer_complete",-0.0395454648057027,0.40025623297996,0.631946822526962,1,1,0.923826703243677,1.03111195750972
983,"2_blimp_complete",-0.0563,0.4003,0.6428,1,1,0.9496,1.0313
983,"3_lmer_naive",-0.601599873692088,0.520396097471569,0.464043007230025,0,1,0.712501780229155,0.820942415685437
983,"4_blimp_lmc_noaux",-0.6061,0.5208,0.4687,0,1,0.7358,0.8216
983,"5_blimp_omc_aux",-0.0555,0.4329,0.7312,1,1,0.9538,1.0981
983,"6_blimp_rescue",0.002,0.3868,0.6823,1,1,0.9733,1.0598
984,"1_lmer_complete",0.0971784689771274,0.422034610871442,0.613618476128833,1,1,0.806111940219014,0.965575068804241
984,"2_blimp_complete",0.0835,0.4222,0.6129,1,1,0.8295,0.9658
984,"3_lmer_naive",-0.410325080715761,0.552950909679745,0.476765579257921,0,1,0.734928604560601,0.741859271953552
984,"4_blimp_lmc_noaux",-0.4123,0.5534,0.4647,0,1,0.7559,0.7425
984,"5_blimp_omc_aux",0.0832,0.443,0.668,1,1,0.8283,1.0176
984,"6_blimp_rescue",0.1196,0.4094,0.6584,1,1,0.8666,0.9899
985,"1_lmer_complete",0.000613312034721099,0.419552871496501,0.557152787381686,1,1,0.723705683936105,1.04255590944951
985,"2_blimp_complete",-0.0109,0.4197,0.5476,1,1,0.748,1.0427
985,"3_lmer_naive",-0.544111956219925,0.579055511363788,0.410922667648255,0,0,0.534060672105771,0.817289251527708
985,"4_blimp_lmc_noaux",-0.5559,0.5797,0.3797,0,0,0.549,0.8178
985,"5_blimp_omc_aux",0.0136,0.4828,0.663,0,1,0.7511,1.1078
985,"6_blimp_rescue",0.0262,0.4455,0.5834,0,1,0.7611,1.078
986,"1_lmer_complete",0.0167412594481823,0.417857023301451,0.53620232348288,1,1,1.00628578863449,0.989565238850904
986,"2_blimp_complete",0.0016,0.418,0.5284,1,1,1.0371,0.9898
986,"3_lmer_naive",-0.492628627002576,0.556366417945308,0.370046088251154,0,0,0.860856166759904,0.771510129095206
986,"4_blimp_lmc_noaux",-0.5048,0.5567,0.3495,0,0,0.8855,0.7719
986,"5_blimp_omc_aux",-0.0228,0.4655,0.6489,0,1,1.0678,1.0145
986,"6_blimp_rescue",-0.0078,0.4278,0.5305,1,1,1.0775,0.9844
987,"1_lmer_complete",0.142876824564859,0.387508522564447,0.583145748815242,1,1,1.15199879576417,1.00982198453969
987,"2_blimp_complete",0.1272,0.3876,0.5774,1,1,1.1848,1.01
987,"3_lmer_naive",-0.447424024191256,0.550208089802481,0.449484609009966,0,1,0.960070909323926,0.772957199887822
987,"4_blimp_lmc_noaux",-0.4539,0.5503,0.455,0,1,0.9885,0.7737
987,"5_blimp_omc_aux",0.1435,0.4433,0.635,1,1,1.1932,1.057
987,"6_blimp_rescue",0.1745,0.408,0.6096,1,1,1.2502,1.0267
988,"1_lmer_complete",0.0447769087883965,0.419693160331104,0.563469012418595,1,1,0.768082360379034,0.999356973381835
988,"2_blimp_complete",0.033,0.4198,0.5633,1,1,0.7898,0.9996
988,"3_lmer_naive",-0.472396192519315,0.54704826726474,0.419147935883968,0,0,0.651258730587459,0.781039796270885
988,"4_blimp_lmc_noaux",-0.4783,0.5471,0.4173,0,0,0.6689,0.7817
988,"5_blimp_omc_aux",0.0571,0.4616,0.6246,0,1,0.8176,1.0237
988,"6_blimp_rescue",0.0512,0.4262,0.6141,1,1,0.8344,0.9948
989,"1_lmer_complete",0.0517449332578594,0.371083703801932,0.737281489898013,0,1,1.03817768251206,0.977720204076484
989,"2_blimp_complete",0.0363,0.3712,0.7258,0,1,1.0671,0.9779
989,"3_lmer_naive",-0.537867693610117,0.498716368060309,0.517524625023174,0,1,0.780636349327356,0.78519323347276
989,"4_blimp_lmc_noaux",-0.5353,0.4998,0.5014,0,1,0.8041,0.7858
989,"5_blimp_omc_aux",-0.0786,0.3926,0.7823,1,0,0.9752,1.0205
989,"6_blimp_rescue",0.0212,0.3665,0.7538,1,1,1.0407,0.997
990,"1_lmer_complete",0.0138452073372801,0.404125983150156,0.712273204187977,1,1,1.13401496173535,1.01014975525874
990,"2_blimp_complete",-0.0021,0.4043,0.7107,1,1,1.1687,1.0104
990,"3_lmer_naive",-0.546745394147623,0.54521072106222,0.574128262347493,0,1,0.932850871658758,0.780308791103946
990,"4_blimp_lmc_noaux",-0.5607,0.5451,0.5821,0,1,0.963,0.7807
990,"5_blimp_omc_aux",-0.0444,0.448,0.7679,0,1,1.1647,1.0321
990,"6_blimp_rescue",0.0301,0.4071,0.7123,1,1,1.1934,0.996
991,"1_lmer_complete",0.027996561125946,0.400852924619588,0.658688451030222,1,1,0.865453550868737,1.01759300864175
991,"2_blimp_complete",0.0151,0.401,0.6668,1,1,0.8907,1.0178
991,"3_lmer_naive",-0.557230812001249,0.527041870259297,0.447260083587909,0,1,0.650081161694048,0.763259796648926
991,"4_blimp_lmc_noaux",-0.5664,0.5275,0.4326,0,1,0.6685,0.7636
991,"5_blimp_omc_aux",-0.0581,0.4261,0.7219,1,1,0.8247,1.0235
991,"6_blimp_rescue",-0.0056,0.3873,0.6462,1,1,0.8582,0.9869
992,"1_lmer_complete",0.121522007548643,0.423354878760853,0.670384716339156,1,1,0.901008873194176,1.00643971760198
992,"2_blimp_complete",0.107,0.4234,0.6618,1,1,0.926,1.0067
992,"3_lmer_naive",-0.410875233083388,0.569522629551263,0.594817529238213,0,1,0.658175555791062,0.818985575793373
992,"4_blimp_lmc_noaux",-0.4116,0.5701,0.5936,0,1,0.678,0.8196
992,"5_blimp_omc_aux",0.088,0.4683,0.7964,0,0,0.9206,1.0893
992,"6_blimp_rescue",0.1724,0.4406,0.6996,1,1,0.968,1.0676
993,"1_lmer_complete",0.150848421839465,0.39907614990813,0.348969612549857,1,0,0.946253147421449,1.05730723412136
993,"2_blimp_complete",0.1356,0.3992,0.3276,1,0,0.9756,1.0576
993,"3_lmer_naive",-0.395874609178888,0.521227869418695,0.17624300103192,0,0,0.816047077217774,0.781853813091248
993,"4_blimp_lmc_noaux",-0.4109,0.5215,0.1661,0,0,0.8369,0.7825
993,"5_blimp_omc_aux",0.1965,0.4116,0.4527,1,1,1.0364,1.0743
993,"6_blimp_rescue",0.192,0.3699,0.39,1,1,1.0321,1.0469
994,"1_lmer_complete",-0.172602053899463,0.392408873431769,0.662954788356832,1,1,0.952605844154204,1.00094971906643
994,"2_blimp_complete",-0.188,0.3925,0.6577,1,1,0.9808,1.0012
994,"3_lmer_naive",-0.69481804756016,0.526061195330799,0.487402859975643,0,1,0.772132917161915,0.748701218378291
994,"4_blimp_lmc_noaux",-0.6977,0.5268,0.4634,0,1,0.7955,0.7492
994,"5_blimp_omc_aux",-0.2225,0.431,0.6949,1,1,0.9298,1.0135
994,"6_blimp_rescue",-0.1631,0.3951,0.6373,1,1,0.9711,0.9869
995,"1_lmer_complete",0.104790763823347,0.388098608112675,0.418388139698334,1,1,0.98585941692511,1.0013369109235
995,"2_blimp_complete",0.0897,0.3883,0.4133,1,1,1.0162,1.0016
995,"3_lmer_naive",-0.440335177836424,0.543591852994581,0.329695091943885,0,0,0.781167956865253,0.7581052710047
995,"4_blimp_lmc_noaux",-0.4466,0.5439,0.3078,0,0,0.8021,0.7585
995,"5_blimp_omc_aux",0.134,0.4286,0.5047,1,1,1.0513,1.0602
995,"6_blimp_rescue",0.1183,0.3866,0.3994,1,0,1.0374,1.0257
996,"1_lmer_complete",-0.0725715206845678,0.415013816131507,0.614115909608631,1,1,0.859929757598833,0.996339429506957
996,"2_blimp_complete",-0.0861,0.4152,0.61,1,1,0.8842,0.9966
996,"3_lmer_naive",-0.581217821324231,0.567300175826433,0.33752243583429,0,0,0.732323225012481,0.784732637678175
996,"4_blimp_lmc_noaux",-0.5961,0.5671,0.3168,0,0,0.7526,0.7852
996,"5_blimp_omc_aux",-0.1025,0.4909,0.6239,0,1,0.795,1.0289
996,"6_blimp_rescue",-0.0831,0.4535,0.5988,0,1,0.816,1.0049
997,"1_lmer_complete",-0.186864973251766,0.391130339777468,0.607031950634719,1,1,0.990446121979237,1.00560507669552
997,"2_blimp_complete",-0.2012,0.3912,0.6111,1,1,1.0225,1.0058
997,"3_lmer_naive",-0.727960661632367,0.590228104121239,0.473278499132631,0,1,0.837502441078079,0.741698429047639
997,"4_blimp_lmc_noaux",-0.7346,0.5904,0.4696,0,1,0.8604,0.7423
997,"5_blimp_omc_aux",-0.2355,0.4923,0.6388,0,1,1.0109,1.0165
997,"6_blimp_rescue",-0.1993,0.4575,0.65,0,1,1.059,0.9925
998,"1_lmer_complete",-0.0882540947847811,0.390864005533234,0.459970657514136,1,1,1.11359880076926,0.987308263881592
998,"2_blimp_complete",-0.1037,0.391,0.4381,1,1,1.1469,0.9875
998,"3_lmer_naive",-0.569330389258296,0.536842939920229,0.288459576624342,0,0,0.971149489948579,0.767630298549665
998,"4_blimp_lmc_noaux",-0.5788,0.5375,0.244,0,0,0.988,0.768
998,"5_blimp_omc_aux",-0.0902,0.4402,0.5497,1,1,1.1877,1.0291
998,"6_blimp_rescue",-0.0692,0.403,0.4669,1,1,1.1997,0.9995
999,"1_lmer_complete",-0.143882450312216,0.381967136683741,0.698345467241761,1,1,1.12925929434707,1.02132097821645
999,"2_blimp_complete",-0.1608,0.3821,0.6935,1,1,1.1616,1.0216
999,"3_lmer_naive",-0.713110612685201,0.537506430708334,0.519591167020353,0,1,0.863654567975621,0.801155536882258
999,"4_blimp_lmc_noaux",-0.7205,0.538,0.5096,0,1,0.8903,0.8016
999,"5_blimp_omc_aux",-0.2139,0.4462,0.7595,0,1,1.0398,1.0773
999,"6_blimp_rescue",-0.1729,0.4058,0.7432,1,1,1.0716,1.0448
1000,"1_lmer_complete",-0.0209840190610481,0.378381657696602,0.680536019698245,1,1,1.00723183958257,1.02824154344946
1000,"2_blimp_complete",-0.0372,0.3785,0.6789,1,1,1.036,1.0285
1000,"3_lmer_naive",-0.592215009219723,0.514148965136055,0.480856910654299,0,1,0.815018813512106,0.773670542708432
1000,"4_blimp_lmc_noaux",-0.5985,0.5143,0.4827,0,1,0.839,0.7743
1000,"5_blimp_omc_aux",-0.0829,0.4173,0.7223,1,1,0.9588,1.0287
1000,"6_blimp_rescue",-0.0096,0.3821,0.7263,1,1,0.9932,0.9989
