"sim_id","model_type","b_0_est","b_w_est","b_b_est","cov_b_w","cov_b_b","var_u0_est","var_e_est"
1,"1_lmer_complete",0.057002278,0.380884672,0.630876113,1,1,0.996834398,1.019311835
1,"2_blimp_complete",0.0558,0.3809,0.6223,1,1,1.0245,1.0201
1,"3_lmer_naive",-0.467369378,0.521952746,0.463875616,0,1,0.851290548,0.812339588
1,"4_blimp_lmc_noaux",-0.4658,0.5213,0.4663,0,1,0.879,0.8137
1,"5_blimp_omc_aux",0.0507,0.4293,0.707,1,1,1.0224,1.0757
1,"6_blimp_rescue",0.1164,0.3922,0.6967,1,1,1.0748,1.044
2,"1_lmer_complete",0.022493827,0.396589489,0.50767007,1,1,1.128666075,1.040931605
2,"2_blimp_complete",0.0351,0.397,0.5103,1,1,1.1618,1.0419
2,"3_lmer_naive",-0.478761591,0.519947278,0.344030461,0,0,0.924821001,0.805995914
2,"4_blimp_lmc_noaux",-0.4881,0.5198,0.3364,0,0,0.9528,0.8066
2,"5_blimp_omc_aux",0.0176,0.4121,0.5499,1,1,1.138,1.0742
2,"6_blimp_rescue",0.0119,0.3835,0.5143,1,1,1.1429,1.0528
3,"1_lmer_complete",0.141508307,0.390804268,0.518740695,1,1,1.056198893,1.033706965
3,"2_blimp_complete",0.1209,0.3907,0.5287,1,1,1.0834,1.0341
3,"3_lmer_naive",-0.492648312,0.530136904,0.413667814,0,0,0.780046991,0.795462577
3,"4_blimp_lmc_noaux",-0.4781,0.5309,0.3941,0,0,0.8007,0.7971
3,"5_blimp_omc_aux",0.0846,0.4085,0.6435,1,1,0.9649,1.1183
3,"6_blimp_rescue",0.1711,0.3786,0.6062,1,1,1.0021,1.0881
4,"1_lmer_complete",0.136961607,0.405970928,0.501306224,1,1,1.073636384,1.04346281
4,"2_blimp_complete",0.1531,0.406,0.498,1,1,1.1015,1.0444
4,"3_lmer_naive",-0.422770172,0.549591539,0.352874035,0,0,0.862819221,0.798972995
4,"4_blimp_lmc_noaux",-0.4444,0.5499,0.341,0,0,0.8845,0.8001
4,"5_blimp_omc_aux",0.1357,0.4553,0.5928,0,1,1.1007,1.0741
4,"6_blimp_rescue",0.1376,0.42,0.5173,1,1,1.1199,1.0482
5,"1_lmer_complete",0.02817527,0.39520378,0.701720317,1,1,0.911658176,0.961214603
5,"2_blimp_complete",0.0393,0.3952,0.7092,1,1,0.9384,0.9615
5,"3_lmer_naive",-0.50838964,0.539790554,0.563974926,0,1,0.747229982,0.781253147
5,"4_blimp_lmc_noaux",-0.5127,0.54,0.5728,0,1,0.7684,0.7818
5,"5_blimp_omc_aux",-0.0359,0.4593,0.7717,0,0,0.928,1.0287
5,"6_blimp_rescue",0.0356,0.4194,0.7231,1,1,0.9491,0.9977
6,"1_lmer_complete",-0.157270956,0.393312652,0.625638931,1,1,1.085954852,0.997760969
6,"2_blimp_complete",-0.1645,0.3933,0.6106,1,1,1.1129,0.9984
6,"3_lmer_naive",-0.654850803,0.499996227,0.484467004,0,1,0.927714652,0.795663547
6,"4_blimp_lmc_noaux",-0.6447,0.5001,0.476,0,1,0.9568,0.7965
6,"5_blimp_omc_aux",-0.1905,0.4052,0.6777,1,1,1.0964,1.057
6,"6_blimp_rescue",-0.1364,0.3655,0.6286,1,1,1.1183,1.0207
7,"1_lmer_complete",-0.013802497,0.401681061,0.484831809,1,1,1.133708701,0.972308866
7,"2_blimp_complete",0.0021,0.4013,0.4916,1,1,1.1666,0.973
7,"3_lmer_naive",-0.507941991,0.507845959,0.340298611,0,0,0.909370688,0.747357958
7,"4_blimp_lmc_noaux",-0.487,0.5082,0.3284,0,0,0.9345,0.7481
7,"5_blimp_omc_aux",-0.0282,0.4054,0.5668,1,1,1.2052,0.9962
7,"6_blimp_rescue",0.017,0.3645,0.4858,1,1,1.2164,0.9601
8,"1_lmer_complete",0.083034476,0.380725022,0.555976226,1,1,0.940505747,0.996362981
8,"2_blimp_complete",0.0826,0.3806,0.5607,1,1,0.967,0.9964
8,"3_lmer_naive",-0.443406881,0.53164062,0.384816147,0,0,0.763390419,0.785570045
8,"4_blimp_lmc_noaux",-0.4521,0.5317,0.3742,0,0,0.7846,0.7861
8,"5_blimp_omc_aux",0.0722,0.4166,0.6138,1,1,0.978,1.0667
8,"6_blimp_rescue",0.1031,0.3852,0.5503,1,1,1.0202,1.0401
9,"1_lmer_complete",-0.063512911,0.432350488,0.611113473,0,1,1.171032012,0.982006728
9,"2_blimp_complete",-0.0611,0.4321,0.6286,0,1,1.2024,0.9828
9,"3_lmer_naive",-0.593852094,0.577816151,0.468114794,0,1,0.914605784,0.76326127
9,"4_blimp_lmc_noaux",-0.5922,0.578,0.4666,0,1,0.941,0.7635
9,"5_blimp_omc_aux",-0.0953,0.4979,0.6762,0,1,1.1677,1.0295
9,"6_blimp_rescue",-0.0839,0.454,0.6285,0,1,1.1773,0.9966
10,"1_lmer_complete",-0.03104656,0.401924704,0.466318231,1,1,1.167371165,0.986423011
10,"2_blimp_complete",-0.0108,0.4021,0.4752,1,1,1.2001,0.9866
10,"3_lmer_naive",-0.513900285,0.520497989,0.391340681,0,0,0.945365127,0.765597957
10,"4_blimp_lmc_noaux",-0.4999,0.5206,0.359,0,0,0.9697,0.7663
10,"5_blimp_omc_aux",-0.0437,0.3967,0.5491,1,1,1.1774,1.0258
10,"6_blimp_rescue",0.0054,0.3749,0.5011,1,1,1.2015,1.0083
11,"1_lmer_complete",-0.083205288,0.408116847,0.462878203,1,1,0.876714265,0.988308299
11,"2_blimp_complete",-0.0815,0.4078,0.463,1,1,0.9033,0.9886
11,"3_lmer_naive",-0.560180698,0.527120166,0.35158728,0,0,0.74471744,0.753730313
11,"4_blimp_lmc_noaux",-0.5596,0.5273,0.3416,0,0,0.7677,0.7545
11,"5_blimp_omc_aux",-0.078,0.4271,0.5849,1,1,0.9346,0.996
11,"6_blimp_rescue",-0.0807,0.3987,0.4921,1,1,0.9346,0.9728
12,"1_lmer_complete",-0.016431517,0.39694918,0.61969824,1,1,1.008187312,1.015433406
12,"2_blimp_complete",-0.0162,0.3969,0.6341,1,1,1.034,1.0157
12,"3_lmer_naive",-0.538108113,0.569572356,0.440644069,0,1,0.798070042,0.762717505
12,"4_blimp_lmc_noaux",-0.5463,0.5691,0.4492,0,1,0.8242,0.7636
12,"5_blimp_omc_aux",-0.0802,0.4651,0.6904,0,1,0.9905,1.0351
12,"6_blimp_rescue",-0.0167,0.4305,0.6595,1,1,1.0243,1.0093
13,"1_lmer_complete",-0.059866478,0.394234582,0.66379265,1,1,1.0085186,0.992302861
13,"2_blimp_complete",-0.0606,0.3947,0.6781,1,1,1.0356,0.9928
13,"3_lmer_naive",-0.635741185,0.530216005,0.517048724,0,1,0.763108332,0.769874602
13,"4_blimp_lmc_noaux",-0.6223,0.5304,0.5009,0,1,0.7854,0.7705
13,"5_blimp_omc_aux",-0.1224,0.4365,0.739,1,1,1.0094,1.0174
13,"6_blimp_rescue",-0.0423,0.4023,0.6757,1,1,1.0618,0.9919
14,"1_lmer_complete",0.031710498,0.403115084,0.673204287,1,1,0.99010129,1.014559437
14,"2_blimp_complete",0.013,0.4033,0.676,1,1,1.02,1.0152
14,"3_lmer_naive",-0.541475294,0.539335363,0.479185924,0,1,0.819856436,0.802878306
14,"4_blimp_lmc_noaux",-0.5445,0.5392,0.4999,0,1,0.8455,0.8037
14,"5_blimp_omc_aux",0.0327,0.443,0.7471,0,1,1.0359,1.0683
14,"6_blimp_rescue",0.086,0.4044,0.7173,1,1,1.0651,1.0371
15,"1_lmer_complete",-0.009021331,0.400431743,0.581581343,1,1,1.015423866,0.981358791
15,"2_blimp_complete",-0.0237,0.4007,0.5893,1,1,1.045,0.9821
15,"3_lmer_naive",-0.54492329,0.531006432,0.440004745,0,1,0.797492003,0.780410922
15,"4_blimp_lmc_noaux",-0.5446,0.5308,0.44,0,1,0.8226,0.7809
15,"5_blimp_omc_aux",-0.0258,0.426,0.6382,1,1,1.0641,1.0439
15,"6_blimp_rescue",0.0168,0.3898,0.5698,1,1,1.0751,1.0126
16,"1_lmer_complete",0.308051893,0.400451887,0.675800363,1,1,1.219767086,0.974621784
16,"2_blimp_complete",0.321,0.4002,0.694,1,1,1.2482,0.9752
16,"3_lmer_naive",-0.280555583,0.555322096,0.453327452,0,1,0.988359181,0.744607104
16,"4_blimp_lmc_noaux",-0.2766,0.5548,0.4588,0,1,1.014,0.7455
16,"5_blimp_omc_aux",0.2767,0.4582,0.689,0,1,1.2234,1.0312
16,"6_blimp_rescue",0.3256,0.4139,0.7012,1,1,1.2986,0.9961
17,"1_lmer_complete",-0.130833239,0.40564725,0.688825571,1,1,0.994498161,0.97657335
17,"2_blimp_complete",-0.1409,0.4054,0.6918,1,1,1.0213,0.9765
17,"3_lmer_naive",-0.656069111,0.538482384,0.505799283,0,1,0.865709336,0.738167862
17,"4_blimp_lmc_noaux",-0.6588,0.5383,0.5135,0,1,0.8922,0.7385
17,"5_blimp_omc_aux",-0.2005,0.4422,0.7586,0,1,1.0303,0.9904
17,"6_blimp_rescue",-0.1481,0.4065,0.7124,1,1,1.0676,0.9587
18,"1_lmer_complete",0.016642329,0.402734999,0.464919817,1,1,0.989650406,0.998578223
18,"2_blimp_complete",0.0239,0.4025,0.4559,1,1,1.0134,0.9989
18,"3_lmer_naive",-0.486766301,0.527676962,0.29964259,0,0,0.692627555,0.777117769
18,"4_blimp_lmc_noaux",-0.4877,0.5281,0.2807,0,0,0.7075,0.778
18,"5_blimp_omc_aux",-0.0136,0.4395,0.5298,1,1,0.9373,1.0098
18,"6_blimp_rescue",-0.0356,0.4009,0.4205,1,1,0.9288,0.9751
19,"1_lmer_complete",-0.16392963,0.402086133,0.617473149,1,1,1.032735411,0.980077513
19,"2_blimp_complete",-0.1462,0.402,0.6233,1,1,1.0638,0.9805
19,"3_lmer_naive",-0.694734741,0.525158561,0.449157514,0,1,0.833876553,0.779175546
19,"4_blimp_lmc_noaux",-0.6873,0.5256,0.4329,0,1,0.8528,0.7798
19,"5_blimp_omc_aux",-0.187,0.4344,0.6825,1,1,1.0771,1.0282
19,"6_blimp_rescue",-0.1468,0.3941,0.5692,1,1,1.0954,0.991
20,"1_lmer_complete",0.026308843,0.423764374,0.524103415,1,1,1.12532594,1.00752681
20,"2_blimp_complete",0.0371,0.4238,0.5284,1,1,1.1567,1.0081
20,"3_lmer_naive",-0.574818594,0.572985896,0.418688617,0,0,0.839374422,0.800605885
20,"4_blimp_lmc_noaux",-0.5739,0.5746,0.3926,0,0,0.8549,0.8015
20,"5_blimp_omc_aux",-0.0396,0.4822,0.641,0,1,1.0883,1.0691
20,"6_blimp_rescue",0.0175,0.445,0.5211,1,1,1.1565,1.0387
21,"1_lmer_complete",-0.145058105,0.405886279,0.500562841,1,1,0.81644771,1.015842973
21,"2_blimp_complete",-0.1534,0.4057,0.4947,1,1,0.8404,1.0164
21,"3_lmer_naive",-0.666235757,0.567085684,0.341209313,0,0,0.650563251,0.76402119
21,"4_blimp_lmc_noaux",-0.6669,0.5667,0.3349,0,0,0.6692,0.7648
21,"5_blimp_omc_aux",-0.1678,0.4786,0.5638,0,1,0.8125,1.0228
21,"6_blimp_rescue",-0.1636,0.4416,0.4969,0,1,0.8126,0.9965
22,"1_lmer_complete",0.194519113,0.389015045,0.541194146,1,1,1.028945388,1.015328707
22,"2_blimp_complete",0.1832,0.3892,0.5365,1,1,1.0565,1.0159
22,"3_lmer_naive",-0.333064466,0.519975351,0.340140446,0,0,0.863031433,0.785430957
22,"4_blimp_lmc_noaux",-0.3452,0.5196,0.3319,0,0,0.8911,0.7865
22,"5_blimp_omc_aux",0.2063,0.417,0.596,1,1,1.0744,1.0712
22,"6_blimp_rescue",0.2298,0.3764,0.5618,1,1,1.0969,1.0369
23,"1_lmer_complete",0.163385866,0.398322778,0.577794027,1,1,1.30084072,0.992845815
23,"2_blimp_complete",0.1728,0.3985,0.5832,1,1,1.3405,0.9942
23,"3_lmer_naive",-0.352484277,0.532167627,0.413051881,0,1,1.092024328,0.797495788
23,"4_blimp_lmc_noaux",-0.3421,0.5323,0.4139,0,1,1.1208,0.7981
23,"5_blimp_omc_aux",0.1511,0.4527,0.6267,0,1,1.3587,1.0413
23,"6_blimp_rescue",0.1735,0.4138,0.5422,1,1,1.38,1.0084
24,"1_lmer_complete",0.075555844,0.403902838,0.500584793,1,1,1.166019677,0.952900769
24,"2_blimp_complete",0.0921,0.4041,0.5092,1,1,1.1973,0.9532
24,"3_lmer_naive",-0.42202944,0.554818907,0.341700279,0,0,0.971712519,0.736646735
24,"4_blimp_lmc_noaux",-0.422,0.5545,0.3166,0,0,0.9969,0.7375
24,"5_blimp_omc_aux",0.0791,0.4678,0.5532,0,1,1.1781,0.9793
24,"6_blimp_rescue",0.099,0.4327,0.4796,1,1,1.195,0.9551
25,"1_lmer_complete",-0.162043531,0.388433201,0.668416437,1,1,0.784316322,1.018164959
25,"2_blimp_complete",-0.1667,0.3887,0.6643,1,1,0.8044,1.0187
25,"3_lmer_naive",-0.68553795,0.524251322,0.468730029,0,1,0.640257174,0.787322402
25,"4_blimp_lmc_noaux",-0.6824,0.5245,0.4618,0,1,0.6585,0.7879
25,"5_blimp_omc_aux",-0.2218,0.4327,0.6981,1,1,0.7639,1.0339
25,"6_blimp_rescue",-0.1462,0.3931,0.6608,1,1,0.7891,0.9986
26,"1_lmer_complete",0.158063967,0.393519189,0.54279005,1,1,1.052592479,0.998309974
26,"2_blimp_complete",0.1796,0.3939,0.5584,1,1,1.0806,0.9986
26,"3_lmer_naive",-0.334242779,0.513962349,0.406357345,0,0,0.896120568,0.795809233
26,"4_blimp_lmc_noaux",-0.3317,0.5136,0.3912,0,0,0.9202,0.7964
26,"5_blimp_omc_aux",0.1801,0.4168,0.6653,1,1,1.1248,1.0433
26,"6_blimp_rescue",0.2234,0.3835,0.6217,1,1,1.1581,1.0101
27,"1_lmer_complete",-0.023973849,0.406011737,0.619581657,1,1,0.904586693,1.004955151
27,"2_blimp_complete",-0.0237,0.4058,0.6039,1,1,0.9274,1.0054
27,"3_lmer_naive",-0.578293553,0.541193829,0.457446418,0,1,0.726936111,0.773593582
27,"4_blimp_lmc_noaux",-0.5731,0.541,0.4514,0,0,0.7456,0.7748
27,"5_blimp_omc_aux",-0.0556,0.4461,0.6516,0,1,0.9223,1.0462
27,"6_blimp_rescue",-0.027,0.4105,0.6303,1,1,0.9356,1.0147
28,"1_lmer_complete",-0.03750996,0.379188863,0.5375113,1,1,0.939596701,1.010603593
28,"2_blimp_complete",-0.0295,0.3791,0.5488,1,1,0.9624,1.0109
28,"3_lmer_naive",-0.59552961,0.510584742,0.347197885,0,0,0.757320207,0.779704087
28,"4_blimp_lmc_noaux",-0.5984,0.5107,0.3316,0,0,0.7777,0.7806
28,"5_blimp_omc_aux",-0.0382,0.4026,0.591,1,1,1.0289,1.0377
28,"6_blimp_rescue",-0.0366,0.37,0.537,1,1,1.0511,1.0076
29,"1_lmer_complete",-0.056260376,0.390751849,0.585025824,1,1,0.832401794,1.008275383
29,"2_blimp_complete",-0.0504,0.3906,0.5848,1,1,0.8524,1.0089
29,"3_lmer_naive",-0.540743442,0.52309045,0.47454143,0,1,0.738584122,0.786785781
29,"4_blimp_lmc_noaux",-0.5318,0.5234,0.4764,0,1,0.7624,0.7875
29,"5_blimp_omc_aux",-0.0632,0.4266,0.6784,1,1,0.8402,1.0416
29,"6_blimp_rescue",-0.005,0.3922,0.6657,1,1,0.8581,1.0119
30,"1_lmer_complete",0.040165778,0.391864409,0.636047205,1,1,1.021874183,0.988042048
30,"2_blimp_complete",0.0196,0.3921,0.6423,1,1,1.0471,0.9884
30,"3_lmer_naive",-0.495796028,0.52261677,0.472858627,0,1,0.872567862,0.768006753
30,"4_blimp_lmc_noaux",-0.5089,0.5223,0.481,0,1,0.8967,0.7687
30,"5_blimp_omc_aux",0.0194,0.4231,0.6917,1,1,1.0499,1.0248
30,"6_blimp_rescue",0.0579,0.3906,0.6533,1,1,1.0763,0.9974
31,"1_lmer_complete",0.067126645,0.393937111,0.529270498,1,1,0.944362097,0.980010706
31,"2_blimp_complete",0.0753,0.3942,0.5373,1,1,0.9693,0.9809
31,"3_lmer_naive",-0.486347882,0.532588602,0.292723036,0,0,0.804968743,0.765180371
31,"4_blimp_lmc_noaux",-0.4876,0.5325,0.2684,0,0,0.8234,0.7661
31,"5_blimp_omc_aux",0.0549,0.4434,0.5689,1,1,0.9597,1.0221
31,"6_blimp_rescue",0.069,0.4051,0.4827,1,1,0.9855,0.9995
32,"1_lmer_complete",0.0525979,0.424234403,0.65357541,1,1,0.984503963,0.984165686
32,"2_blimp_complete",0.0332,0.4239,0.667,1,1,1.0138,0.9847
32,"3_lmer_naive",-0.506045367,0.550423756,0.49251406,0,1,0.71256709,0.781524512
32,"4_blimp_lmc_noaux",-0.5114,0.5507,0.4867,0,1,0.7356,0.7828
32,"5_blimp_omc_aux",0.0309,0.4591,0.7132,0,1,1.0034,1.0378
32,"6_blimp_rescue",0.0613,0.4237,0.6789,1,1,1.0191,1.0083
33,"1_lmer_complete",-0.197247097,0.374794199,0.509234283,1,1,1.098406516,0.990012313
33,"2_blimp_complete",-0.2165,0.3746,0.5136,1,1,1.1292,0.9904
33,"3_lmer_naive",-0.65697951,0.485042795,0.379180436,0,0,0.891000775,0.81910526
33,"4_blimp_lmc_noaux",-0.6622,0.485,0.3823,0,0,0.919,0.8195
33,"5_blimp_omc_aux",-0.2265,0.3999,0.5915,1,1,1.1202,1.0457
33,"6_blimp_rescue",-0.1802,0.3646,0.5243,1,1,1.1212,1.0118
34,"1_lmer_complete",-0.037356898,0.402148772,0.481924823,1,1,1.032017141,0.975638844
34,"2_blimp_complete",-0.0272,0.4022,0.4846,1,1,1.0588,0.9758
34,"3_lmer_naive",-0.470394071,0.528677928,0.26291262,0,0,0.895303522,0.770783178
34,"4_blimp_lmc_noaux",-0.4774,0.5286,0.2518,0,0,0.9244,0.7717
34,"5_blimp_omc_aux",-0.0364,0.4344,0.4891,1,1,1.0486,1.009
34,"6_blimp_rescue",-0.0255,0.403,0.4695,1,1,1.0567,0.9852
35,"1_lmer_complete",-0.059880451,0.378914915,0.700181463,1,1,1.059341349,1.017127476
35,"2_blimp_complete",-0.0675,0.3789,0.7432,1,1,1.0865,1.0176
35,"3_lmer_naive",-0.622101956,0.505510575,0.503966723,0,1,0.865204531,0.801996439
35,"4_blimp_lmc_noaux",-0.6157,0.5062,0.493,0,1,0.894,0.8026
35,"5_blimp_omc_aux",-0.0897,0.4046,0.7893,1,1,1.1467,1.0605
35,"6_blimp_rescue",-0.0132,0.3727,0.7812,1,1,1.2251,1.032
36,"1_lmer_complete",0.044587767,0.397545188,0.808871982,1,0,0.950378764,1.006277514
36,"2_blimp_complete",0.0327,0.3975,0.8234,1,1,0.9754,1.007
36,"3_lmer_naive",-0.576514468,0.521746108,0.542622243,0,1,0.683077471,0.770672096
36,"4_blimp_lmc_noaux",-0.581,0.5216,0.5472,0,1,0.7007,0.7714
36,"5_blimp_omc_aux",-0.0447,0.424,0.8377,1,0,0.9064,1.0448
36,"6_blimp_rescue",0.0612,0.3836,0.8121,1,1,0.9542,1.0086
37,"1_lmer_complete",-0.144911047,0.388968744,0.554920489,1,1,1.127723865,1.011499554
37,"2_blimp_complete",-0.1501,0.3889,0.5571,1,1,1.1606,1.0126
37,"3_lmer_naive",-0.65969004,0.533098091,0.392402483,0,0,0.960425404,0.741711155
37,"4_blimp_lmc_noaux",-0.6766,0.533,0.4,0,1,0.9859,0.7427
37,"5_blimp_omc_aux",-0.1888,0.425,0.592,1,1,1.1949,1.017
37,"6_blimp_rescue",-0.1659,0.3909,0.5453,1,1,1.2127,0.9895
38,"1_lmer_complete",0.155038407,0.409643628,0.572272723,1,1,0.813085338,0.978992696
38,"2_blimp_complete",0.1451,0.4096,0.5798,1,1,0.8366,0.9797
38,"3_lmer_naive",-0.31680415,0.533302607,0.437154698,0,1,0.702142918,0.754999518
38,"4_blimp_lmc_noaux",-0.3147,0.5331,0.4215,0,0,0.7215,0.7557
38,"5_blimp_omc_aux",0.1184,0.4315,0.6047,1,1,0.7997,0.999
38,"6_blimp_rescue",0.162,0.4002,0.5488,1,1,0.8073,0.9722
39,"1_lmer_complete",0.212176681,0.413443885,0.699896551,1,1,1.310216484,1.004481694
39,"2_blimp_complete",0.2307,0.4135,0.7188,1,1,1.3442,1.005
39,"3_lmer_naive",-0.395969749,0.559709474,0.513773757,0,1,0.996051423,0.799902166
39,"4_blimp_lmc_noaux",-0.4104,0.5596,0.5075,0,1,1.0299,0.8009
39,"5_blimp_omc_aux",0.1382,0.4673,0.7948,0,1,1.3483,1.0813
39,"6_blimp_rescue",0.2637,0.4235,0.7592,1,1,1.4574,1.0512
40,"1_lmer_complete",-0.079376509,0.40273857,0.765597809,1,1,0.715392551,1.0261082
40,"2_blimp_complete",-0.0645,0.4026,0.7763,1,1,0.7317,1.0267
40,"3_lmer_naive",-0.687783887,0.556685884,0.563577118,0,1,0.537465544,0.754820178
40,"4_blimp_lmc_noaux",-0.6893,0.5572,0.5534,0,1,0.5519,0.7556
40,"5_blimp_omc_aux",-0.1852,0.4581,0.8063,0,0,0.6822,1.0513
40,"6_blimp_rescue",-0.1115,0.415,0.7658,1,1,0.7151,1.0155
41,"1_lmer_complete",0.085608923,0.390078078,0.860083919,1,0,1.071425723,0.986256796
41,"2_blimp_complete",0.1095,0.3899,0.8847,1,0,1.0996,0.9867
41,"3_lmer_naive",-0.532860889,0.500339929,0.625319168,0,1,0.782734591,0.767438888
41,"4_blimp_lmc_noaux",-0.5215,0.5007,0.6328,0,1,0.8063,0.7684
41,"5_blimp_omc_aux",-0.0127,0.4115,0.849,1,0,0.9996,0.9932
41,"6_blimp_rescue",0.062,0.374,0.8448,1,0,1.0801,0.9604
42,"1_lmer_complete",-0.113663683,0.413145589,0.685707789,1,1,0.890122666,0.980651137
42,"2_blimp_complete",-0.1226,0.4132,0.6993,1,1,0.9144,0.9813
42,"3_lmer_naive",-0.647713856,0.534651851,0.481199801,0,1,0.76622535,0.746307639
42,"4_blimp_lmc_noaux",-0.6442,0.5342,0.4787,0,1,0.7926,0.7471
42,"5_blimp_omc_aux",-0.1729,0.4508,0.7155,0,1,0.9056,0.997
42,"6_blimp_rescue",-0.0875,0.4017,0.6736,1,1,0.9467,0.9555
43,"1_lmer_complete",0.054900227,0.406185864,0.730189016,1,1,1.228964993,1.010609442
43,"2_blimp_complete",0.0562,0.4067,0.7107,1,1,1.264,1.0114
43,"3_lmer_naive",-0.578350652,0.516340997,0.516643283,0,1,0.779820416,0.804218482
43,"4_blimp_lmc_noaux",-0.5739,0.5169,0.4994,0,1,0.8037,0.8045
43,"5_blimp_omc_aux",-0.0204,0.4387,0.7902,1,0,1.133,1.0473
43,"6_blimp_rescue",0.0224,0.3978,0.6977,1,1,1.1747,1.0134
44,"1_lmer_complete",0.082709436,0.425482531,0.693863787,1,1,1.131226478,1.011126365
44,"2_blimp_complete",0.0932,0.4254,0.704,1,1,1.1632,1.0117
44,"3_lmer_naive",-0.481063773,0.564409409,0.470818416,0,1,0.903163245,0.751102034
44,"4_blimp_lmc_noaux",-0.4666,0.5647,0.446,0,1,0.9289,0.7515
44,"5_blimp_omc_aux",0.0037,0.4644,0.769,0,1,1.2021,1.0262
44,"6_blimp_rescue",0.0828,0.4247,0.6622,1,1,1.2705,0.9983
45,"1_lmer_complete",0.127655173,0.417951002,0.636398629,1,1,1.034282377,1.018449783
45,"2_blimp_complete",0.1349,0.4183,0.6271,1,1,1.0636,1.0186
45,"3_lmer_naive",-0.466682462,0.534418865,0.446866512,0,1,0.827071458,0.75156065
45,"4_blimp_lmc_noaux",-0.478,0.5349,0.4413,0,1,0.8481,0.7528
45,"5_blimp_omc_aux",0.0836,0.4346,0.6924,1,1,1.0267,1.0479
45,"6_blimp_rescue",0.1304,0.3789,0.6172,1,1,1.0532,0.9974
46,"1_lmer_complete",-0.136628219,0.41279453,0.579508267,1,1,0.774268717,1.025583992
46,"2_blimp_complete",-0.1454,0.4125,0.5897,1,1,0.7971,1.0261
46,"3_lmer_naive",-0.612961851,0.545309015,0.402559911,0,0,0.713029491,0.799112682
46,"4_blimp_lmc_noaux",-0.6054,0.545,0.3905,0,0,0.7345,0.8
46,"5_blimp_omc_aux",-0.1547,0.4491,0.6244,0,1,0.7776,1.068
46,"6_blimp_rescue",-0.1087,0.4122,0.5901,1,1,0.7862,1.032
47,"1_lmer_complete",-0.195453272,0.422417783,0.713802447,1,1,1.038478967,1.009398287
47,"2_blimp_complete",-0.1957,0.4224,0.7106,1,1,1.0702,1.0101
47,"3_lmer_naive",-0.724514536,0.557028197,0.557993269,0,1,0.830369458,0.791192782
47,"4_blimp_lmc_noaux",-0.7257,0.557,0.5566,0,1,0.8521,0.7915
47,"5_blimp_omc_aux",-0.2377,0.455,0.7658,0,1,1.0586,1.0704
47,"6_blimp_rescue",-0.1596,0.4178,0.6794,1,1,1.0864,1.0365
48,"1_lmer_complete",-0.094946562,0.406179662,0.58222468,1,1,0.731404104,0.979950364
48,"2_blimp_complete",-0.0957,0.4061,0.5955,1,1,0.75,0.9801
48,"3_lmer_naive",-0.60703124,0.51591133,0.472475249,0,1,0.599978792,0.769812767
48,"4_blimp_lmc_noaux",-0.6042,0.5157,0.4745,0,1,0.6168,0.7705
48,"5_blimp_omc_aux",-0.1013,0.4242,0.6746,1,1,0.7726,1.0181
48,"6_blimp_rescue",-0.07,0.3856,0.6027,1,1,0.7825,0.9825
49,"1_lmer_complete",-0.007618268,0.416498628,0.6435143,1,1,1.02171356,0.988555256
49,"2_blimp_complete",0.007,0.4167,0.6506,1,1,1.0491,0.9892
49,"3_lmer_naive",-0.52678421,0.55880662,0.452396715,0,1,0.928135822,0.778765376
49,"4_blimp_lmc_noaux",-0.5388,0.5592,0.4376,0,1,0.9538,0.7802
49,"5_blimp_omc_aux",-0.0181,0.4568,0.7287,0,1,1.0568,1.0585
49,"6_blimp_rescue",0.035,0.4206,0.6737,1,1,1.0927,1.0265
50,"1_lmer_complete",-0.223185235,0.418850426,0.819901332,1,0,0.868422249,1.02364962
50,"2_blimp_complete",-0.2198,0.419,0.8224,1,0,0.8901,1.0237
50,"3_lmer_naive",-0.768468797,0.542116088,0.577859649,0,1,0.617067985,0.836733183
50,"4_blimp_lmc_noaux",-0.7713,0.5422,0.584,0,1,0.6345,0.8372
50,"5_blimp_omc_aux",-0.2452,0.4401,0.8465,1,0,0.9195,1.1233
50,"6_blimp_rescue",-0.1772,0.4004,0.7923,1,1,0.9611,1.0857
51,"1_lmer_complete",0.087221379,0.394998428,0.596590769,1,1,0.878847785,1.004388987
51,"2_blimp_complete",0.0804,0.3951,0.5886,1,1,0.9023,1.0047
51,"3_lmer_naive",-0.438349444,0.517904422,0.443799446,0,0,0.743923213,0.842732921
51,"4_blimp_lmc_noaux",-0.4441,0.5171,0.4461,0,1,0.7687,0.8439
51,"5_blimp_omc_aux",0.0955,0.4282,0.6823,1,1,0.9135,1.1181
51,"6_blimp_rescue",0.1573,0.3875,0.6517,1,1,0.9344,1.0828
52,"1_lmer_complete",-0.042471517,0.382762061,0.6518016,1,1,0.937103017,0.984055253
52,"2_blimp_complete",-0.05,0.3828,0.6488,1,1,0.9558,0.9844
52,"3_lmer_naive",-0.569025276,0.507619017,0.489451123,0,1,0.794329652,0.765961857
52,"4_blimp_lmc_noaux",-0.5701,0.5066,0.517,0,1,0.8124,0.7669
52,"5_blimp_omc_aux",-0.0797,0.4096,0.7077,1,1,0.9349,1.0083
52,"6_blimp_rescue",-0.0194,0.3836,0.7018,1,1,0.97,0.9876
53,"1_lmer_complete",-0.064030715,0.401192676,0.582141223,1,1,1.059770872,0.977874884
53,"2_blimp_complete",-0.0652,0.4013,0.5906,1,1,1.0867,0.9784
53,"3_lmer_naive",-0.605425846,0.532901678,0.379574707,0,0,0.872404871,0.745900856
53,"4_blimp_lmc_noaux",-0.6084,0.5325,0.367,0,0,0.8922,0.7463
53,"5_blimp_omc_aux",-0.0731,0.4378,0.6469,1,1,1.1054,1.0279
53,"6_blimp_rescue",-0.0349,0.3905,0.5572,1,1,1.1508,0.9893
54,"1_lmer_complete",0.089706294,0.389826369,0.339583098,1,0,0.931411886,0.999456467
54,"2_blimp_complete",0.0844,0.3899,0.3337,1,0,0.9645,1
54,"3_lmer_naive",-0.352665732,0.539132622,0.226810521,0,0,0.794982965,0.76916268
54,"4_blimp_lmc_noaux",-0.36,0.5394,0.1993,0,0,0.8085,0.7697
54,"5_blimp_omc_aux",0.1372,0.4201,0.4236,1,0,0.9761,1.0497
54,"6_blimp_rescue",0.108,0.3891,0.345,1,0,0.9465,1.0224
55,"1_lmer_complete",0.075545251,0.404993924,0.615560015,1,1,1.204502171,0.975670339
55,"2_blimp_complete",0.0661,0.4049,0.6202,1,1,1.2357,0.9764
55,"3_lmer_naive",-0.419776927,0.535886242,0.4756065,0,1,1.016542865,0.782526507
55,"4_blimp_lmc_noaux",-0.4009,0.5359,0.4623,0,1,1.0448,0.7834
55,"5_blimp_omc_aux",0.0683,0.435,0.6622,1,1,1.1837,1.0434
55,"6_blimp_rescue",0.0942,0.4027,0.6282,1,1,1.2042,1.015
56,"1_lmer_complete",0.211476893,0.412400098,0.596822684,1,1,1.224351739,1.032028536
56,"2_blimp_complete",0.2283,0.4124,0.612,1,1,1.2635,1.0323
56,"3_lmer_naive",-0.414438238,0.566269489,0.511689757,0,1,0.804667882,0.788486614
56,"4_blimp_lmc_noaux",-0.4153,0.5666,0.5015,0,1,0.8279,0.7892
56,"5_blimp_omc_aux",0.1587,0.4695,0.7192,0,1,1.1878,1.0798
56,"6_blimp_rescue",0.1951,0.4299,0.6115,1,1,1.2152,1.0481
57,"1_lmer_complete",0.023636107,0.391131326,0.619319995,1,1,1.160958249,0.996607963
57,"2_blimp_complete",0.0443,0.3911,0.6104,1,1,1.1949,0.9972
57,"3_lmer_naive",-0.505503957,0.520325139,0.475265641,0,1,0.935335886,0.765334605
57,"4_blimp_lmc_noaux",-0.5236,0.5199,0.4921,0,1,0.9626,0.7661
57,"5_blimp_omc_aux",0.0034,0.4216,0.6654,1,1,1.1838,1.0186
57,"6_blimp_rescue",0.0217,0.3864,0.6191,1,1,1.2254,0.9904
58,"1_lmer_complete",0.161716335,0.409030219,0.664618053,1,1,1.069477854,1.026313503
58,"2_blimp_complete",0.1523,0.4094,0.6421,1,1,1.1003,1.027
58,"3_lmer_naive",-0.451929781,0.539418547,0.5118451,0,1,0.896420435,0.742152577
58,"4_blimp_lmc_noaux",-0.4563,0.5395,0.5121,0,1,0.9239,0.7428
58,"5_blimp_omc_aux",0.0843,0.4423,0.7286,1,1,1.0398,1.0112
58,"6_blimp_rescue",0.1445,0.408,0.6783,1,1,1.0759,0.9857
59,"1_lmer_complete",-0.22043015,0.382478968,0.681917073,1,1,0.729085596,0.961733579
59,"2_blimp_complete",-0.2268,0.3825,0.6867,1,1,0.7454,0.9627
59,"3_lmer_naive",-0.743901192,0.530940439,0.461228447,0,0,0.595022468,0.765879664
59,"4_blimp_lmc_noaux",-0.7465,0.5302,0.47,0,1,0.6118,0.7672
59,"5_blimp_omc_aux",-0.2623,0.4335,0.7438,1,0,0.6887,1.0379
59,"6_blimp_rescue",-0.2016,0.3893,0.7276,1,1,0.7183,1.0003
60,"1_lmer_complete",-0.0225801,0.387966405,0.617933078,1,1,0.961273541,0.978498849
60,"2_blimp_complete",-0.0214,0.3882,0.6159,1,1,0.9892,0.9795
60,"3_lmer_naive",-0.567765837,0.525120222,0.474419023,0,1,0.813399033,0.767201554
60,"4_blimp_lmc_noaux",-0.5716,0.526,0.4668,0,1,0.8357,0.7682
60,"5_blimp_omc_aux",-0.0423,0.4186,0.6941,1,1,1.0426,1.0262
60,"6_blimp_rescue",0.0109,0.3893,0.6941,1,1,1.0911,0.9993
61,"1_lmer_complete",0.111557339,0.397525886,0.461225455,1,1,0.905231563,0.977619509
61,"2_blimp_complete",0.1349,0.3976,0.4756,1,1,0.927,0.9784
61,"3_lmer_naive",-0.413534467,0.551587746,0.35900557,0,0,0.597734955,0.773276563
61,"4_blimp_lmc_noaux",-0.4119,0.5517,0.3439,0,0,0.612,0.7739
61,"5_blimp_omc_aux",0.1281,0.4581,0.6012,0,1,0.8498,1.0345
61,"6_blimp_rescue",0.1475,0.4204,0.5335,1,1,0.8528,1.0046
62,"1_lmer_complete",0.191014251,0.39513653,0.653737782,1,1,1.114940622,1.021141465
62,"2_blimp_complete",0.1959,0.3952,0.6513,1,1,1.147,1.0215
62,"3_lmer_naive",-0.38537599,0.536907654,0.496815551,0,1,0.842755028,0.775641104
62,"4_blimp_lmc_noaux",-0.3949,0.537,0.4905,0,1,0.8686,0.7762
62,"5_blimp_omc_aux",0.1631,0.4148,0.677,1,1,1.0851,1.0854
62,"6_blimp_rescue",0.2112,0.3823,0.635,1,1,1.1186,1.055
63,"1_lmer_complete",0.09323605,0.376963159,0.634432621,1,1,0.923219962,0.979676758
63,"2_blimp_complete",0.091,0.3773,0.6443,1,1,0.9524,0.9801
63,"3_lmer_naive",-0.475984441,0.511541361,0.459004621,0,1,0.719432969,0.730152044
63,"4_blimp_lmc_noaux",-0.4631,0.5125,0.436,0,1,0.7414,0.7309
63,"5_blimp_omc_aux",0.0377,0.4049,0.6965,1,1,0.9008,0.9815
63,"6_blimp_rescue",0.0897,0.3652,0.652,1,1,0.9411,0.9435
64,"1_lmer_complete",-0.015765652,0.403223822,0.577803215,1,1,0.816453537,0.98829643
64,"2_blimp_complete",-0.0275,0.4031,0.5932,1,1,0.8365,0.9889
64,"3_lmer_naive",-0.551074708,0.567498138,0.330605767,0,0,0.625119166,0.761024721
64,"4_blimp_lmc_noaux",-0.5556,0.5679,0.3021,0,0,0.6384,0.7622
64,"5_blimp_omc_aux",-0.006,0.4671,0.5896,0,1,0.8125,1.0546
64,"6_blimp_rescue",0.0027,0.422,0.5202,1,1,0.8084,1.0197
65,"1_lmer_complete",0.118708067,0.430183187,0.525188135,0,1,0.838235268,1.021472997
65,"2_blimp_complete",0.1207,0.4303,0.541,0,1,0.8642,1.0225
65,"3_lmer_naive",-0.474757154,0.549564719,0.378778301,0,0,0.610918006,0.770125732
65,"4_blimp_lmc_noaux",-0.4844,0.5496,0.3658,0,0,0.626,0.7713
65,"5_blimp_omc_aux",0.0798,0.4579,0.6117,0,1,0.8354,1.0525
65,"6_blimp_rescue",0.1013,0.414,0.5359,1,1,0.8527,1.0177
66,"1_lmer_complete",0.011237047,0.396868317,0.490730501,1,1,0.838144043,0.971455424
66,"2_blimp_complete",0.0194,0.3968,0.4812,1,1,0.8628,0.972
66,"3_lmer_naive",-0.460490148,0.525122496,0.405409997,0,0,0.719476625,0.78465511
66,"4_blimp_lmc_noaux",-0.465,0.5246,0.4048,0,0,0.74,0.7851
66,"5_blimp_omc_aux",0.0254,0.4266,0.5996,1,1,0.8922,1.0335
66,"6_blimp_rescue",0.0473,0.3957,0.5359,1,1,0.9012,1.0055
67,"1_lmer_complete",-0.019921706,0.393094696,0.595971144,1,1,0.971057938,1.01017579
67,"2_blimp_complete",-0.02,0.393,0.5997,1,1,1.0012,1.0106
67,"3_lmer_naive",-0.537942567,0.510134841,0.425248876,0,0,0.733318698,0.810500789
67,"4_blimp_lmc_noaux",-0.5393,0.5104,0.4133,0,1,0.753,0.8111
67,"5_blimp_omc_aux",-0.0164,0.4164,0.6447,1,1,1.009,1.0624
67,"6_blimp_rescue",-0.0108,0.3795,0.5801,1,1,1.0209,1.0288
68,"1_lmer_complete",0.237622369,0.40884949,0.490943426,1,1,1.186086668,0.990313916
68,"2_blimp_complete",0.2444,0.4088,0.4948,1,1,1.2159,0.9912
68,"3_lmer_naive",-0.272069432,0.541930099,0.349735149,0,0,1.010871315,0.75994922
68,"4_blimp_lmc_noaux",-0.2901,0.5416,0.3597,0,0,1.0377,0.7609
68,"5_blimp_omc_aux",0.2533,0.4583,0.5899,0,1,1.2797,1.0069
68,"6_blimp_rescue",0.2611,0.4143,0.5682,1,1,1.3261,0.9786
69,"1_lmer_complete",0.043402652,0.401769241,0.499295604,1,1,1.125625759,1.005252901
69,"2_blimp_complete",0.0361,0.4015,0.5124,1,1,1.1598,1.0057
69,"3_lmer_naive",-0.483436653,0.551159544,0.389639959,0,0,0.921347631,0.749104944
69,"4_blimp_lmc_noaux",-0.4739,0.5512,0.3841,0,0,0.9459,0.7502
69,"5_blimp_omc_aux",4e-04,0.4531,0.5974,0,1,1.144,1.0239
69,"6_blimp_rescue",0.0551,0.4137,0.5224,1,1,1.1551,0.9954
70,"1_lmer_complete",0.143042465,0.41422846,0.609796975,1,1,1.138187918,0.997493319
70,"2_blimp_complete",0.1502,0.4141,0.6055,1,1,1.1679,0.9983
70,"3_lmer_naive",-0.439403371,0.573732754,0.521554715,0,1,0.829806563,0.751035934
70,"4_blimp_lmc_noaux",-0.4442,0.5737,0.5102,0,1,0.8513,0.7517
70,"5_blimp_omc_aux",0.1133,0.4586,0.7066,0,1,1.1327,1.0523
70,"6_blimp_rescue",0.1446,0.4196,0.631,1,1,1.1588,1.016
71,"1_lmer_complete",0.058704364,0.410303868,0.644071723,1,1,0.780279761,0.999228907
71,"2_blimp_complete",0.0742,0.4105,0.6527,1,1,0.8029,0.9997
71,"3_lmer_naive",-0.471438529,0.559184987,0.47928351,0,1,0.622103152,0.737565382
71,"4_blimp_lmc_noaux",-0.464,0.559,0.4745,0,1,0.6385,0.7381
71,"5_blimp_omc_aux",0.0149,0.4653,0.7081,0,1,0.764,1.0073
71,"6_blimp_rescue",0.0664,0.4271,0.6818,1,1,0.7824,0.982
72,"1_lmer_complete",0.166531244,0.397701979,0.757763234,1,1,0.985333639,0.97764531
72,"2_blimp_complete",0.1759,0.3978,0.7698,1,1,1.0071,0.9783
72,"3_lmer_naive",-0.399791058,0.507621959,0.467614366,0,1,0.81703002,0.794445513
72,"4_blimp_lmc_noaux",-0.3907,0.5066,0.4655,0,1,0.8407,0.7949
72,"5_blimp_omc_aux",0.0937,0.4229,0.7519,1,1,0.9369,1.0307
72,"6_blimp_rescue",0.1689,0.386,0.7512,1,1,0.9733,0.9968
73,"1_lmer_complete",0.032395068,0.431414046,0.645130302,0,1,0.964047544,0.98379951
73,"2_blimp_complete",0.0432,0.4312,0.6617,0,1,0.9925,0.9845
73,"3_lmer_naive",-0.507565977,0.568407668,0.493471238,0,1,0.70925911,0.765154296
73,"4_blimp_lmc_noaux",-0.511,0.5689,0.4886,0,1,0.726,0.7659
73,"5_blimp_omc_aux",-0.027,0.4718,0.6954,0,1,0.9131,1.0206
73,"6_blimp_rescue",0.0268,0.4371,0.6892,1,1,0.9494,0.9929
74,"1_lmer_complete",0.065316927,0.391679115,0.647434904,1,1,1.088018453,1.010423893
74,"2_blimp_complete",0.0861,0.3915,0.6542,1,1,1.1203,1.0111
74,"3_lmer_naive",-0.525413847,0.520144627,0.463808459,0,1,0.889439713,0.803336084
74,"4_blimp_lmc_noaux",-0.5185,0.5198,0.4632,0,1,0.9153,0.8043
74,"5_blimp_omc_aux",0.0251,0.4296,0.7166,1,1,1.0658,1.0659
74,"6_blimp_rescue",0.1005,0.3929,0.7162,1,1,1.1083,1.0369
75,"1_lmer_complete",0.040305257,0.407588688,0.598206483,1,1,1.048577692,1.006555433
75,"2_blimp_complete",0.0541,0.4074,0.5847,1,1,1.0801,1.0071
75,"3_lmer_naive",-0.503959505,0.54061777,0.439877568,0,0,0.872785275,0.770199475
75,"4_blimp_lmc_noaux",-0.4938,0.5405,0.4279,0,0,0.8983,0.7712
75,"5_blimp_omc_aux",0.0475,0.4447,0.6545,0,1,1.0492,1.0669
75,"6_blimp_rescue",0.078,0.4077,0.6158,1,1,1.0701,1.036
76,"1_lmer_complete",-0.039350738,0.360496199,0.647193213,0,1,1.027896926,0.984844574
76,"2_blimp_complete",-0.0328,0.36,0.6422,0,1,1.0546,0.9854
76,"3_lmer_naive",-0.590831114,0.485591453,0.476575376,0,1,0.905959147,0.730550467
76,"4_blimp_lmc_noaux",-0.5872,0.4854,0.4798,0,1,0.93,0.7314
76,"5_blimp_omc_aux",-0.1091,0.3692,0.6692,1,1,1.0527,0.9728
76,"6_blimp_rescue",-0.0385,0.3376,0.6326,0,1,1.0852,0.9441
77,"1_lmer_complete",-0.07996115,0.400484345,0.76226339,1,1,0.883296148,0.984638568
77,"2_blimp_complete",-0.0761,0.4005,0.7677,1,1,0.9062,0.9849
77,"3_lmer_naive",-0.638473666,0.512912764,0.557173,0,1,0.744931901,0.75421717
77,"4_blimp_lmc_noaux",-0.6368,0.513,0.5628,0,1,0.7625,0.7554
77,"5_blimp_omc_aux",-0.1595,0.4156,0.7889,1,0,0.887,1.0063
77,"6_blimp_rescue",-0.0734,0.3765,0.8012,1,1,0.9298,0.9713
78,"1_lmer_complete",-0.121719316,0.428965814,0.588291353,0,1,1.147157694,0.997873661
78,"2_blimp_complete",-0.1166,0.4288,0.5877,0,1,1.1765,0.9981
78,"3_lmer_naive",-0.681977143,0.555634809,0.468127811,0,1,0.909708755,0.785830802
78,"4_blimp_lmc_noaux",-0.6773,0.5556,0.4618,0,1,0.9347,0.7867
78,"5_blimp_omc_aux",-0.1576,0.4681,0.7011,0,1,1.1798,1.0627
78,"6_blimp_rescue",-0.1096,0.43,0.6318,1,1,1.214,1.0362
79,"1_lmer_complete",0.037085819,0.395837716,0.689690831,1,1,0.948866853,1.016509328
79,"2_blimp_complete",0.0407,0.3961,0.6908,1,1,0.968,1.0169
79,"3_lmer_naive",-0.541330311,0.538865189,0.469864612,0,1,0.76914141,0.762550865
79,"4_blimp_lmc_noaux",-0.5537,0.5383,0.4769,0,1,0.7929,0.7632
79,"5_blimp_omc_aux",-0.0542,0.435,0.7099,1,1,0.9376,1.0313
79,"6_blimp_rescue",0.0091,0.3997,0.6754,1,1,0.9689,1.0034
80,"1_lmer_complete",0.083441923,0.39549286,0.593716344,1,1,0.965482232,1.003879936
80,"2_blimp_complete",0.0749,0.3956,0.612,1,1,0.9928,1.0041
80,"3_lmer_naive",-0.456483385,0.535392046,0.398127311,0,0,0.732405167,0.77753766
80,"4_blimp_lmc_noaux",-0.4476,0.5364,0.371,0,0,0.7477,0.7782
80,"5_blimp_omc_aux",0.0204,0.4259,0.6313,1,1,0.9478,1.0419
80,"6_blimp_rescue",0.0839,0.3942,0.5658,1,1,0.9958,1.0158
81,"1_lmer_complete",0.350989542,0.420043654,0.48176585,1,1,0.857233753,0.99698422
81,"2_blimp_complete",0.3567,0.42,0.4861,1,1,0.8793,0.9975
81,"3_lmer_naive",-0.179289118,0.582957506,0.365089016,0,0,0.736800065,0.761355394
81,"4_blimp_lmc_noaux",-0.1706,0.583,0.3444,0,0,0.7591,0.7623
81,"5_blimp_omc_aux",0.3605,0.4941,0.6367,0,1,0.9522,1.0499
81,"6_blimp_rescue",0.3936,0.4529,0.5357,0,1,0.9631,1.0191
82,"1_lmer_complete",0.136509158,0.39153883,0.716496474,1,1,0.786056959,0.98197482
82,"2_blimp_complete",0.1347,0.3917,0.7164,1,1,0.8045,0.9826
82,"3_lmer_naive",-0.425400506,0.531293614,0.517966347,0,1,0.586496445,0.785010751
82,"4_blimp_lmc_noaux",-0.4266,0.5315,0.5198,0,1,0.604,0.7858
82,"5_blimp_omc_aux",0.0879,0.4314,0.7421,1,0,0.7657,1.0648
82,"6_blimp_rescue",0.1626,0.3872,0.6988,1,1,0.8014,1.0264
83,"1_lmer_complete",0.125515978,0.397436234,0.604136525,1,1,0.876473301,1.01136908
83,"2_blimp_complete",0.137,0.3971,0.5942,1,1,0.8999,1.012
83,"3_lmer_naive",-0.469873666,0.524517244,0.368585586,0,0,0.724972754,0.734675588
83,"4_blimp_lmc_noaux",-0.4808,0.5245,0.3684,0,0,0.7469,0.7358
83,"5_blimp_omc_aux",0.0701,0.4285,0.6187,1,1,0.9156,0.9955
83,"6_blimp_rescue",0.0919,0.3783,0.5761,1,1,0.9367,0.9463
84,"1_lmer_complete",0.198859172,0.390746186,0.718217463,1,1,1.186262213,0.987262545
84,"2_blimp_complete",0.2049,0.3908,0.7229,1,1,1.2144,0.988
84,"3_lmer_naive",-0.379883069,0.511122721,0.514387988,0,1,0.963602846,0.798201057
84,"4_blimp_lmc_noaux",-0.3853,0.5115,0.5119,0,1,0.9911,0.7997
84,"5_blimp_omc_aux",0.1602,0.4271,0.76,1,1,1.233,1.0322
84,"6_blimp_rescue",0.2096,0.3931,0.7303,1,1,1.2742,1.006
85,"1_lmer_complete",0.213239351,0.403395689,0.541715082,1,1,1.115460276,1.011319841
85,"2_blimp_complete",0.2179,0.4035,0.5468,1,1,1.1458,1.0118
85,"3_lmer_naive",-0.332547381,0.538067924,0.440448556,0,1,0.958624575,0.780400796
85,"4_blimp_lmc_noaux",-0.3448,0.5388,0.4108,0,1,0.9845,0.7814
85,"5_blimp_omc_aux",0.23,0.4364,0.6557,1,1,1.1892,1.0583
85,"6_blimp_rescue",0.2736,0.4067,0.5851,1,1,1.2341,1.0301
86,"1_lmer_complete",-0.030955167,0.390153108,0.437015017,1,1,0.9919331,0.995964451
86,"2_blimp_complete",-0.0326,0.39,0.429,1,1,1.0228,0.9968
86,"3_lmer_naive",-0.475551761,0.507156079,0.324805818,0,0,0.847678474,0.7953035
86,"4_blimp_lmc_noaux",-0.4867,0.5073,0.3084,0,0,0.8662,0.7956
86,"5_blimp_omc_aux",-0.0304,0.4061,0.5618,1,1,1.0562,1.0248
86,"6_blimp_rescue",-0.025,0.377,0.4375,1,1,1.0492,0.9961
87,"1_lmer_complete",-0.136296087,0.378559912,0.214972759,1,0,0.72115551,1.002383129
87,"2_blimp_complete",-0.1419,0.3789,0.2088,1,0,0.7426,1.003
87,"3_lmer_naive",-0.560556265,0.491755566,0.078379231,0,0,0.571683523,0.808560862
87,"4_blimp_lmc_noaux",-0.5686,0.4914,0.0605,0,0,0.5812,0.8089
87,"5_blimp_omc_aux",-0.0497,0.3929,0.347,1,0,0.7622,1.0902
87,"6_blimp_rescue",-0.1054,0.3514,0.1989,0,0,0.7103,1.0472
88,"1_lmer_complete",-0.025770223,0.395400002,0.52222524,1,1,1.053460458,1.023953709
88,"2_blimp_complete",-0.0288,0.3954,0.5448,1,1,1.0839,1.0247
88,"3_lmer_naive",-0.577287415,0.540816265,0.363687665,0,0,0.819327993,0.785092151
88,"4_blimp_lmc_noaux",-0.5678,0.5408,0.3536,0,0,0.8424,0.7856
88,"5_blimp_omc_aux",-0.0511,0.4403,0.5699,1,1,0.9993,1.054
88,"6_blimp_rescue",-0.0155,0.4106,0.5584,1,1,1.0344,1.0324
89,"1_lmer_complete",0.009621819,0.388922032,0.743858952,1,1,0.831114975,1.024592045
89,"2_blimp_complete",0.0206,0.3888,0.729,1,1,0.8525,1.0248
89,"3_lmer_naive",-0.499901623,0.526898016,0.606524038,0,1,0.68168314,0.826695296
89,"4_blimp_lmc_noaux",-0.496,0.5265,0.6116,0,1,0.7017,0.8275
89,"5_blimp_omc_aux",-0.0571,0.4423,0.8341,0,0,0.7941,1.0587
89,"6_blimp_rescue",0.0374,0.4143,0.8281,1,0,0.8187,1.0362
90,"1_lmer_complete",-0.162843146,0.370750436,0.717292878,0,1,0.992944145,0.99695002
90,"2_blimp_complete",-0.1584,0.3709,0.7019,0,1,1.0217,0.998
90,"3_lmer_naive",-0.774392698,0.518035895,0.556044414,0,1,0.791340585,0.775689068
90,"4_blimp_lmc_noaux",-0.7565,0.5184,0.5404,0,1,0.8174,0.7761
90,"5_blimp_omc_aux",-0.2286,0.4138,0.7708,1,0,1.0056,1.0793
90,"6_blimp_rescue",-0.15,0.3714,0.748,1,1,1.056,1.0413
91,"1_lmer_complete",0.237381928,0.410703364,0.674798945,1,1,0.91105,1.025317344
91,"2_blimp_complete",0.2251,0.411,0.6777,1,1,0.9358,1.0256
91,"3_lmer_naive",-0.316566808,0.543371239,0.517420015,0,1,0.741808179,0.757565724
91,"4_blimp_lmc_noaux",-0.3184,0.543,0.5136,0,1,0.7635,0.7581
91,"5_blimp_omc_aux",0.1587,0.4442,0.6914,0,1,0.9071,1.0076
91,"6_blimp_rescue",0.2182,0.4109,0.6507,1,1,0.9329,0.9755
92,"1_lmer_complete",-0.091993583,0.418539961,0.708169379,1,1,0.750528652,0.990797164
92,"2_blimp_complete",-0.0942,0.4184,0.7244,1,1,0.7716,0.9913
92,"3_lmer_naive",-0.632628357,0.554122471,0.537997311,0,1,0.524302073,0.768364383
92,"4_blimp_lmc_noaux",-0.6282,0.5544,0.526,0,1,0.5371,0.7693
92,"5_blimp_omc_aux",-0.1806,0.4365,0.755,1,1,0.6978,1.0248
92,"6_blimp_rescue",-0.0912,0.4089,0.7238,1,1,0.7365,1.0002
93,"1_lmer_complete",-0.151151095,0.400342976,0.667103421,1,1,0.948835938,1.026306401
93,"2_blimp_complete",-0.1466,0.3999,0.6792,1,1,0.9694,1.0268
93,"3_lmer_naive",-0.674480418,0.547573305,0.457886293,0,1,0.746119723,0.819451921
93,"4_blimp_lmc_noaux",-0.681,0.5475,0.4509,0,1,0.7668,0.8202
93,"5_blimp_omc_aux",-0.1968,0.4474,0.7145,0,1,0.948,1.0989
93,"6_blimp_rescue",-0.1401,0.4073,0.6529,1,1,0.9644,1.0679
94,"1_lmer_complete",-0.121440704,0.404375133,0.668686413,1,1,1.129762369,1.00591101
94,"2_blimp_complete",-0.1262,0.4047,0.675,1,1,1.1616,1.0065
94,"3_lmer_naive",-0.648417785,0.519586201,0.516181978,0,1,0.942095617,0.804877507
94,"4_blimp_lmc_noaux",-0.6318,0.52,0.5006,0,1,0.9683,0.8056
94,"5_blimp_omc_aux",-0.1487,0.4187,0.7647,1,0,1.2127,1.0615
94,"6_blimp_rescue",-0.0704,0.3877,0.7092,1,1,1.2868,1.0305
95,"1_lmer_complete",-0.051311923,0.41718224,0.487218638,1,1,1.364970141,1.027150799
95,"2_blimp_complete",-0.0435,0.4174,0.4669,1,1,1.3998,1.0279
95,"3_lmer_naive",-0.601210998,0.57823033,0.274530665,0,0,1.088292939,0.807686526
95,"4_blimp_lmc_noaux",-0.6076,0.5786,0.2501,0,0,1.1165,0.8086
95,"5_blimp_omc_aux",-0.0903,0.4968,0.5402,0,1,1.3495,1.0796
95,"6_blimp_rescue",-0.0685,0.4538,0.4336,0,1,1.3537,1.0489
96,"1_lmer_complete",-0.021420034,0.394228227,0.632876341,1,1,1.110442233,0.972325452
96,"2_blimp_complete",-0.0175,0.3942,0.6488,1,1,1.1385,0.9727
96,"3_lmer_naive",-0.548973257,0.52824229,0.51120701,0,1,0.908310314,0.736044897
96,"4_blimp_lmc_noaux",-0.5378,0.5287,0.4904,0,1,0.9378,0.7371
96,"5_blimp_omc_aux",-0.1076,0.4327,0.7038,1,1,1.129,0.9931
96,"6_blimp_rescue",-0.0162,0.3941,0.6391,1,1,1.1591,0.965
97,"1_lmer_complete",-0.179589316,0.399007361,0.574225832,1,1,0.982973168,0.988427823
97,"2_blimp_complete",-0.1771,0.3992,0.6068,1,1,1.0079,0.9889
97,"3_lmer_naive",-0.677581986,0.537315392,0.432124756,0,1,0.870740711,0.762228794
97,"4_blimp_lmc_noaux",-0.6758,0.5374,0.4267,0,1,0.8958,0.7627
97,"5_blimp_omc_aux",-0.2193,0.4428,0.6529,0,1,1.0362,1.0257
97,"6_blimp_rescue",-0.1397,0.4057,0.5823,1,1,1.052,0.9949
98,"1_lmer_complete",0.08511558,0.388711676,0.640167789,1,1,0.790531353,1.015761059
98,"2_blimp_complete",0.0695,0.3889,0.6516,1,1,0.8131,1.0163
98,"3_lmer_naive",-0.468305734,0.538135285,0.456343506,0,1,0.666864086,0.778887916
98,"4_blimp_lmc_noaux",-0.4615,0.538,0.4549,0,1,0.6866,0.7797
98,"5_blimp_omc_aux",0.0602,0.4414,0.6521,1,1,0.794,1.052
98,"6_blimp_rescue",0.0984,0.4028,0.5933,1,1,0.8021,1.0225
99,"1_lmer_complete",0.220416858,0.409543778,0.647933837,1,1,0.942850658,0.998735294
99,"2_blimp_complete",0.2099,0.4097,0.6633,1,1,0.9682,0.9995
99,"3_lmer_naive",-0.389087169,0.539209851,0.470859294,0,1,0.646709449,0.762771149
99,"4_blimp_lmc_noaux",-0.3943,0.5396,0.4707,0,1,0.6678,0.7635
99,"5_blimp_omc_aux",0.159,0.4491,0.6989,0,1,0.9335,1.02
99,"6_blimp_rescue",0.1992,0.4059,0.6106,1,1,0.9615,0.9858
100,"1_lmer_complete",0.048596718,0.390985049,0.537465522,1,1,0.893622187,0.98070008
100,"2_blimp_complete",0.0568,0.3908,0.543,1,1,0.9192,0.981
100,"3_lmer_naive",-0.484532656,0.514344434,0.389259306,0,0,0.653965069,0.741185441
100,"4_blimp_lmc_noaux",-0.4757,0.5154,0.3501,0,0,0.6678,0.7421
100,"5_blimp_omc_aux",0.0016,0.405,0.5972,1,1,0.8816,0.9969
100,"6_blimp_rescue",0.0498,0.365,0.5065,1,1,0.901,0.96
101,"1_lmer_complete",0.009877285,0.391208444,0.608413508,1,1,0.791214373,0.980557506
101,"2_blimp_complete",0.0152,0.3913,0.5969,1,1,0.8164,0.9811
101,"3_lmer_naive",-0.458632145,0.527879978,0.480514149,0,1,0.679855548,0.776642516
101,"4_blimp_lmc_noaux",-0.4554,0.5272,0.4882,0,1,0.7027,0.7774
101,"5_blimp_omc_aux",-0.0147,0.4204,0.707,1,1,0.7761,1.0414
101,"6_blimp_rescue",0.0614,0.3928,0.6754,1,1,0.8047,1.0192
102,"1_lmer_complete",-0.012330141,0.395895784,0.537365126,1,1,0.989206095,1.035916665
102,"2_blimp_complete",-0.0011,0.396,0.5377,1,1,1.0123,1.0365
102,"3_lmer_naive",-0.51546545,0.555112149,0.403938451,0,0,0.813709192,0.826741524
102,"4_blimp_lmc_noaux",-0.5398,0.5549,0.4112,0,0,0.8367,0.8279
102,"5_blimp_omc_aux",0.0315,0.4558,0.6335,0,1,1,1.1027
102,"6_blimp_rescue",0.0483,0.4254,0.5763,1,1,1.0145,1.0789
103,"1_lmer_complete",0.073875127,0.407169096,0.571838274,1,1,0.912629043,1.002098396
103,"2_blimp_complete",0.0762,0.407,0.5746,1,1,0.9346,1.0022
103,"3_lmer_naive",-0.449906549,0.548795008,0.41779374,0,0,0.708723577,0.781640196
103,"4_blimp_lmc_noaux",-0.4493,0.5489,0.4035,0,0,0.7285,0.7826
103,"5_blimp_omc_aux",0.081,0.4492,0.6559,0,1,0.9003,1.0729
103,"6_blimp_rescue",0.1185,0.4127,0.6033,1,1,0.9131,1.0404
104,"1_lmer_complete",-0.033532834,0.397408401,0.715392967,1,1,0.922968017,0.983175469
104,"2_blimp_complete",-0.0367,0.3971,0.7299,1,1,0.9489,0.9837
104,"3_lmer_naive",-0.5713089,0.552787669,0.533373879,0,1,0.83333939,0.77692017
104,"4_blimp_lmc_noaux",-0.5663,0.5527,0.5291,0,1,0.8564,0.7779
104,"5_blimp_omc_aux",-0.0924,0.4574,0.717,0,1,0.9225,1.0181
104,"6_blimp_rescue",-0.0524,0.4328,0.6959,1,1,0.9518,0.9995
105,"1_lmer_complete",-0.070561853,0.404722818,0.782339428,1,1,1.063603204,1.023057325
105,"2_blimp_complete",-0.0908,0.4046,0.7858,1,1,1.0881,1.0238
105,"3_lmer_naive",-0.675191872,0.518375729,0.548246676,0,1,0.786266762,0.810191416
105,"4_blimp_lmc_noaux",-0.6653,0.5182,0.5483,0,1,0.808,0.8107
105,"5_blimp_omc_aux",-0.1465,0.4264,0.7992,1,0,1.0355,1.0737
105,"6_blimp_rescue",-0.0601,0.3817,0.7641,1,1,1.0945,1.0343
106,"1_lmer_complete",0.013787797,0.410854969,0.591713937,1,1,0.820443999,1.034055946
106,"2_blimp_complete",0.0181,0.4111,0.5997,1,1,0.8488,1.0346
106,"3_lmer_naive",-0.554551262,0.558969864,0.397770318,0,0,0.672717291,0.825635813
106,"4_blimp_lmc_noaux",-0.5439,0.5595,0.3722,0,0,0.6896,0.8263
106,"5_blimp_omc_aux",-0.0176,0.4869,0.6544,0,1,0.8297,1.0927
106,"6_blimp_rescue",0.0221,0.4441,0.6049,1,1,0.8383,1.0613
107,"1_lmer_complete",-0.249546803,0.398104125,0.657976581,1,1,0.990413467,1.013866365
107,"2_blimp_complete",-0.2589,0.3982,0.6642,1,1,1.0224,1.0144
107,"3_lmer_naive",-0.75880795,0.51385755,0.44441329,0,1,0.84321909,0.80763594
107,"4_blimp_lmc_noaux",-0.7537,0.5138,0.4287,0,1,0.8688,0.8084
107,"5_blimp_omc_aux",-0.2929,0.4228,0.6857,1,1,0.9361,1.047
107,"6_blimp_rescue",-0.2428,0.3909,0.6951,1,1,0.9702,1.0183
108,"1_lmer_complete",-0.158356642,0.367609464,0.678826665,0,1,1.048299556,0.97295459
108,"2_blimp_complete",-0.142,0.3676,0.6686,0,1,1.0771,0.9737
108,"3_lmer_naive",-0.700785397,0.488327951,0.50951269,0,1,0.861092859,0.765526188
108,"4_blimp_lmc_noaux",-0.6867,0.4885,0.5087,0,1,0.8865,0.7665
108,"5_blimp_omc_aux",-0.2325,0.3887,0.726,1,1,1.048,0.9961
108,"6_blimp_rescue",-0.1595,0.3537,0.6588,0,1,1.0854,0.9647
109,"1_lmer_complete",-0.047511003,0.393591304,0.553346506,1,1,1.005259788,0.993202852
109,"2_blimp_complete",-0.0564,0.3935,0.5354,1,1,1.0313,0.9935
109,"3_lmer_naive",-0.597278368,0.533679417,0.383779443,0,0,0.825376721,0.751411652
109,"4_blimp_lmc_noaux",-0.5999,0.5339,0.3694,0,0,0.8419,0.7524
109,"5_blimp_omc_aux",-0.0722,0.4414,0.6217,0,1,1.0279,1.0069
109,"6_blimp_rescue",-0.0546,0.3988,0.5439,1,1,1.0384,0.9695
110,"1_lmer_complete",0.164093112,0.401768335,0.611327897,1,1,0.873834852,0.978130285
110,"2_blimp_complete",0.1677,0.4017,0.6131,1,1,0.8977,0.9786
110,"3_lmer_naive",-0.328230867,0.529135151,0.466906681,0,1,0.726689483,0.79225011
110,"4_blimp_lmc_noaux",-0.3328,0.5294,0.4575,0,1,0.7477,0.7929
110,"5_blimp_omc_aux",0.1492,0.4349,0.6814,1,1,0.929,1.0242
110,"6_blimp_rescue",0.1711,0.4039,0.6306,1,1,0.9496,0.9974
111,"1_lmer_complete",0.016998784,0.412883399,0.421675705,1,0,0.878380337,1.023659816
111,"2_blimp_complete",0.0137,0.4128,0.4002,1,0,0.9041,1.0248
111,"3_lmer_naive",-0.496291991,0.572712658,0.215305768,0,0,0.736108338,0.787149889
111,"4_blimp_lmc_noaux",-0.4953,0.5736,0.1854,0,0,0.7383,0.7875
111,"5_blimp_omc_aux",0.0285,0.4787,0.4375,0,1,0.8408,1.0687
111,"6_blimp_rescue",-0.0078,0.446,0.3755,0,0,0.8644,1.0441
112,"1_lmer_complete",0.140446652,0.36954356,0.407062693,0,0,1.00431222,0.980032227
112,"2_blimp_complete",0.1376,0.3696,0.3919,0,1,1.0338,0.9803
112,"3_lmer_naive",-0.368018312,0.492731338,0.252402685,0,0,0.809620495,0.741290248
112,"4_blimp_lmc_noaux",-0.3543,0.4928,0.2299,0,0,0.8286,0.742
112,"5_blimp_omc_aux",0.154,0.3871,0.4588,1,1,1.0024,0.9907
112,"6_blimp_rescue",0.1404,0.3556,0.38,1,0,1.0339,0.9642
113,"1_lmer_complete",-0.008167456,0.37695744,0.729706261,1,1,1.100536332,0.983718799
113,"2_blimp_complete",-0.0149,0.3768,0.7384,1,1,1.1308,0.9845
113,"3_lmer_naive",-0.546477424,0.524785987,0.540187864,0,1,0.920966137,0.79733152
113,"4_blimp_lmc_noaux",-0.5546,0.5249,0.5543,0,1,0.9448,0.798
113,"5_blimp_omc_aux",-0.0842,0.4297,0.8031,1,0,1.1697,1.065
113,"6_blimp_rescue",0.0315,0.3926,0.7749,1,1,1.2341,1.0299
114,"1_lmer_complete",0.028890543,0.397911966,0.504004787,1,1,1.109257307,1.009891853
114,"2_blimp_complete",0.0387,0.3978,0.4848,1,1,1.1375,1.0104
114,"3_lmer_naive",-0.44653387,0.513281498,0.386541532,0,0,0.918137391,0.801431252
114,"4_blimp_lmc_noaux",-0.4445,0.5134,0.3707,0,0,0.9399,0.8028
114,"5_blimp_omc_aux",0.0218,0.4186,0.6054,1,1,1.1474,1.0513
114,"6_blimp_rescue",0.0466,0.3833,0.5238,1,1,1.1579,1.0214
115,"1_lmer_complete",0.148506806,0.404776138,0.564465087,1,1,1.329159051,1.007582805
115,"2_blimp_complete",0.1525,0.4049,0.553,1,1,1.3713,1.0079
115,"3_lmer_naive",-0.455588292,0.538257567,0.462969922,0,1,1.025316566,0.789372457
115,"4_blimp_lmc_noaux",-0.4488,0.5389,0.4618,0,1,1.0542,0.7897
115,"5_blimp_omc_aux",0.1095,0.4321,0.6413,1,1,1.2854,1.0769
115,"6_blimp_rescue",0.1428,0.396,0.5974,1,1,1.3701,1.0414
116,"1_lmer_complete",-0.077245303,0.373853285,0.558549926,1,1,0.973556086,0.980814215
116,"2_blimp_complete",-0.0682,0.3739,0.5621,1,1,1.0016,0.9811
116,"3_lmer_naive",-0.590861013,0.507969806,0.360111525,0,0,0.829480595,0.765781084
116,"4_blimp_lmc_noaux",-0.5966,0.5083,0.3583,0,0,0.8544,0.7669
116,"5_blimp_omc_aux",-0.0743,0.3987,0.5703,1,1,0.9636,1.0415
116,"6_blimp_rescue",-0.0574,0.3686,0.5319,1,1,0.9754,1.013
117,"1_lmer_complete",0.028780054,0.383223113,0.491809049,1,1,1.152880152,0.987040484
117,"2_blimp_complete",0.0378,0.3832,0.466,1,1,1.191,0.9874
117,"3_lmer_naive",-0.462966282,0.51263486,0.385359617,0,0,0.974182897,0.760381494
117,"4_blimp_lmc_noaux",-0.468,0.5128,0.3732,0,0,0.9999,0.7613
117,"5_blimp_omc_aux",0.0347,0.4016,0.5743,1,1,1.1847,1.0183
117,"6_blimp_rescue",0.0477,0.3728,0.5248,1,1,1.2162,0.9926
118,"1_lmer_complete",0.063856801,0.398520578,0.687359696,1,1,0.9322227,1.038246197
118,"2_blimp_complete",0.0573,0.3985,0.6852,1,1,0.9587,1.0389
118,"3_lmer_naive",-0.504638654,0.534178169,0.485549733,0,1,0.776348931,0.772618948
118,"4_blimp_lmc_noaux",-0.5044,0.5338,0.4784,0,1,0.7983,0.7733
118,"5_blimp_omc_aux",0.0327,0.4258,0.7364,1,1,0.9354,1.0549
118,"6_blimp_rescue",0.0636,0.3841,0.6691,1,1,0.9593,1.0121
119,"1_lmer_complete",0.107966568,0.421157555,0.50364905,1,1,1.160622556,1.039921778
119,"2_blimp_complete",0.101,0.4209,0.4963,1,1,1.1839,1.0404
119,"3_lmer_naive",-0.444903055,0.565922332,0.445569707,0,1,0.913879132,0.788211853
119,"4_blimp_lmc_noaux",-0.4546,0.5653,0.4515,0,1,0.9397,0.7893
119,"5_blimp_omc_aux",0.0665,0.4653,0.699,0,1,1.1502,1.0867
119,"6_blimp_rescue",0.1274,0.4215,0.599,1,1,1.1668,1.0528
120,"1_lmer_complete",-5.35e-06,0.382508741,0.481946681,1,1,1.089289689,0.999160115
120,"2_blimp_complete",-0.0138,0.3826,0.4792,1,1,1.124,0.9999
120,"3_lmer_naive",-0.503092129,0.500958759,0.337125128,0,0,0.879427103,0.792210416
120,"4_blimp_lmc_noaux",-0.4963,0.5014,0.3109,0,0,0.9005,0.7933
120,"5_blimp_omc_aux",-0.0244,0.4014,0.5725,1,1,1.1284,1.0555
120,"6_blimp_rescue",0.0295,0.3656,0.5006,1,1,1.1539,1.0267
121,"1_lmer_complete",-0.006301371,0.406795757,0.606384306,1,1,1.06759972,0.975321854
121,"2_blimp_complete",0.0069,0.4068,0.6079,1,1,1.0964,0.9759
121,"3_lmer_naive",-0.541716906,0.54703184,0.484085028,0,1,0.901438867,0.79063627
121,"4_blimp_lmc_noaux",-0.5369,0.5468,0.4894,0,1,0.9261,0.7919
121,"5_blimp_omc_aux",-0.0422,0.4572,0.674,0,1,1.1086,1.0367
121,"6_blimp_rescue",0.0115,0.4188,0.5934,1,1,1.122,1.0059
122,"1_lmer_complete",-0.083291642,0.399091977,0.502515674,1,1,1.055663879,1.003349161
122,"2_blimp_complete",-0.0829,0.3993,0.4939,1,1,1.0836,1.0044
122,"3_lmer_naive",-0.556806051,0.526445459,0.418836929,0,0,0.924267906,0.778232557
122,"4_blimp_lmc_noaux",-0.5868,0.5274,0.4048,0,0,0.9494,0.779
122,"5_blimp_omc_aux",-0.0823,0.4385,0.586,1,1,1.0785,1.0221
122,"6_blimp_rescue",-0.0538,0.4118,0.5192,1,1,1.1006,1.0017
123,"1_lmer_complete",-0.107462238,0.410313018,0.489286095,1,1,0.834792092,1.006974353
123,"2_blimp_complete",-0.1124,0.4103,0.4855,1,1,0.857,1.0077
123,"3_lmer_naive",-0.603184141,0.557550781,0.350721569,0,0,0.707773562,0.763190778
123,"4_blimp_lmc_noaux",-0.5982,0.5579,0.3181,0,0,0.7237,0.764
123,"5_blimp_omc_aux",-0.1095,0.4571,0.5611,0,1,0.8816,1.0387
123,"6_blimp_rescue",-0.0922,0.4234,0.4741,1,1,0.8768,1.0111
124,"1_lmer_complete",0.051109126,0.383910926,0.580617502,1,1,1.055177367,0.98652578
124,"2_blimp_complete",0.0414,0.3838,0.5768,1,1,1.0854,0.9872
124,"3_lmer_naive",-0.530555167,0.475894703,0.375072929,0,0,0.706233028,0.774797554
124,"4_blimp_lmc_noaux",-0.5209,0.4769,0.3488,0,0,0.7234,0.7761
124,"5_blimp_omc_aux",-0.0248,0.3966,0.6262,1,1,0.9813,0.9987
124,"6_blimp_rescue",0.0204,0.3538,0.5332,0,1,0.9968,0.9557
125,"1_lmer_complete",0.006833892,0.371360243,0.526707749,1,1,1.095752717,1.050689283
125,"2_blimp_complete",-0.0193,0.3713,0.533,1,1,1.1254,1.0509
125,"3_lmer_naive",-0.563575874,0.547677451,0.446045447,0,1,0.918334721,0.787023852
125,"4_blimp_lmc_noaux",-0.5655,0.5477,0.4362,0,1,0.9405,0.7882
125,"5_blimp_omc_aux",-0.0094,0.4379,0.6853,1,1,1.1711,1.0958
125,"6_blimp_rescue",0.0487,0.4,0.6022,1,1,1.2084,1.0676
126,"1_lmer_complete",0.098655947,0.401572086,0.681190839,1,1,1.039390642,0.997129486
126,"2_blimp_complete",0.107,0.4016,0.6827,1,1,1.0667,0.9974
126,"3_lmer_naive",-0.498349305,0.538086522,0.606449355,0,1,0.862590742,0.730533777
126,"4_blimp_lmc_noaux",-0.5066,0.5383,0.6202,0,1,0.8864,0.7313
126,"5_blimp_omc_aux",0.0213,0.4387,0.7605,1,1,1.0671,0.9865
126,"6_blimp_rescue",0.0823,0.4062,0.732,1,1,1.1243,0.959
127,"1_lmer_complete",0.014651419,0.369849212,0.656885464,0,1,0.831546529,0.972948276
127,"2_blimp_complete",0.0079,0.3699,0.6514,0,1,0.8547,0.9739
127,"3_lmer_naive",-0.506579879,0.522837358,0.437820031,0,1,0.665472788,0.777993455
127,"4_blimp_lmc_noaux",-0.5068,0.5229,0.4218,0,0,0.6804,0.779
127,"5_blimp_omc_aux",-0.0287,0.4239,0.6856,1,1,0.8653,1.0268
127,"6_blimp_rescue",0.0302,0.3896,0.6601,1,1,0.9058,1.0019
128,"1_lmer_complete",-0.058729301,0.399421884,0.660820151,1,1,0.899885046,0.991293521
128,"2_blimp_complete",-0.0624,0.3992,0.6791,1,1,0.925,0.9916
128,"3_lmer_naive",-0.560930196,0.534392767,0.460110273,0,1,0.7132958,0.791373167
128,"4_blimp_lmc_noaux",-0.5616,0.5347,0.4508,0,1,0.7307,0.7923
128,"5_blimp_omc_aux",-0.1021,0.451,0.6873,0,1,0.9187,1.0168
128,"6_blimp_rescue",-0.0801,0.4166,0.6538,1,1,0.9553,0.989
129,"1_lmer_complete",0.053146879,0.410593368,0.513671795,1,1,1.075873428,0.98641783
129,"2_blimp_complete",0.0426,0.4105,0.5326,1,1,1.1065,0.9869
129,"3_lmer_naive",-0.453646513,0.52738591,0.351118847,0,0,0.895856412,0.783598764
129,"4_blimp_lmc_noaux",-0.4599,0.5266,0.3455,0,0,0.9242,0.7848
129,"5_blimp_omc_aux",0.0293,0.449,0.5696,0,1,1.1378,1.0191
129,"6_blimp_rescue",0.055,0.4125,0.5101,1,1,1.1545,0.9897
130,"1_lmer_complete",0.055785281,0.406366164,0.459631568,1,1,0.954111217,0.977552605
130,"2_blimp_complete",0.0506,0.4064,0.4685,1,1,0.9806,0.9785
130,"3_lmer_naive",-0.446282337,0.521216437,0.298450001,0,0,0.850183943,0.744249373
130,"4_blimp_lmc_noaux",-0.4489,0.521,0.2969,0,0,0.8735,0.7452
130,"5_blimp_omc_aux",0.0431,0.4169,0.4736,1,1,0.9951,0.9911
130,"6_blimp_rescue",0.0554,0.3836,0.3717,1,1,0.9903,0.9572
131,"1_lmer_complete",0.145428765,0.402308702,0.52551982,1,1,1.141680234,1.022458395
131,"2_blimp_complete",0.1418,0.4022,0.5002,1,1,1.1718,1.0237
131,"3_lmer_naive",-0.411609415,0.552680869,0.417068957,0,0,0.885584954,0.773720055
131,"4_blimp_lmc_noaux",-0.4278,0.5523,0.4133,0,1,0.9103,0.7745
131,"5_blimp_omc_aux",0.1389,0.4643,0.6412,0,1,1.1646,1.0747
131,"6_blimp_rescue",0.1935,0.4236,0.5833,1,1,1.1881,1.0453
132,"1_lmer_complete",0.097826026,0.401284922,0.571890487,1,1,0.994212248,1.029493928
132,"2_blimp_complete",0.0977,0.4013,0.5718,1,1,1.0263,1.0299
132,"3_lmer_naive",-0.47831695,0.543035285,0.413621294,0,0,0.745667262,0.807568298
132,"4_blimp_lmc_noaux",-0.4743,0.5424,0.4086,0,0,0.7676,0.8085
132,"5_blimp_omc_aux",0.0848,0.4497,0.6316,0,1,1.0355,1.0899
132,"6_blimp_rescue",0.1198,0.4029,0.5623,1,1,1.0405,1.0492
133,"1_lmer_complete",0.096808299,0.403484365,0.642446519,1,1,1.163907592,0.980828323
133,"2_blimp_complete",0.1062,0.4034,0.6354,1,1,1.1906,0.9808
133,"3_lmer_naive",-0.469695564,0.555019064,0.49442276,0,1,0.953219465,0.770628366
133,"4_blimp_lmc_noaux",-0.4753,0.5549,0.509,0,1,0.9785,0.7714
133,"5_blimp_omc_aux",0.0457,0.4683,0.7172,0,1,1.1482,1.0195
133,"6_blimp_rescue",0.0793,0.4301,0.7046,1,1,1.1863,0.9898
134,"1_lmer_complete",0.094012705,0.373508756,0.529334488,1,1,0.901143321,0.964592334
134,"2_blimp_complete",0.0972,0.3736,0.5326,1,1,0.9259,0.9654
134,"3_lmer_naive",-0.423465316,0.524909473,0.356804902,0,0,0.828856692,0.728810664
134,"4_blimp_lmc_noaux",-0.4321,0.5245,0.3533,0,0,0.8527,0.7297
134,"5_blimp_omc_aux",0.0385,0.4216,0.569,1,1,0.909,0.9762
134,"6_blimp_rescue",0.0816,0.3907,0.5087,1,1,0.9166,0.9496
135,"1_lmer_complete",-0.139286331,0.384826141,0.601070208,1,1,0.759783479,0.98113175
135,"2_blimp_complete",-0.1399,0.3846,0.6149,1,1,0.7812,0.9821
135,"3_lmer_naive",-0.606890674,0.51391545,0.442457738,0,0,0.621142992,0.794781905
135,"4_blimp_lmc_noaux",-0.6085,0.514,0.4408,0,1,0.6383,0.7952
135,"5_blimp_omc_aux",-0.1708,0.4336,0.6534,1,1,0.7412,0.9994
135,"6_blimp_rescue",-0.1277,0.4035,0.619,1,1,0.7666,0.9758
136,"1_lmer_complete",-0.001385044,0.398716206,0.699401298,1,1,1.24163908,1.019158684
136,"2_blimp_complete",-0.014,0.3988,0.7161,1,1,1.2687,1.0195
136,"3_lmer_naive",-0.613830751,0.505461577,0.481873893,0,1,0.886578912,0.798342844
136,"4_blimp_lmc_noaux",-0.6219,0.5052,0.4835,0,1,0.9139,0.7991
136,"5_blimp_omc_aux",-0.0586,0.4146,0.7482,1,1,1.2236,1.0687
136,"6_blimp_rescue",0.0017,0.3679,0.6611,1,1,1.2644,1.027
137,"1_lmer_complete",0.000434762,0.399550516,0.666868107,1,1,0.796206316,0.9758679
137,"2_blimp_complete",0.0131,0.3996,0.6744,1,1,0.8188,0.9763
137,"3_lmer_naive",-0.562329026,0.527477007,0.436898897,0,0,0.684583052,0.769030485
137,"4_blimp_lmc_noaux",-0.5665,0.5276,0.4388,0,1,0.7043,0.7701
137,"5_blimp_omc_aux",-0.0229,0.4396,0.6973,1,1,0.8039,1.0525
137,"6_blimp_rescue",0.0138,0.3872,0.6544,1,1,0.8195,1.0104
138,"1_lmer_complete",0.046177126,0.383397279,0.473013794,1,1,1.25750201,1.00211012
138,"2_blimp_complete",0.0307,0.3834,0.4632,1,1,1.2862,1.0028
138,"3_lmer_naive",-0.4696596,0.549168845,0.394974924,0,0,1.033726892,0.773826916
138,"4_blimp_lmc_noaux",-0.4684,0.549,0.3826,0,0,1.062,0.7749
138,"5_blimp_omc_aux",0.0462,0.4388,0.6118,1,1,1.2857,1.0697
138,"6_blimp_rescue",0.0994,0.3996,0.5208,1,1,1.3233,1.0368
139,"1_lmer_complete",-0.050416698,0.378837375,0.537520164,1,1,1.321026707,0.976021526
139,"2_blimp_complete",-0.0273,0.3788,0.5414,1,1,1.3686,0.9767
139,"3_lmer_naive",-0.575711609,0.53544297,0.426745829,0,1,1.065693541,0.768703183
139,"4_blimp_lmc_noaux",-0.5846,0.5358,0.403,0,0,1.0952,0.7694
139,"5_blimp_omc_aux",-0.0811,0.4358,0.6099,1,1,1.2937,1.0459
139,"6_blimp_rescue",-0.0301,0.3998,0.5617,1,1,1.3663,1.0177
140,"1_lmer_complete",0.009583576,0.419770753,0.622223675,1,1,0.874219134,1.013820397
140,"2_blimp_complete",0.0208,0.4201,0.6196,1,1,0.895,1.0145
140,"3_lmer_naive",-0.527467019,0.554176398,0.504981984,0,1,0.743532544,0.761466226
140,"4_blimp_lmc_noaux",-0.5171,0.5551,0.4917,0,1,0.7653,0.7627
140,"5_blimp_omc_aux",0.0121,0.4514,0.727,0,1,0.9583,1.0379
140,"6_blimp_rescue",0.0518,0.417,0.7001,1,1,0.9983,1.0084
141,"1_lmer_complete",-0.162321978,0.397182176,0.617669064,1,1,0.927486382,0.987894999
141,"2_blimp_complete",-0.1682,0.3971,0.6235,1,1,0.949,0.9886
141,"3_lmer_naive",-0.668146924,0.504123129,0.431702909,0,0,0.677355503,0.778681411
141,"4_blimp_lmc_noaux",-0.6565,0.5041,0.4292,0,0,0.6985,0.7797
141,"5_blimp_omc_aux",-0.2076,0.4145,0.6699,1,1,0.8704,1.0133
141,"6_blimp_rescue",-0.1556,0.3778,0.6157,1,1,0.9043,0.9794
142,"1_lmer_complete",0.088269161,0.416578753,0.73868749,1,1,0.821869544,1.001230651
142,"2_blimp_complete",0.1095,0.4164,0.7556,1,1,0.8451,1.0017
142,"3_lmer_naive",-0.536368272,0.554793523,0.486204468,0,1,0.641359348,0.753455086
142,"4_blimp_lmc_noaux",-0.5444,0.5553,0.4859,0,1,0.6588,0.7543
142,"5_blimp_omc_aux",0.0012,0.4749,0.7478,0,1,0.7519,1.0121
142,"6_blimp_rescue",0.0548,0.4312,0.718,1,1,0.7845,0.9819
143,"1_lmer_complete",0.199358233,0.405984663,0.679603972,1,1,1.080707776,0.97577772
143,"2_blimp_complete",0.2003,0.406,0.7028,1,1,1.1121,0.9763
143,"3_lmer_naive",-0.394033652,0.542851737,0.538766426,0,1,0.865902377,0.768321998
143,"4_blimp_lmc_noaux",-0.3957,0.5429,0.5334,0,1,0.8993,0.7694
143,"5_blimp_omc_aux",0.1678,0.4697,0.7865,0,0,1.0932,1.0211
143,"6_blimp_rescue",0.2764,0.4233,0.7649,1,1,1.1861,0.99
144,"1_lmer_complete",0.058266918,0.409914381,0.630525231,1,1,1.065103831,1.019640743
144,"2_blimp_complete",0.0625,0.4097,0.641,1,1,1.0953,1.0201
144,"3_lmer_naive",-0.481947121,0.553040809,0.496744211,0,1,0.920846009,0.779248712
144,"4_blimp_lmc_noaux",-0.4837,0.5531,0.5118,0,1,0.9502,0.7801
144,"5_blimp_omc_aux",0.0135,0.453,0.6916,0,1,1.0802,1.0361
144,"6_blimp_rescue",0.0455,0.4245,0.6442,1,1,1.1031,1.0136
145,"1_lmer_complete",0.200084555,0.399152903,0.700387603,1,1,1.153954653,1.00579459
145,"2_blimp_complete",0.2067,0.3989,0.7214,1,1,1.1838,1.0059
145,"3_lmer_naive",-0.386190952,0.524235683,0.453557012,0,1,0.811659821,0.779749324
145,"4_blimp_lmc_noaux",-0.3917,0.5242,0.4493,0,1,0.8319,0.7805
145,"5_blimp_omc_aux",0.1163,0.4304,0.6638,1,1,1.0415,1.0324
145,"6_blimp_rescue",0.1962,0.3909,0.6656,1,1,1.0697,0.9997
146,"1_lmer_complete",-0.035036993,0.408885756,0.601071011,1,1,1.1017606,0.990752879
146,"2_blimp_complete",-0.0355,0.4089,0.5932,1,1,1.1374,0.9914
146,"3_lmer_naive",-0.564261117,0.559906362,0.442299488,0,1,0.8255229,0.760773245
146,"4_blimp_lmc_noaux",-0.5537,0.5598,0.4251,0,0,0.8457,0.7615
146,"5_blimp_omc_aux",-0.0385,0.4639,0.6133,0,1,1.1129,1.0316
146,"6_blimp_rescue",-0.0094,0.4271,0.5504,1,1,1.1287,1.0011
147,"1_lmer_complete",-3.93e-05,0.416522566,0.606473642,1,1,1.010059696,1.001231244
147,"2_blimp_complete",0.0207,0.4168,0.6085,1,1,1.037,1.0021
147,"3_lmer_naive",-0.499566478,0.58379643,0.419972005,0,1,0.944697166,0.754259309
147,"4_blimp_lmc_noaux",-0.4806,0.5845,0.3957,0,1,0.9704,0.755
147,"5_blimp_omc_aux",-0.0408,0.4924,0.6894,0,1,1.095,1.0277
147,"6_blimp_rescue",0.0304,0.4592,0.6529,0,1,1.1493,1.003
148,"1_lmer_complete",0.048687103,0.400400673,0.602817332,1,1,0.903435482,1.022874134
148,"2_blimp_complete",0.0432,0.4001,0.6204,1,1,0.9327,1.0235
148,"3_lmer_naive",-0.513275328,0.549676374,0.43941799,0,1,0.774194844,0.767722754
148,"4_blimp_lmc_noaux",-0.5166,0.5499,0.4305,0,1,0.7964,0.7684
148,"5_blimp_omc_aux",-0.0103,0.4483,0.6411,0,1,0.889,1.0477
148,"6_blimp_rescue",0.0284,0.416,0.6201,1,1,0.9131,1.0228
149,"1_lmer_complete",0.09280176,0.40553234,0.585440525,1,1,0.977706776,1.007624262
149,"2_blimp_complete",0.0823,0.4057,0.5964,1,1,1.0053,1.0079
149,"3_lmer_naive",-0.446063255,0.535738194,0.41468045,0,0,0.790804177,0.76438732
149,"4_blimp_lmc_noaux",-0.4424,0.5359,0.3982,0,0,0.8122,0.7655
149,"5_blimp_omc_aux",0.0723,0.4414,0.6447,1,1,0.9857,1.0277
149,"6_blimp_rescue",0.0921,0.404,0.5753,1,1,0.9934,0.9958
150,"1_lmer_complete",0.009519209,0.404647404,0.421940809,1,1,0.877838969,1.016783393
150,"2_blimp_complete",-0.0046,0.4049,0.4138,1,0,0.9049,1.0173
150,"3_lmer_naive",-0.492360683,0.548772023,0.275869446,0,0,0.753126188,0.772980914
150,"4_blimp_lmc_noaux",-0.5139,0.5484,0.2719,0,0,0.7774,0.7738
150,"5_blimp_omc_aux",0.0552,0.4502,0.4843,0,1,0.8792,1.0451
150,"6_blimp_rescue",0.0142,0.4183,0.4295,1,1,0.8731,1.0196
151,"1_lmer_complete",0.090180014,0.406744029,0.573899346,1,1,0.853413618,1.014336691
151,"2_blimp_complete",0.0813,0.4068,0.5881,1,1,0.8758,1.0147
151,"3_lmer_naive",-0.447520424,0.544346809,0.416378713,0,0,0.680105704,0.810196457
151,"4_blimp_lmc_noaux",-0.4465,0.5442,0.4082,0,0,0.6998,0.8113
151,"5_blimp_omc_aux",0.0789,0.4426,0.629,1,1,0.8868,1.0639
151,"6_blimp_rescue",0.1144,0.4115,0.5786,1,1,0.9069,1.0335
152,"1_lmer_complete",0.091519866,0.401566603,0.608193265,1,1,1.121383858,0.973388599
152,"2_blimp_complete",0.0881,0.4018,0.6305,1,1,1.1512,0.9735
152,"3_lmer_naive",-0.40338771,0.502009776,0.453337838,0,1,0.954651341,0.784239238
152,"4_blimp_lmc_noaux",-0.398,0.5019,0.4477,0,1,0.9845,0.7847
152,"5_blimp_omc_aux",0.0638,0.4134,0.6751,1,1,1.1421,1.0061
152,"6_blimp_rescue",0.1229,0.3799,0.6245,1,1,1.1646,0.9774
153,"1_lmer_complete",0.020108789,0.416454697,0.561240457,1,1,1.127313648,1.015607223
153,"2_blimp_complete",0.0256,0.4163,0.5651,1,1,1.1572,1.0163
153,"3_lmer_naive",-0.541569648,0.570721473,0.442972408,0,1,0.958400936,0.780101517
153,"4_blimp_lmc_noaux",-0.5419,0.5708,0.4279,0,1,0.9826,0.7802
153,"5_blimp_omc_aux",0.0396,0.4622,0.6495,0,1,1.1876,1.0819
153,"6_blimp_rescue",0.0349,0.4272,0.5572,1,1,1.2013,1.0517
154,"1_lmer_complete",0.127985627,0.377537629,0.711535204,1,1,0.963354846,1.00236683
154,"2_blimp_complete",0.1312,0.3776,0.7192,1,1,0.9889,1.0034
154,"3_lmer_naive",-0.392377557,0.514607781,0.517875129,0,1,0.803902564,0.75180389
154,"4_blimp_lmc_noaux",-0.3991,0.5149,0.5109,0,1,0.8259,0.7525
154,"5_blimp_omc_aux",0.0558,0.407,0.7664,1,1,0.974,1.0212
154,"6_blimp_rescue",0.1196,0.3706,0.736,1,1,1.0145,0.9916
155,"1_lmer_complete",0.065488738,0.391470172,0.794605104,1,1,1.059707456,0.968647208
155,"2_blimp_complete",0.1066,0.3913,0.8209,1,0,1.089,0.9693
155,"3_lmer_naive",-0.521502531,0.510122219,0.600856911,0,1,0.851668483,0.773315148
155,"4_blimp_lmc_noaux",-0.5215,0.5097,0.6074,0,1,0.8778,0.7741
155,"5_blimp_omc_aux",-0.0098,0.4069,0.8109,1,0,1.0782,1.0236
155,"6_blimp_rescue",0.1046,0.3707,0.7985,1,1,1.1316,0.9873
156,"1_lmer_complete",-0.067058955,0.395810849,0.533624469,1,1,1.001005808,1.024952206
156,"2_blimp_complete",-0.0612,0.396,0.5407,1,1,1.0284,1.0252
156,"3_lmer_naive",-0.570395635,0.539550751,0.396256771,0,0,0.847344221,0.77447168
156,"4_blimp_lmc_noaux",-0.5726,0.5394,0.4053,0,0,0.8667,0.7757
156,"5_blimp_omc_aux",-0.0705,0.4279,0.6184,1,1,1.0618,1.0562
156,"6_blimp_rescue",-0.021,0.3984,0.5521,1,1,1.0999,1.0295
157,"1_lmer_complete",0.017430753,0.402354668,0.434711149,1,0,0.732937434,0.988857503
157,"2_blimp_complete",0.0096,0.4022,0.4397,1,0,0.7531,0.9897
157,"3_lmer_naive",-0.475033903,0.522094415,0.291919012,0,0,0.622154631,0.748084646
157,"4_blimp_lmc_noaux",-0.4544,0.5221,0.271,0,0,0.636,0.7488
157,"5_blimp_omc_aux",0.0338,0.4006,0.4995,1,1,0.7923,1.029
157,"6_blimp_rescue",0.0351,0.3632,0.4481,1,1,0.7888,0.9928
158,"1_lmer_complete",0.008794628,0.406204724,0.600437404,1,1,0.887205247,1.001308677
158,"2_blimp_complete",-0.0021,0.4062,0.6128,1,1,0.9115,1.002
158,"3_lmer_naive",-0.543339542,0.520949682,0.459097036,0,1,0.661902582,0.79207162
158,"4_blimp_lmc_noaux",-0.542,0.5206,0.4531,0,1,0.6845,0.7933
158,"5_blimp_omc_aux",-0.0212,0.4252,0.6808,1,1,0.8419,1.0557
158,"6_blimp_rescue",0.0449,0.39,0.6445,1,1,0.8624,1.028
159,"1_lmer_complete",0.010731693,0.376797226,0.756831141,1,1,1.03812104,0.982993388
159,"2_blimp_complete",0.0222,0.3769,0.7826,1,1,1.0665,0.9832
159,"3_lmer_naive",-0.53583311,0.507679428,0.641955301,0,1,0.849994362,0.746508825
159,"4_blimp_lmc_noaux",-0.5425,0.5078,0.6618,0,1,0.8771,0.7473
159,"5_blimp_omc_aux",-0.074,0.3987,0.8375,1,0,1.0073,0.9883
159,"6_blimp_rescue",0.0379,0.3707,0.8156,1,0,1.0577,0.9636
160,"1_lmer_complete",0.120892559,0.389309762,0.671926955,1,1,1.030254704,1.009008594
160,"2_blimp_complete",0.1293,0.3892,0.6745,1,1,1.0608,1.0089
160,"3_lmer_naive",-0.401895385,0.502203843,0.489137117,0,1,0.881630367,0.802038287
160,"4_blimp_lmc_noaux",-0.3946,0.5025,0.4737,0,1,0.91,0.8031
160,"5_blimp_omc_aux",0.0853,0.4119,0.7607,1,1,1.0815,1.0489
160,"6_blimp_rescue",0.1687,0.3768,0.6928,1,1,1.1354,1.0171
161,"1_lmer_complete",-0.11238833,0.406364921,0.638654066,1,1,0.903650002,0.979225658
161,"2_blimp_complete",-0.1178,0.4064,0.6442,1,1,0.9304,0.9798
161,"3_lmer_naive",-0.661434559,0.537079159,0.505531392,0,1,0.658714027,0.743521316
161,"4_blimp_lmc_noaux",-0.678,0.5374,0.5011,0,1,0.6739,0.7442
161,"5_blimp_omc_aux",-0.1586,0.4429,0.6927,0,1,0.8798,0.9847
161,"6_blimp_rescue",-0.121,0.4021,0.6387,1,1,0.8959,0.9504
162,"1_lmer_complete",-0.052020849,0.406765528,0.693572404,1,1,0.86419126,1.012592614
162,"2_blimp_complete",-0.0384,0.4065,0.7043,1,1,0.8919,1.0129
162,"3_lmer_naive",-0.585657564,0.545468303,0.482272432,0,1,0.778435678,0.798673051
162,"4_blimp_lmc_noaux",-0.5884,0.5452,0.4706,0,1,0.8009,0.7997
162,"5_blimp_omc_aux",-0.08,0.4526,0.7108,0,1,0.8803,1.0618
162,"6_blimp_rescue",-0.0203,0.4204,0.695,1,1,0.9059,1.0371
163,"1_lmer_complete",-0.167868565,0.38828961,0.536161651,1,1,0.774032287,1.027320796
163,"2_blimp_complete",-0.1685,0.3883,0.54,1,1,0.7971,1.0285
163,"3_lmer_naive",-0.69236973,0.509729259,0.404049276,0,0,0.600546972,0.790343788
163,"4_blimp_lmc_noaux",-0.6932,0.5099,0.4048,0,0,0.6215,0.7911
163,"5_blimp_omc_aux",-0.1904,0.4145,0.5958,1,1,0.7853,1.0438
163,"6_blimp_rescue",-0.1535,0.3764,0.5565,1,1,0.8001,1.0093
164,"1_lmer_complete",0.11033539,0.374950166,0.788434504,1,1,1.035031406,0.983458118
164,"2_blimp_complete",0.1222,0.375,0.7893,1,1,1.0555,0.9838
164,"3_lmer_naive",-0.471055898,0.528010105,0.603824034,0,1,0.843782749,0.73865583
164,"4_blimp_lmc_noaux",-0.4654,0.5283,0.6009,0,1,0.8664,0.7398
164,"5_blimp_omc_aux",0.0142,0.4262,0.8084,1,0,1.0325,0.995
164,"6_blimp_rescue",0.1013,0.3984,0.7991,1,0,1.0906,0.9747
165,"1_lmer_complete",-0.098513659,0.401278583,0.690128723,1,1,1.0227804,0.987979816
165,"2_blimp_complete",-0.1036,0.4013,0.6833,1,1,1.0489,0.9882
165,"3_lmer_naive",-0.631115376,0.517333869,0.443384667,0,1,0.84928623,0.802359174
165,"4_blimp_lmc_noaux",-0.6389,0.5173,0.4345,0,1,0.8733,0.8031
165,"5_blimp_omc_aux",-0.131,0.4361,0.6675,1,1,1.0268,1.0378
165,"6_blimp_rescue",-0.0837,0.4048,0.6639,1,1,1.0613,1.0121
166,"1_lmer_complete",-0.087956715,0.388581089,0.678212963,1,1,0.900465299,1.001182325
166,"2_blimp_complete",-0.0959,0.3886,0.6878,1,1,0.9208,1.0017
166,"3_lmer_naive",-0.639941716,0.513252435,0.498415249,0,1,0.776916771,0.769827146
166,"4_blimp_lmc_noaux",-0.6512,0.5134,0.494,0,1,0.8021,0.7703
166,"5_blimp_omc_aux",-0.1384,0.4162,0.7085,1,1,0.9447,1.0346
166,"6_blimp_rescue",-0.0751,0.3789,0.7022,1,1,0.97,1.0021
167,"1_lmer_complete",0.106979481,0.369410037,0.530174081,0,1,1.230590879,0.997711041
167,"2_blimp_complete",0.0973,0.3694,0.5359,0,1,1.2629,0.9982
167,"3_lmer_naive",-0.418203068,0.503401066,0.394416621,0,0,1.132031665,0.75325358
167,"4_blimp_lmc_noaux",-0.4016,0.5032,0.3864,0,1,1.1651,0.7539
167,"5_blimp_omc_aux",0.091,0.3942,0.6009,1,1,1.3075,1.0138
167,"6_blimp_rescue",0.1176,0.3603,0.5058,1,1,1.3199,0.9836
168,"1_lmer_complete",0.012046519,0.382459155,0.564302389,1,1,0.847749167,0.983921605
168,"2_blimp_complete",0.0019,0.3828,0.5527,1,1,0.8717,0.9848
168,"3_lmer_naive",-0.498576002,0.537804998,0.42194378,0,0,0.731978655,0.768997994
168,"4_blimp_lmc_noaux",-0.4902,0.5379,0.4037,0,0,0.7517,0.7697
168,"5_blimp_omc_aux",-0.0047,0.4347,0.6564,1,1,0.9353,1.0642
168,"6_blimp_rescue",0.0635,0.3938,0.5949,1,1,0.9572,1.0301
169,"1_lmer_complete",-0.029519761,0.419620851,0.595604556,1,1,0.98042759,0.991457866
169,"2_blimp_complete",-0.0316,0.4196,0.5947,1,1,1.0077,0.9922
169,"3_lmer_naive",-0.569668491,0.552207735,0.445565363,0,1,0.761779984,0.786703003
169,"4_blimp_lmc_noaux",-0.5682,0.5526,0.4292,0,1,0.7784,0.7873
169,"5_blimp_omc_aux",-0.0434,0.452,0.6553,0,1,1.0441,1.0496
169,"6_blimp_rescue",-0.0103,0.4158,0.579,1,1,1.073,1.0187
170,"1_lmer_complete",0.084234553,0.396662218,0.503122464,1,1,0.766839392,0.963665012
170,"2_blimp_complete",0.0979,0.397,0.4864,1,1,0.7891,0.9643
170,"3_lmer_naive",-0.442590283,0.553165642,0.34066197,0,0,0.640321422,0.713915298
170,"4_blimp_lmc_noaux",-0.4314,0.5527,0.3291,0,0,0.6587,0.7148
170,"5_blimp_omc_aux",0.0544,0.4475,0.541,0,1,0.7402,0.9926
170,"6_blimp_rescue",0.0791,0.4207,0.5073,1,1,0.7537,0.9718
171,"1_lmer_complete",0.234423431,0.403930499,0.642142199,1,1,1.111551252,0.975425141
171,"2_blimp_complete",0.2423,0.4039,0.6403,1,1,1.1399,0.9758
171,"3_lmer_naive",-0.255669393,0.535843485,0.454687593,0,1,0.964328214,0.797219472
171,"4_blimp_lmc_noaux",-0.2413,0.5358,0.4414,0,1,0.9927,0.798
171,"5_blimp_omc_aux",0.1584,0.4513,0.7096,0,1,1.1459,1.0229
171,"6_blimp_rescue",0.223,0.4197,0.6453,1,1,1.1772,0.9989
172,"1_lmer_complete",0.135712854,0.396913435,0.463433267,1,1,1.015958009,1.018404787
172,"2_blimp_complete",0.1091,0.3969,0.4976,1,1,1.0431,1.0188
172,"3_lmer_naive",-0.410650435,0.559601109,0.387192698,0,0,0.939906003,0.739057645
172,"4_blimp_lmc_noaux",-0.4211,0.5597,0.3811,0,0,0.969,0.74
172,"5_blimp_omc_aux",0.1151,0.4512,0.5478,0,1,1.066,1.0254
172,"6_blimp_rescue",0.1475,0.419,0.4808,1,1,1.0773,1.0005
173,"1_lmer_complete",0.00241985,0.397069807,0.612972924,1,1,1.010988122,1.013426764
173,"2_blimp_complete",0.0392,0.3968,0.6191,1,1,1.0395,1.0142
173,"3_lmer_naive",-0.57526183,0.528363567,0.466873015,0,1,0.71124423,0.770773435
173,"4_blimp_lmc_noaux",-0.5757,0.5288,0.4529,0,1,0.7315,0.7714
173,"5_blimp_omc_aux",-0.0834,0.4347,0.6865,1,1,0.8829,1.0332
173,"6_blimp_rescue",-0.0077,0.3951,0.6274,1,1,0.92,1.0012
174,"1_lmer_complete",0.082189276,0.407196039,0.582094256,1,1,0.875511241,1.012208708
174,"2_blimp_complete",0.0811,0.4069,0.5875,1,1,0.8971,1.013
174,"3_lmer_naive",-0.453163048,0.553941559,0.361857396,0,0,0.617614096,0.83563446
174,"4_blimp_lmc_noaux",-0.4462,0.5538,0.3504,0,0,0.6345,0.8357
174,"5_blimp_omc_aux",0.0789,0.4692,0.5962,0,1,0.8732,1.0872
174,"6_blimp_rescue",0.0848,0.4287,0.5437,1,1,0.8827,1.0562
175,"1_lmer_complete",0.123083119,0.396386106,0.49542963,1,1,0.90261456,1.005740393
175,"2_blimp_complete",0.1181,0.3961,0.5062,1,1,0.9304,1.0064
175,"3_lmer_naive",-0.413170539,0.553604475,0.363979439,0,0,0.746063929,0.768916319
175,"4_blimp_lmc_noaux",-0.412,0.5537,0.3483,0,0,0.7657,0.7695
175,"5_blimp_omc_aux",0.1096,0.4595,0.5734,0,1,0.9339,1.0529
175,"6_blimp_rescue",0.1212,0.4211,0.5264,1,1,0.9407,1.0238
176,"1_lmer_complete",0.020000801,0.418777623,0.367381568,1,1,1.226595956,0.986436564
176,"2_blimp_complete",0.0013,0.4189,0.3459,1,1,1.2564,0.9869
176,"3_lmer_naive",-0.470265636,0.541555278,0.343152028,0,0,0.887322181,0.778349641
176,"4_blimp_lmc_noaux",-0.4569,0.542,0.3287,0,0,0.9079,0.7799
176,"5_blimp_omc_aux",0.0675,0.4623,0.5262,0,1,1.2935,1.0118
176,"6_blimp_rescue",0.0593,0.4251,0.3814,1,1,1.2539,0.9829
177,"1_lmer_complete",-0.108657658,0.380207766,0.668741037,1,1,0.897049009,1.00468307
177,"2_blimp_complete",-0.1014,0.3804,0.6765,1,1,0.9206,1.005
177,"3_lmer_naive",-0.605353652,0.490488376,0.530582724,0,1,0.781068697,0.783315531
177,"4_blimp_lmc_noaux",-0.6081,0.4897,0.5493,0,1,0.8028,0.7837
177,"5_blimp_omc_aux",-0.1269,0.3881,0.7506,1,1,0.9522,1.0469
177,"6_blimp_rescue",-0.03,0.3488,0.6934,0,1,0.9898,1.0091
178,"1_lmer_complete",-0.165913433,0.395646877,0.483679703,1,1,0.926209776,1.001877328
178,"2_blimp_complete",-0.1588,0.3952,0.4848,1,1,0.953,1.0023
178,"3_lmer_naive",-0.660645071,0.513896314,0.360334443,0,0,0.813973776,0.806891539
178,"4_blimp_lmc_noaux",-0.6525,0.514,0.3572,0,0,0.8364,0.8077
178,"5_blimp_omc_aux",-0.159,0.4144,0.5523,1,1,0.9756,1.0754
178,"6_blimp_rescue",-0.1355,0.3772,0.5145,1,1,0.9808,1.0425
179,"1_lmer_complete",0.006852808,0.393021064,0.728429766,1,1,1.060828593,1.006690158
179,"2_blimp_complete",-0.018,0.3929,0.7223,1,1,1.0899,1.0071
179,"3_lmer_naive",-0.560599972,0.529197258,0.530210611,0,1,0.958591093,0.784202849
179,"4_blimp_lmc_noaux",-0.5602,0.5294,0.5382,0,1,0.9874,0.785
179,"5_blimp_omc_aux",-0.0269,0.4144,0.7515,1,1,1.0695,1.0509
179,"6_blimp_rescue",0.0288,0.3837,0.7332,1,1,1.1022,1.0214
180,"1_lmer_complete",-0.102985231,0.407814883,0.630824716,1,1,1.034421647,0.975589693
180,"2_blimp_complete",-0.1022,0.4079,0.6269,1,1,1.0621,0.9759
180,"3_lmer_naive",-0.645729119,0.50058681,0.479799663,0,1,0.768210834,0.769570918
180,"4_blimp_lmc_noaux",-0.6548,0.5007,0.4597,0,1,0.7893,0.7702
180,"5_blimp_omc_aux",-0.1217,0.4074,0.7223,1,1,1.0579,1.0134
180,"6_blimp_rescue",-0.0522,0.3689,0.6775,1,1,1.1063,0.9795
181,"1_lmer_complete",-0.072258277,0.426285767,0.686094614,1,1,0.821675563,1.034385779
181,"2_blimp_complete",-0.0748,0.4263,0.6883,1,1,0.8472,1.0349
181,"3_lmer_naive",-0.623216219,0.56154349,0.536178264,0,1,0.689256638,0.775188771
181,"4_blimp_lmc_noaux",-0.6235,0.562,0.5275,0,1,0.7074,0.7762
181,"5_blimp_omc_aux",-0.131,0.4746,0.7427,0,1,0.8499,1.0288
181,"6_blimp_rescue",-0.09,0.4428,0.7017,1,1,0.8772,1.0042
182,"1_lmer_complete",0.128928631,0.393609524,0.562478074,1,1,0.884560336,0.992993914
182,"2_blimp_complete",0.1259,0.3938,0.5785,1,1,0.9063,0.9928
182,"3_lmer_naive",-0.446510292,0.55256341,0.383439471,0,0,0.730280065,0.736453196
182,"4_blimp_lmc_noaux",-0.4598,0.5527,0.3657,0,0,0.746,0.7372
182,"5_blimp_omc_aux",0.0877,0.4567,0.6023,0,1,0.8684,1.0096
182,"6_blimp_rescue",0.1392,0.4248,0.564,1,1,0.9089,0.9873
183,"1_lmer_complete",-0.105862002,0.385847584,0.746793173,1,1,1.063845355,0.963581577
183,"2_blimp_complete",-0.1208,0.386,0.7821,1,1,1.0953,0.9635
183,"3_lmer_naive",-0.645836717,0.519386946,0.571008171,0,1,0.840700392,0.76404409
183,"4_blimp_lmc_noaux",-0.6364,0.5194,0.5776,0,1,0.8646,0.7653
183,"5_blimp_omc_aux",-0.1725,0.4026,0.8032,1,1,1.0462,1.031
183,"6_blimp_rescue",-0.0774,0.3723,0.7774,1,1,1.1062,1.0003
184,"1_lmer_complete",0.219377749,0.43768671,0.643434237,0,1,0.722789666,1.004094143
184,"2_blimp_complete",0.208,0.4379,0.6554,0,1,0.7416,1.0046
184,"3_lmer_naive",-0.324226751,0.585182373,0.372342059,0,0,0.635556903,0.769204867
184,"4_blimp_lmc_noaux",-0.3217,0.5845,0.3611,0,0,0.6542,0.7704
184,"5_blimp_omc_aux",0.2047,0.4946,0.6333,0,1,0.7058,1.0601
184,"6_blimp_rescue",0.2135,0.4566,0.6228,0,1,0.7325,1.0338
185,"1_lmer_complete",0.095837662,0.374976932,0.584066743,1,1,1.148670012,0.992946436
185,"2_blimp_complete",0.09,0.3749,0.5915,1,1,1.1741,0.9931
185,"3_lmer_naive",-0.414358226,0.491994376,0.423337126,0,0,1.011134142,0.783231906
185,"4_blimp_lmc_noaux",-0.4303,0.4924,0.4085,0,1,1.0385,0.7839
185,"5_blimp_omc_aux",0.0727,0.383,0.6312,1,1,1.2153,1.0529
185,"6_blimp_rescue",0.1282,0.3465,0.5919,0,1,1.2233,1.0174
186,"1_lmer_complete",0.095879235,0.394858377,0.653277671,1,1,1.153852554,1.003103452
186,"2_blimp_complete",0.1159,0.3948,0.6895,1,1,1.1875,1.004
186,"3_lmer_naive",-0.481798757,0.522215513,0.494301757,0,1,0.82344735,0.765850389
186,"4_blimp_lmc_noaux",-0.4774,0.5223,0.4984,0,1,0.8498,0.7661
186,"5_blimp_omc_aux",0.0712,0.4342,0.7279,1,1,1.203,1.0112
186,"6_blimp_rescue",0.1055,0.395,0.6074,1,1,1.2463,0.9799
187,"1_lmer_complete",-0.066891728,0.39446308,0.440475728,1,1,1.017003653,1.008616746
187,"2_blimp_complete",-0.0735,0.3945,0.4349,1,1,1.0475,1.0093
187,"3_lmer_naive",-0.559877704,0.531727446,0.37256756,0,0,0.76732322,0.79396985
187,"4_blimp_lmc_noaux",-0.5569,0.5317,0.3701,0,0,0.7884,0.7945
187,"5_blimp_omc_aux",-0.0524,0.4292,0.5902,1,1,1.0581,1.0771
187,"6_blimp_rescue",-0.0419,0.3907,0.5144,1,1,1.054,1.0421
188,"1_lmer_complete",-0.176159271,0.426139011,0.638532926,1,1,1.141397438,0.998724734
188,"2_blimp_complete",-0.1765,0.4262,0.6546,1,1,1.1716,0.9988
188,"3_lmer_naive",-0.706210037,0.552695316,0.433390365,0,1,0.975165081,0.803703408
188,"4_blimp_lmc_noaux",-0.7053,0.5528,0.4435,0,1,1.0045,0.8041
188,"5_blimp_omc_aux",-0.1943,0.4724,0.6749,0,1,1.1527,1.0596
188,"6_blimp_rescue",-0.1656,0.4371,0.6499,1,1,1.1885,1.0315
189,"1_lmer_complete",0.021269812,0.390706935,0.675319613,1,1,1.280178532,0.978471385
189,"2_blimp_complete",0.0357,0.3907,0.6992,1,1,1.311,0.9793
189,"3_lmer_naive",-0.495522862,0.507867056,0.532973714,0,1,1.068223966,0.790989146
189,"4_blimp_lmc_noaux",-0.4821,0.5079,0.534,0,1,1.0972,0.7922
189,"5_blimp_omc_aux",0.0041,0.4259,0.7831,1,1,1.2919,1.0322
189,"6_blimp_rescue",0.0556,0.3895,0.7184,1,1,1.3453,1.0019
190,"1_lmer_complete",-0.076046216,0.396562247,0.630402216,1,1,1.070771514,1.009226277
190,"2_blimp_complete",-0.0545,0.3968,0.644,1,1,1.1015,1.0096
190,"3_lmer_naive",-0.679512804,0.525165809,0.463401489,0,1,0.832424893,0.761008496
190,"4_blimp_lmc_noaux",-0.6587,0.5251,0.4527,0,1,0.8568,0.7621
190,"5_blimp_omc_aux",-0.1286,0.4403,0.6976,1,1,1.0809,1.0239
190,"6_blimp_rescue",-0.0774,0.3927,0.6244,1,1,1.0988,0.9818
191,"1_lmer_complete",-0.074419186,0.386802331,0.794889834,1,1,0.913996337,1.019087649
191,"2_blimp_complete",-0.0604,0.3867,0.8264,1,0,0.9339,1.0194
191,"3_lmer_naive",-0.649254575,0.509826552,0.593136388,0,1,0.730434508,0.761703507
191,"4_blimp_lmc_noaux",-0.6332,0.51,0.5788,0,1,0.7512,0.7624
191,"5_blimp_omc_aux",-0.184,0.399,0.8201,1,0,0.9052,1.033
191,"6_blimp_rescue",-0.0779,0.3602,0.7739,1,1,0.9416,0.9934
192,"1_lmer_complete",0.015438742,0.417441002,0.492852654,1,1,1.247667025,0.978188838
192,"2_blimp_complete",-8e-04,0.4176,0.5119,1,1,1.2866,0.9784
192,"3_lmer_naive",-0.498593856,0.559355174,0.405096393,0,0,0.913113597,0.767125947
192,"4_blimp_lmc_noaux",-0.5023,0.5589,0.3899,0,0,0.9322,0.7676
192,"5_blimp_omc_aux",0.0017,0.4809,0.6039,0,1,1.3113,1.0044
192,"6_blimp_rescue",0.0242,0.44,0.4738,0,1,1.3178,0.9761
193,"1_lmer_complete",-0.01987693,0.414461849,0.469979663,1,1,0.933353263,0.995754804
193,"2_blimp_complete",-0.0179,0.4144,0.4713,1,1,0.9621,0.9963
193,"3_lmer_naive",-0.555700942,0.539126892,0.313374012,0,0,0.705683597,0.778361149
193,"4_blimp_lmc_noaux",-0.5443,0.539,0.2957,0,0,0.7239,0.7797
193,"5_blimp_omc_aux",-0.0238,0.4441,0.5531,0,1,0.9154,1.0345
193,"6_blimp_rescue",-0.0564,0.4037,0.4488,1,1,0.9056,0.9978
194,"1_lmer_complete",0.072295416,0.408847181,0.640102437,1,1,0.885373986,1.008341515
194,"2_blimp_complete",0.0706,0.4089,0.6302,1,1,0.9109,1.009
194,"3_lmer_naive",-0.471930788,0.539200476,0.435248389,0,0,0.768731316,0.753132954
194,"4_blimp_lmc_noaux",-0.4727,0.5392,0.4283,0,0,0.7872,0.754
194,"5_blimp_omc_aux",0.0438,0.449,0.6614,0,1,0.8884,1.0268
194,"6_blimp_rescue",0.0425,0.4067,0.6286,1,1,0.909,0.9962
195,"1_lmer_complete",0.104609885,0.415190336,0.588250629,1,1,1.047486598,1.032966465
195,"2_blimp_complete",0.1223,0.4151,0.5827,1,1,1.0734,1.0338
195,"3_lmer_naive",-0.4798302,0.562158191,0.404217691,0,0,0.83228871,0.809384249
195,"4_blimp_lmc_noaux",-0.4751,0.562,0.3876,0,0,0.8561,0.8108
195,"5_blimp_omc_aux",0.0627,0.4711,0.6411,0,1,1.0124,1.0892
195,"6_blimp_rescue",0.1128,0.4267,0.5923,1,1,1.0291,1.0554
196,"1_lmer_complete",-0.017928868,0.405551865,0.603542274,1,1,0.919559756,1.008130646
196,"2_blimp_complete",-0.0129,0.4054,0.613,1,1,0.9443,1.0088
196,"3_lmer_naive",-0.493334935,0.55314271,0.498196981,0,1,0.788371929,0.808374394
196,"4_blimp_lmc_noaux",-0.498,0.5539,0.4846,0,1,0.8084,0.8093
196,"5_blimp_omc_aux",-0.0373,0.4486,0.6771,0,1,0.9606,1.0585
196,"6_blimp_rescue",0.0381,0.4243,0.6578,1,1,1.017,1.0395
197,"1_lmer_complete",-0.068028336,0.400820027,0.531020088,1,1,1.001301279,1.015568095
197,"2_blimp_complete",-0.083,0.4011,0.5398,1,1,1.0226,1.0161
197,"3_lmer_naive",-0.540605155,0.525300768,0.370591076,0,0,0.808057851,0.784732873
197,"4_blimp_lmc_noaux",-0.5555,0.5251,0.3579,0,0,0.8307,0.7853
197,"5_blimp_omc_aux",-0.097,0.4347,0.5704,1,1,0.9965,1.0162
197,"6_blimp_rescue",-0.0839,0.4044,0.4988,1,1,1.0014,0.9899
198,"1_lmer_complete",0.00892172,0.426375065,0.60864759,1,1,0.70419087,0.997777994
198,"2_blimp_complete",-0.0039,0.4262,0.6224,1,1,0.7218,0.9982
198,"3_lmer_naive",-0.530090103,0.566243489,0.446425691,0,0,0.547740282,0.729441532
198,"4_blimp_lmc_noaux",-0.5296,0.5672,0.4201,0,0,0.559,0.7303
198,"5_blimp_omc_aux",-0.0591,0.4605,0.6482,0,1,0.6976,0.9812
198,"6_blimp_rescue",0.0039,0.4316,0.6254,1,1,0.7175,0.9552
199,"1_lmer_complete",-0.141160074,0.416573672,0.494290952,1,1,0.861197724,0.99454957
199,"2_blimp_complete",-0.1475,0.4168,0.4942,1,1,0.8842,0.9955
199,"3_lmer_naive",-0.622577202,0.560909199,0.37273572,0,0,0.682178611,0.733364274
199,"4_blimp_lmc_noaux",-0.6113,0.5608,0.3643,0,0,0.7019,0.7342
199,"5_blimp_omc_aux",-0.1584,0.4672,0.5734,0,1,0.8334,0.9921
199,"6_blimp_rescue",-0.1487,0.4284,0.4923,1,1,0.8361,0.9665
200,"1_lmer_complete",-0.125090161,0.372559186,0.757432896,1,1,1.021376072,1.013769428
200,"2_blimp_complete",-0.1244,0.3726,0.7719,1,1,1.0483,1.0144
200,"3_lmer_naive",-0.699150904,0.53210423,0.556553017,0,1,0.781003428,0.770554964
200,"4_blimp_lmc_noaux",-0.6855,0.5322,0.5458,0,1,0.8036,0.7715
200,"5_blimp_omc_aux",-0.2183,0.4307,0.8003,1,1,1.0234,1.0302
200,"6_blimp_rescue",-0.1212,0.3914,0.7595,1,1,1.0776,0.9974
201,"1_lmer_complete",-0.045408172,0.371954199,0.652244466,1,1,0.997197675,1.011046645
201,"2_blimp_complete",-0.0537,0.3721,0.6573,1,1,1.0238,1.012
201,"3_lmer_naive",-0.636476379,0.506670031,0.434809979,0,0,0.759991975,0.796971414
201,"4_blimp_lmc_noaux",-0.6365,0.5067,0.4404,0,1,0.7811,0.7978
201,"5_blimp_omc_aux",-0.0663,0.4058,0.7013,1,1,0.9921,1.0782
201,"6_blimp_rescue",-0.0294,0.3606,0.658,1,1,1.0185,1.0347
202,"1_lmer_complete",-0.157803268,0.409657603,0.703934732,1,1,1.033364572,0.994008498
202,"2_blimp_complete",-0.162,0.4098,0.7034,1,1,1.0639,0.9942
202,"3_lmer_naive",-0.688435708,0.549831512,0.50069651,0,1,0.8972673,0.779099963
202,"4_blimp_lmc_noaux",-0.6862,0.5497,0.4827,0,1,0.925,0.7796
202,"5_blimp_omc_aux",-0.1638,0.4639,0.7364,0,1,1.0711,1.0309
202,"6_blimp_rescue",-0.1176,0.4311,0.7436,1,1,1.0976,1.0087
203,"1_lmer_complete",0.027372271,0.371236663,0.654049253,0,1,0.989134783,1.018054621
203,"2_blimp_complete",0.0294,0.371,0.6717,0,1,1.0173,1.0186
203,"3_lmer_naive",-0.545620134,0.477799116,0.449550121,0,0,0.79085328,0.784356531
203,"4_blimp_lmc_noaux",-0.565,0.4779,0.462,0,1,0.8127,0.785
203,"5_blimp_omc_aux",-0.0135,0.3841,0.6956,1,1,0.9716,1.0448
203,"6_blimp_rescue",0.0445,0.3425,0.6827,0,1,1.014,1.009
204,"1_lmer_complete",0.165073628,0.407543389,0.54777989,1,1,0.880570123,0.97689766
204,"2_blimp_complete",0.1582,0.4074,0.5415,1,1,0.9033,0.9777
204,"3_lmer_naive",-0.398276774,0.551608758,0.410212506,0,0,0.760325671,0.759835013
204,"4_blimp_lmc_noaux",-0.3989,0.5515,0.4129,0,0,0.7829,0.7605
204,"5_blimp_omc_aux",0.1646,0.4526,0.6434,0,1,0.9094,1.046
204,"6_blimp_rescue",0.1866,0.4119,0.601,1,1,0.9277,1.0162
205,"1_lmer_complete",-0.173585144,0.396575723,0.567426789,1,1,0.977298734,0.997622498
205,"2_blimp_complete",-0.1884,0.3962,0.5628,1,1,1.0028,0.9981
205,"3_lmer_naive",-0.658333606,0.527181198,0.416779468,0,0,0.889330869,0.800829316
205,"4_blimp_lmc_noaux",-0.6499,0.5273,0.4078,0,0,0.9142,0.8012
205,"5_blimp_omc_aux",-0.1624,0.4314,0.6618,1,1,1.0059,1.0668
205,"6_blimp_rescue",-0.1157,0.3946,0.6124,1,1,1.0248,1.0396
206,"1_lmer_complete",-0.063427468,0.416127067,0.622505759,1,1,1.052975612,1.003417167
206,"2_blimp_complete",-0.0614,0.4162,0.6349,1,1,1.0769,1.0036
206,"3_lmer_naive",-0.642069507,0.508743198,0.446125405,0,1,0.79272733,0.779160891
206,"4_blimp_lmc_noaux",-0.6535,0.5092,0.4237,0,1,0.8156,0.7798
206,"5_blimp_omc_aux",-0.1069,0.4221,0.6987,1,1,1.045,1.0245
206,"6_blimp_rescue",-0.0449,0.3828,0.6555,1,1,1.0743,0.9914
207,"1_lmer_complete",0.005727607,0.373381647,0.67163085,1,1,1.170891303,0.997633091
207,"2_blimp_complete",-0.0103,0.3732,0.6716,1,1,1.2003,0.9983
207,"3_lmer_naive",-0.587452173,0.505980186,0.489672779,0,1,1.022645811,0.743410085
207,"4_blimp_lmc_noaux",-0.6005,0.5062,0.4885,0,1,1.052,0.7439
207,"5_blimp_omc_aux",-0.0842,0.396,0.6971,1,1,1.2602,1.013
207,"6_blimp_rescue",-0.0154,0.3556,0.6931,0,1,1.3207,0.9703
208,"1_lmer_complete",0.03298061,0.406015273,0.607703996,1,1,0.737654201,1.011758642
208,"2_blimp_complete",0.0417,0.4062,0.6057,1,1,0.7601,1.0121
208,"3_lmer_naive",-0.501100733,0.562425904,0.433929138,0,0,0.665798009,0.776241371
208,"4_blimp_lmc_noaux",-0.4997,0.5628,0.424,0,1,0.683,0.7773
208,"5_blimp_omc_aux",0.0237,0.4591,0.6331,0,1,0.7709,1.0594
208,"6_blimp_rescue",0.0529,0.4202,0.6075,1,1,0.7919,1.0293
209,"1_lmer_complete",0.015255229,0.390598375,0.48609978,1,1,1.173001608,0.997915856
209,"2_blimp_complete",0.0029,0.3906,0.4963,1,1,1.2057,0.9987
209,"3_lmer_naive",-0.468060103,0.531315958,0.383491694,0,0,0.976958265,0.769019127
209,"4_blimp_lmc_noaux",-0.4701,0.5311,0.3683,0,0,1.0051,0.7695
209,"5_blimp_omc_aux",-0.0512,0.43,0.575,1,1,1.2045,1.0335
209,"6_blimp_rescue",0.0252,0.3968,0.4968,1,1,1.2132,1.0051
210,"1_lmer_complete",0.045946956,0.419453686,0.61257857,1,1,1.036478752,0.993631362
210,"2_blimp_complete",0.0569,0.4195,0.6154,1,1,1.0658,0.9938
210,"3_lmer_naive",-0.527507056,0.553761999,0.453772971,0,1,0.799610097,0.764065815
210,"4_blimp_lmc_noaux",-0.5131,0.5542,0.4365,0,1,0.8226,0.7647
210,"5_blimp_omc_aux",0.0088,0.4608,0.7058,0,1,1.0425,1.0332
210,"6_blimp_rescue",0.0545,0.4245,0.5958,1,1,1.0681,1.0036
211,"1_lmer_complete",-0.053455485,0.388644836,0.570702977,1,1,0.95479391,1.030763178
211,"2_blimp_complete",-0.0403,0.3888,0.5639,1,1,0.984,1.032
211,"3_lmer_naive",-0.578528058,0.51677251,0.346465907,0,0,0.740495075,0.820545374
211,"4_blimp_lmc_noaux",-0.5813,0.5165,0.3275,0,0,0.7602,0.8212
211,"5_blimp_omc_aux",-0.0972,0.4159,0.5611,1,1,0.8797,1.0771
211,"6_blimp_rescue",-0.0769,0.3821,0.5268,1,1,0.8877,1.0468
212,"1_lmer_complete",-0.298972042,0.41033372,0.395422886,1,1,0.970199301,0.988998874
212,"2_blimp_complete",-0.2855,0.41,0.3965,1,1,1.0004,0.9899
212,"3_lmer_naive",-0.728769851,0.548091758,0.253103916,0,0,0.795025826,0.756666599
212,"4_blimp_lmc_noaux",-0.7297,0.5481,0.231,0,0,0.8108,0.7576
212,"5_blimp_omc_aux",-0.2954,0.444,0.4553,0,1,0.9814,1.0056
212,"6_blimp_rescue",-0.2944,0.4125,0.3493,1,0,0.9666,0.98
213,"1_lmer_complete",0.012159163,0.397805209,0.624289116,1,1,1.027765715,1.006970181
213,"2_blimp_complete",0.0153,0.3979,0.6408,1,1,1.0551,1.0076
213,"3_lmer_naive",-0.536942667,0.542129267,0.462091699,0,1,0.86635378,0.740728866
213,"4_blimp_lmc_noaux",-0.5326,0.5425,0.4476,0,1,0.8911,0.7418
213,"5_blimp_omc_aux",-0.0598,0.4243,0.6442,1,1,1.0216,1.0141
213,"6_blimp_rescue",-0.0209,0.3978,0.6001,1,1,1.0425,0.9902
214,"1_lmer_complete",0.071585449,0.398360967,0.470900017,1,1,1.158042993,0.98987638
214,"2_blimp_complete",0.0561,0.3983,0.4878,1,1,1.1916,0.9904
214,"3_lmer_naive",-0.461462549,0.523003835,0.270791776,0,0,0.928969952,0.740675736
214,"4_blimp_lmc_noaux",-0.4479,0.5227,0.2629,0,0,0.9588,0.7413
214,"5_blimp_omc_aux",0.0491,0.4301,0.5103,1,1,1.1512,0.9939
214,"6_blimp_rescue",0.0548,0.3878,0.4444,1,1,1.1748,0.96
215,"1_lmer_complete",-0.002563046,0.39439811,0.528458885,1,1,0.791618249,1.014911864
215,"2_blimp_complete",-0.0208,0.3943,0.5229,1,1,0.8121,1.0152
215,"3_lmer_naive",-0.521578831,0.513861104,0.402274931,0,0,0.672634087,0.803681477
215,"4_blimp_lmc_noaux",-0.5317,0.514,0.4059,0,0,0.6942,0.8046
215,"5_blimp_omc_aux",-0.0046,0.4089,0.616,1,1,0.8141,1.0791
215,"6_blimp_rescue",0.029,0.3745,0.5445,1,1,0.8225,1.0497
216,"1_lmer_complete",0.015973076,0.425243441,0.545722835,1,1,1.023945505,0.984612098
216,"2_blimp_complete",0.0242,0.4249,0.5428,1,1,1.0542,0.9853
216,"3_lmer_naive",-0.513732431,0.5407203,0.379079059,0,0,0.788155031,0.7827342
216,"4_blimp_lmc_noaux",-0.527,0.5404,0.3723,0,0,0.81,0.7837
216,"5_blimp_omc_aux",-0.0354,0.4599,0.6097,0,1,1.0016,1.0061
216,"6_blimp_rescue",0.0121,0.4194,0.5496,1,1,1.0174,0.9742
217,"1_lmer_complete",0.016287245,0.393868731,0.442760133,1,1,0.730583786,0.994171789
217,"2_blimp_complete",0.0238,0.394,0.4347,1,1,0.7502,0.9952
217,"3_lmer_naive",-0.450722417,0.540175488,0.303571107,0,0,0.579317877,0.767391278
217,"4_blimp_lmc_noaux",-0.442,0.5403,0.2859,0,0,0.5922,0.7686
217,"5_blimp_omc_aux",-0.0056,0.4256,0.5265,1,1,0.7445,1.0383
217,"6_blimp_rescue",0.0095,0.3932,0.4624,1,1,0.7398,1.0065
218,"1_lmer_complete",-0.094030776,0.406947992,0.728219656,1,1,0.909284324,1.037346535
218,"2_blimp_complete",-0.0956,0.4068,0.7224,1,1,0.9318,1.0376
218,"3_lmer_naive",-0.699490652,0.547769121,0.466237162,0,1,0.761153666,0.804215925
218,"4_blimp_lmc_noaux",-0.7147,0.5471,0.4707,0,1,0.786,0.8044
218,"5_blimp_omc_aux",-0.1643,0.459,0.7252,0,1,0.9307,1.0631
218,"6_blimp_rescue",-0.1015,0.4226,0.6975,1,1,0.9586,1.0395
219,"1_lmer_complete",-0.217536344,0.421512633,0.493913187,1,1,1.037294598,1.010678171
219,"2_blimp_complete",-0.2287,0.422,0.4771,1,1,1.0672,1.0113
219,"3_lmer_naive",-0.707338078,0.532834113,0.327874079,0,0,0.769632607,0.775615808
219,"4_blimp_lmc_noaux",-0.7069,0.533,0.2952,0,0,0.7898,0.7764
219,"5_blimp_omc_aux",-0.2186,0.4359,0.5431,1,1,1.0429,1.0253
219,"6_blimp_rescue",-0.2086,0.406,0.4767,1,1,1.053,1.002
220,"1_lmer_complete",-0.037514561,0.393898949,0.603849344,1,1,1.107269398,0.99009223
220,"2_blimp_complete",-0.0561,0.3937,0.5785,1,1,1.1352,0.9904
220,"3_lmer_naive",-0.558003116,0.527071474,0.473921597,0,1,0.85858808,0.773836578
220,"4_blimp_lmc_noaux",-0.5561,0.5272,0.4588,0,1,0.8817,0.7747
220,"5_blimp_omc_aux",-0.0676,0.4292,0.6823,1,1,1.0662,1.0263
220,"6_blimp_rescue",-0.0327,0.3945,0.6392,1,1,1.1087,0.9966
221,"1_lmer_complete",0.025901387,0.38753762,0.653434078,1,1,1.146463513,1.019720049
221,"2_blimp_complete",0.0519,0.3874,0.6338,1,1,1.1817,1.0201
221,"3_lmer_naive",-0.510717923,0.534477706,0.488610272,0,1,0.928744231,0.800745063
221,"4_blimp_lmc_noaux",-0.523,0.5348,0.4893,0,1,0.9549,0.8016
221,"5_blimp_omc_aux",-0.0062,0.4367,0.7034,1,1,1.1609,1.0847
221,"6_blimp_rescue",0.0404,0.3989,0.6859,1,1,1.1988,1.0525
222,"1_lmer_complete",-0.114801576,0.398806433,0.758350253,1,1,1.275293593,0.967732268
222,"2_blimp_complete",-0.108,0.3989,0.7714,1,1,1.3082,0.9684
222,"3_lmer_naive",-0.673424959,0.520216577,0.586566489,0,1,0.940964697,0.791942551
222,"4_blimp_lmc_noaux",-0.6687,0.5203,0.5805,0,1,0.9686,0.7928
222,"5_blimp_omc_aux",-0.1755,0.4381,0.7907,1,0,1.2744,1.0076
222,"6_blimp_rescue",-0.1058,0.404,0.7722,1,1,1.3233,0.9798
223,"1_lmer_complete",-0.100680969,0.38449166,0.510147257,1,1,1.119549287,1.002176814
223,"2_blimp_complete",-0.1032,0.3844,0.5,1,1,1.1578,1.0029
223,"3_lmer_naive",-0.606362676,0.517353676,0.367946749,0,0,0.993899234,0.782001098
223,"4_blimp_lmc_noaux",-0.5922,0.5174,0.3517,0,0,1.0208,0.7828
223,"5_blimp_omc_aux",-0.0746,0.408,0.563,1,1,1.1361,1.0757
223,"6_blimp_rescue",-0.0465,0.374,0.5202,1,1,1.1617,1.0473
224,"1_lmer_complete",-0.027145357,0.403661832,0.426578098,1,1,1.018430122,0.995455291
224,"2_blimp_complete",-0.0136,0.4038,0.4157,1,1,1.0495,0.9959
224,"3_lmer_naive",-0.547007269,0.527078829,0.328101201,0,0,0.760149274,0.783118835
224,"4_blimp_lmc_noaux",-0.5462,0.5272,0.316,0,0,0.7812,0.784
224,"5_blimp_omc_aux",-0.0265,0.433,0.5265,1,1,0.9976,1.0204
224,"6_blimp_rescue",-0.0446,0.399,0.4085,1,1,0.9768,0.9896
225,"1_lmer_complete",-0.178338091,0.386837573,0.521522434,1,1,0.859516819,0.992201346
225,"2_blimp_complete",-0.179,0.3866,0.5323,1,1,0.8805,0.9928
225,"3_lmer_naive",-0.658259008,0.491745021,0.316088052,0,0,0.70924404,0.773610789
225,"4_blimp_lmc_noaux",-0.6642,0.4915,0.3001,0,0,0.7288,0.7746
225,"5_blimp_omc_aux",-0.1938,0.3954,0.5251,1,1,0.8461,1.0024
225,"6_blimp_rescue",-0.1985,0.3667,0.4849,1,1,0.8524,0.973
226,"1_lmer_complete",-0.015720884,0.40887619,0.339861707,1,0,0.893013276,1.00090383
226,"2_blimp_complete",-0.007,0.4091,0.3405,1,0,0.9138,1.001
226,"3_lmer_naive",-0.497695674,0.5320795,0.237362312,0,0,0.695632153,0.761646586
226,"4_blimp_lmc_noaux",-0.4972,0.5322,0.2108,0,0,0.7116,0.7626
226,"5_blimp_omc_aux",0.0322,0.4254,0.4082,1,0,0.9324,1.0298
226,"6_blimp_rescue",-0.0212,0.3878,0.329,1,0,0.9006,0.9953
227,"1_lmer_complete",0.016232842,0.390705445,0.456388957,1,1,0.931079269,1.058361166
227,"2_blimp_complete",0.0075,0.3908,0.4666,1,1,0.956,1.0584
227,"3_lmer_naive",-0.52579417,0.523594044,0.297774394,0,0,0.801444883,0.840410499
227,"4_blimp_lmc_noaux",-0.5282,0.5236,0.2898,0,0,0.8193,0.8419
227,"5_blimp_omc_aux",0.0284,0.4219,0.5297,1,1,1.0043,1.1339
227,"6_blimp_rescue",0.011,0.3806,0.417,1,1,0.9941,1.0917
228,"1_lmer_complete",-0.05071752,0.400192421,0.548505495,1,1,0.936377499,1.020556079
228,"2_blimp_complete",-0.0443,0.3999,0.537,1,1,0.9672,1.0212
228,"3_lmer_naive",-0.535920383,0.520778419,0.410020738,0,0,0.749582189,0.798314439
228,"4_blimp_lmc_noaux",-0.5365,0.5207,0.3987,0,0,0.769,0.7993
228,"5_blimp_omc_aux",-0.0708,0.4249,0.6233,1,1,0.9434,1.0582
228,"6_blimp_rescue",-0.035,0.3937,0.565,1,1,0.9611,1.0333
229,"1_lmer_complete",0.041470446,0.413818301,0.55549438,1,1,1.067751483,0.99169211
229,"2_blimp_complete",0.0373,0.4137,0.556,1,1,1.0949,0.992
229,"3_lmer_naive",-0.504477086,0.556425795,0.434128942,0,1,0.838927707,0.769640922
229,"4_blimp_lmc_noaux",-0.5074,0.5569,0.4246,0,0,0.8588,0.7704
229,"5_blimp_omc_aux",0.0214,0.4587,0.6169,0,1,1.0718,1.0305
229,"6_blimp_rescue",0.0418,0.4257,0.5371,1,1,1.0902,1.0022
230,"1_lmer_complete",0.075933548,0.388915775,0.622504205,1,1,1.000324792,0.990587306
230,"2_blimp_complete",0.084,0.3892,0.6171,1,1,1.0274,0.991
230,"3_lmer_naive",-0.475995098,0.543338215,0.448976383,0,1,0.822094316,0.760320419
230,"4_blimp_lmc_noaux",-0.4745,0.5434,0.4414,0,0,0.8429,0.7609
230,"5_blimp_omc_aux",0.0295,0.4467,0.6465,0,1,0.9656,1.0206
230,"6_blimp_rescue",0.0669,0.4139,0.6091,1,1,0.9861,0.9967
231,"1_lmer_complete",0.015969019,0.407358057,0.508806331,1,1,0.97270242,1.008389381
231,"2_blimp_complete",0.0047,0.4074,0.5118,1,1,0.9975,1.0092
231,"3_lmer_naive",-0.519060979,0.522534949,0.35364258,0,0,0.734729274,0.783895637
231,"4_blimp_lmc_noaux",-0.5263,0.5224,0.3465,0,0,0.7557,0.7846
231,"5_blimp_omc_aux",-6e-04,0.4161,0.5727,1,1,1.0009,1.0312
231,"6_blimp_rescue",-0.0076,0.3837,0.4854,1,1,1.0003,0.9968
232,"1_lmer_complete",-0.086740311,0.397643995,0.474632177,1,1,0.720772051,0.987520296
232,"2_blimp_complete",-0.1002,0.3976,0.4745,1,1,0.7428,0.9874
232,"3_lmer_naive",-0.537501197,0.52645402,0.329381115,0,0,0.677967854,0.756758367
232,"4_blimp_lmc_noaux",-0.5299,0.5265,0.3145,0,0,0.6925,0.7568
232,"5_blimp_omc_aux",-0.0994,0.4245,0.505,1,1,0.7586,0.9995
232,"6_blimp_rescue",-0.1018,0.3936,0.457,1,1,0.7572,0.9742
233,"1_lmer_complete",0.045290611,0.392507683,0.791019168,1,1,1.038588777,0.96467654
233,"2_blimp_complete",0.0335,0.3921,0.8141,1,1,1.0667,0.965
233,"3_lmer_naive",-0.530796987,0.524001744,0.616254346,0,1,0.864707254,0.766706384
233,"4_blimp_lmc_noaux",-0.5268,0.5243,0.6108,0,1,0.8905,0.7675
233,"5_blimp_omc_aux",-0.0512,0.4353,0.8447,1,0,1.0406,0.9957
233,"6_blimp_rescue",0.046,0.4002,0.8083,1,1,1.0967,0.9656
234,"1_lmer_complete",-0.060720047,0.410274473,0.622897887,1,1,0.836290774,1.013983466
234,"2_blimp_complete",-0.0625,0.4102,0.6177,1,1,0.8633,1.0147
234,"3_lmer_naive",-0.582304105,0.529511931,0.408162719,0,0,0.746778063,0.807760018
234,"4_blimp_lmc_noaux",-0.5791,0.5295,0.4068,0,0,0.767,0.8084
234,"5_blimp_omc_aux",-0.0687,0.4455,0.6679,0,1,0.8382,1.0794
234,"6_blimp_rescue",-0.0339,0.4036,0.6382,1,1,0.8486,1.0485
235,"1_lmer_complete",-0.018057799,0.39624038,0.495895653,1,1,1.183865617,1.010289101
235,"2_blimp_complete",-0.0204,0.3964,0.4873,1,1,1.2171,1.0109
235,"3_lmer_naive",-0.583989258,0.534297152,0.400556884,0,0,0.856723975,0.762311647
235,"4_blimp_lmc_noaux",-0.5746,0.5343,0.3839,0,0,0.8799,0.7638
235,"5_blimp_omc_aux",-0.0903,0.4296,0.6113,1,1,1.2029,1.0306
235,"6_blimp_rescue",-0.0505,0.3927,0.4794,1,1,1.2006,0.9955
236,"1_lmer_complete",-0.008015002,0.355770886,0.442659108,0,0,0.770470644,1.029175816
236,"2_blimp_complete",-0.001,0.3556,0.4338,0,0,0.7912,1.0293
236,"3_lmer_naive",-0.577822843,0.525384698,0.31981652,0,0,0.70089022,0.7404382
236,"4_blimp_lmc_noaux",-0.5858,0.5248,0.3225,0,0,0.7257,0.741
236,"5_blimp_omc_aux",0.0083,0.4184,0.4979,1,1,0.8193,1.0451
236,"6_blimp_rescue",-0.0163,0.3695,0.4449,1,0,0.8242,1.0047
237,"1_lmer_complete",0.039843436,0.419206256,0.593566995,1,1,0.936454746,1.044667542
237,"2_blimp_complete",0.0248,0.4192,0.5958,1,1,0.9645,1.0454
237,"3_lmer_naive",-0.532666945,0.561617763,0.41409041,0,0,0.765063147,0.810634148
237,"4_blimp_lmc_noaux",-0.5393,0.5617,0.4112,0,0,0.786,0.8117
237,"5_blimp_omc_aux",0.0047,0.474,0.66,0,1,0.9274,1.0794
237,"6_blimp_rescue",0.0379,0.4352,0.6007,1,1,0.9567,1.0486
238,"1_lmer_complete",-0.124713079,0.396160421,0.58370143,1,1,0.942107865,1.008763955
238,"2_blimp_complete",-0.1097,0.3961,0.5736,1,1,0.9694,1.0092
238,"3_lmer_naive",-0.641353655,0.504431896,0.416042799,0,1,0.735502224,0.800838757
238,"4_blimp_lmc_noaux",-0.6471,0.5041,0.414,0,1,0.7583,0.8016
238,"5_blimp_omc_aux",-0.1499,0.404,0.6497,1,1,0.8909,1.0591
238,"6_blimp_rescue",-0.1092,0.3708,0.5476,1,1,0.9189,1.0294
239,"1_lmer_complete",-0.035267546,0.407278975,0.542982945,1,1,0.888462593,0.986066296
239,"2_blimp_complete",-0.0291,0.4075,0.5454,1,1,0.9149,0.9872
239,"3_lmer_naive",-0.573893927,0.560312879,0.424771153,0,0,0.746101863,0.750725531
239,"4_blimp_lmc_noaux",-0.5628,0.5601,0.4105,0,0,0.7673,0.7516
239,"5_blimp_omc_aux",-0.0668,0.458,0.6077,0,1,0.8874,1.0154
239,"6_blimp_rescue",-0.0678,0.4227,0.562,1,1,0.9012,0.9859
240,"1_lmer_complete",-0.02154703,0.397671603,0.47981549,1,1,1.088167074,0.999082512
240,"2_blimp_complete",-0.0239,0.3978,0.4632,1,1,1.1158,0.9995
240,"3_lmer_naive",-0.46421616,0.523005928,0.342178353,0,0,0.894865292,0.795829834
240,"4_blimp_lmc_noaux",-0.4643,0.523,0.3204,0,0,0.9158,0.7966
240,"5_blimp_omc_aux",-0.0232,0.4159,0.5387,1,1,1.0894,1.0569
240,"6_blimp_rescue",-0.0249,0.385,0.4676,1,1,1.0968,1.0275
241,"1_lmer_complete",-0.002348845,0.373614763,0.598972654,1,1,0.83393654,1.025834787
241,"2_blimp_complete",-0.0109,0.3734,0.5968,1,1,0.8553,1.0265
241,"3_lmer_naive",-0.53105735,0.513915396,0.406400972,0,0,0.711693569,0.805190614
241,"4_blimp_lmc_noaux",-0.536,0.514,0.4093,0,0,0.7322,0.806
241,"5_blimp_omc_aux",-0.0397,0.4208,0.6376,1,1,0.8235,1.0667
241,"6_blimp_rescue",-0.0226,0.381,0.5939,1,1,0.8359,1.0282
242,"1_lmer_complete",-0.054061458,0.402234266,0.588237897,1,1,0.810033832,0.988477718
242,"2_blimp_complete",-0.0623,0.4022,0.6005,1,1,0.831,0.9892
242,"3_lmer_naive",-0.561282116,0.540458293,0.435913191,0,0,0.704616788,0.78877999
242,"4_blimp_lmc_noaux",-0.559,0.5407,0.4174,0,0,0.7254,0.7901
242,"5_blimp_omc_aux",-0.0595,0.4507,0.6619,0,1,0.8817,1.0672
242,"6_blimp_rescue",-0.0122,0.4117,0.5943,1,1,0.8885,1.0403
243,"1_lmer_complete",-0.061393224,0.400385502,0.696885967,1,1,1.032803599,1.0140407
243,"2_blimp_complete",-0.0467,0.4003,0.7058,1,1,1.0586,1.0147
243,"3_lmer_naive",-0.638531104,0.513012108,0.487219753,0,1,0.811660293,0.780065867
243,"4_blimp_lmc_noaux",-0.6405,0.5131,0.4844,0,1,0.8337,0.7813
243,"5_blimp_omc_aux",-0.1376,0.4186,0.7439,1,1,1.0223,1.0383
243,"6_blimp_rescue",-0.0776,0.3784,0.6805,1,1,1.0571,1.0028
244,"1_lmer_complete",0.054534228,0.391055431,0.622767309,1,1,1.072320465,1.021885882
244,"2_blimp_complete",0.0671,0.3912,0.6294,1,1,1.1004,1.0223
244,"3_lmer_naive",-0.515689072,0.539576537,0.433929204,0,0,0.909208485,0.811866159
244,"4_blimp_lmc_noaux",-0.51,0.5398,0.4201,0,0,0.9355,0.8126
244,"5_blimp_omc_aux",0.0131,0.433,0.7055,1,1,1.113,1.1079
244,"6_blimp_rescue",0.0866,0.3895,0.6741,1,1,1.1526,1.0732
245,"1_lmer_complete",0.080817947,0.39979497,0.596169033,1,1,1.065941239,1.022133203
245,"2_blimp_complete",0.0748,0.4,0.6063,1,1,1.0929,1.0225
245,"3_lmer_naive",-0.453356261,0.539480154,0.390595146,0,0,0.866822495,0.810826753
245,"4_blimp_lmc_noaux",-0.4665,0.5392,0.3992,0,0,0.892,0.8115
245,"5_blimp_omc_aux",0.0649,0.4519,0.6498,0,1,1.068,1.0803
245,"6_blimp_rescue",0.0981,0.4147,0.6076,1,1,1.0939,1.0521
246,"1_lmer_complete",0.018617711,0.37810051,0.768929222,1,1,0.924825896,0.988711027
246,"2_blimp_complete",0.036,0.3779,0.7718,1,1,0.9477,0.9891
246,"3_lmer_naive",-0.539361943,0.507630226,0.577557367,0,1,0.751435443,0.787641341
246,"4_blimp_lmc_noaux",-0.541,0.5069,0.5986,0,1,0.7723,0.789
246,"5_blimp_omc_aux",-0.03,0.3962,0.8201,1,0,0.9352,1.0452
246,"6_blimp_rescue",0.0571,0.3674,0.8178,1,0,0.987,1.0148
247,"1_lmer_complete",-0.086856303,0.432675566,0.497174095,0,1,0.992557214,0.95182816
247,"2_blimp_complete",-0.0819,0.4327,0.5054,0,1,1.0209,0.9527
247,"3_lmer_naive",-0.61471253,0.550551565,0.379186733,0,0,0.836714657,0.749391033
247,"4_blimp_lmc_noaux",-0.6274,0.5504,0.373,0,0,0.858,0.7499
247,"5_blimp_omc_aux",-0.0693,0.4622,0.5771,0,1,1.0598,1.0039
247,"6_blimp_rescue",-0.0657,0.4265,0.5299,1,1,1.0976,0.9761
248,"1_lmer_complete",-0.067596489,0.378461757,0.773663704,1,1,1.003545902,0.995070572
248,"2_blimp_complete",-0.0595,0.3785,0.7794,1,1,1.0271,0.9957
248,"3_lmer_naive",-0.650755716,0.54148884,0.588495288,0,1,0.7660467,0.745456084
248,"4_blimp_lmc_noaux",-0.6567,0.5412,0.5895,0,1,0.79,0.7463
248,"5_blimp_omc_aux",-0.1459,0.4413,0.7982,1,1,1.0029,1.0098
248,"6_blimp_rescue",-0.048,0.4027,0.7726,1,1,1.0569,0.9781
249,"1_lmer_complete",-0.059635384,0.361647981,0.705894698,0,1,0.93172588,0.945907801
249,"2_blimp_complete",-0.0574,0.362,0.7142,0,1,0.9571,0.9466
249,"3_lmer_naive",-0.598957999,0.515761378,0.550626303,0,1,0.739127194,0.722700258
249,"4_blimp_lmc_noaux",-0.6028,0.5159,0.5684,0,1,0.7597,0.7235
249,"5_blimp_omc_aux",-0.1404,0.4113,0.7601,1,1,0.9015,0.9705
249,"6_blimp_rescue",-0.05,0.3746,0.7127,1,1,0.9375,0.9395
250,"1_lmer_complete",-0.150830839,0.385394615,0.663855583,1,1,0.99808423,0.992370341
250,"2_blimp_complete",-0.1438,0.3856,0.6626,1,1,1.0245,0.9929
250,"3_lmer_naive",-0.684123799,0.544749573,0.47942816,0,1,0.707161946,0.775367768
250,"4_blimp_lmc_noaux",-0.688,0.5448,0.4675,0,1,0.7255,0.7762
250,"5_blimp_omc_aux",-0.1948,0.4512,0.729,0,1,1.0267,1.0507
250,"6_blimp_rescue",-0.1525,0.4106,0.6676,1,1,1.0794,1.0166
251,"1_lmer_complete",-0.138276625,0.370180052,0.578956346,0,1,1.51916089,0.97921456
251,"2_blimp_complete",-0.132,0.37,0.5801,0,1,1.5611,0.9798
251,"3_lmer_naive",-0.67631629,0.50091425,0.537475676,0,1,1.241953606,0.779298344
251,"4_blimp_lmc_noaux",-0.6763,0.5013,0.5219,0,1,1.2759,0.7803
251,"5_blimp_omc_aux",-0.1891,0.3899,0.7047,1,1,1.5922,1.0316
251,"6_blimp_rescue",-0.1067,0.361,0.646,1,1,1.6596,1.0057
252,"1_lmer_complete",0.065664505,0.397558927,0.64137151,1,1,1.014736405,0.960044626
252,"2_blimp_complete",0.0753,0.3977,0.6631,1,1,1.0406,0.9604
252,"3_lmer_naive",-0.47658213,0.521601615,0.463854353,0,1,0.787561,0.779585007
252,"4_blimp_lmc_noaux",-0.4823,0.5217,0.4698,0,1,0.8098,0.7795
252,"5_blimp_omc_aux",0.0225,0.4415,0.6934,1,1,1.009,1.0061
252,"6_blimp_rescue",0.0669,0.4076,0.6692,1,1,1.0314,0.9816
253,"1_lmer_complete",-0.054310038,0.416924324,0.599334496,1,1,1.202765403,0.985995599
253,"2_blimp_complete",-0.0472,0.4169,0.601,1,1,1.2378,0.9864
253,"3_lmer_naive",-0.629197272,0.555990089,0.456940768,0,1,0.811776185,0.76117121
253,"4_blimp_lmc_noaux",-0.6284,0.5561,0.4486,0,1,0.8367,0.7618
253,"5_blimp_omc_aux",-0.111,0.4708,0.7214,0,1,1.1216,1.0145
253,"6_blimp_rescue",-0.0803,0.4239,0.6422,1,1,1.1562,0.9787
254,"1_lmer_complete",-0.076889536,0.403591763,0.578433354,1,1,1.041287216,1.003910649
254,"2_blimp_complete",-0.067,0.4036,0.5737,1,1,1.0716,1.0045
254,"3_lmer_naive",-0.599601114,0.538581432,0.424906146,0,0,0.777465931,0.779275198
254,"4_blimp_lmc_noaux",-0.5973,0.5383,0.4103,0,0,0.7986,0.7802
254,"5_blimp_omc_aux",-0.0682,0.4363,0.6223,1,1,0.9203,1.0655
254,"6_blimp_rescue",-0.0343,0.4054,0.5921,1,1,0.9618,1.0402
255,"1_lmer_complete",0.188141802,0.396835447,0.572089851,1,1,1.219986678,1.028168508
255,"2_blimp_complete",0.2051,0.3966,0.5782,1,1,1.2508,1.0287
255,"3_lmer_naive",-0.384587072,0.561597509,0.474013997,0,1,0.930356589,0.776685621
255,"4_blimp_lmc_noaux",-0.3896,0.5617,0.4737,0,1,0.9578,0.7779
255,"5_blimp_omc_aux",0.1675,0.4637,0.6813,0,1,1.1432,1.056
255,"6_blimp_rescue",0.1935,0.4252,0.6336,1,1,1.1677,1.0223
256,"1_lmer_complete",0.183263966,0.398035974,0.733681161,1,1,0.902969699,1.003775513
256,"2_blimp_complete",0.2025,0.398,0.7373,1,1,0.9285,1.0044
256,"3_lmer_naive",-0.447623742,0.516776241,0.480275354,0,1,0.759507798,0.790781693
256,"4_blimp_lmc_noaux",-0.4508,0.5162,0.4784,0,1,0.7821,0.7917
256,"5_blimp_omc_aux",0.1004,0.4096,0.7223,1,1,0.8677,1.0743
256,"6_blimp_rescue",0.1721,0.3722,0.7145,1,1,0.9036,1.0432
257,"1_lmer_complete",0.108839641,0.403528714,0.507346014,1,1,1.086903701,1.00626922
257,"2_blimp_complete",0.1005,0.4033,0.5134,1,1,1.1169,1.0073
257,"3_lmer_naive",-0.447753255,0.547488932,0.372089099,0,0,0.902605515,0.769154797
257,"4_blimp_lmc_noaux",-0.4381,0.5482,0.348,0,0,0.9229,0.7696
257,"5_blimp_omc_aux",0.1055,0.4391,0.5779,1,1,1.1368,1.0611
257,"6_blimp_rescue",0.1505,0.4067,0.4967,1,1,1.1673,1.0323
258,"1_lmer_complete",-0.034427092,0.38982134,0.494856481,1,1,0.743722301,1.030899738
258,"2_blimp_complete",-0.0227,0.39,0.5026,1,1,0.7656,1.0315
258,"3_lmer_naive",-0.53175337,0.566864866,0.343687737,0,0,0.626881887,0.761337997
258,"4_blimp_lmc_noaux",-0.5406,0.5665,0.3429,0,0,0.6444,0.7619
258,"5_blimp_omc_aux",-0.0387,0.4509,0.5311,0,1,0.7692,1.0642
258,"6_blimp_rescue",-0.0246,0.4148,0.4991,1,1,0.7706,1.0331
259,"1_lmer_complete",-0.055860386,0.409892897,0.438505368,1,1,0.858880418,1.010979039
259,"2_blimp_complete",-0.0516,0.4102,0.4521,1,1,0.8833,1.0119
259,"3_lmer_naive",-0.539936325,0.550553624,0.325411361,0,0,0.737513341,0.79148857
259,"4_blimp_lmc_noaux",-0.539,0.5507,0.3167,0,0,0.7548,0.7926
259,"5_blimp_omc_aux",-0.036,0.449,0.5274,0,1,0.8917,1.0502
259,"6_blimp_rescue",-0.0549,0.4169,0.411,1,1,0.8895,1.0246
260,"1_lmer_complete",0.242788021,0.395824308,0.633132856,1,1,0.923280473,1.002018946
260,"2_blimp_complete",0.2375,0.3958,0.6386,1,1,0.9497,1.0026
260,"3_lmer_naive",-0.354697198,0.536912533,0.463983712,0,1,0.712737171,0.75896752
260,"4_blimp_lmc_noaux",-0.3477,0.5363,0.4779,0,1,0.7365,0.76
260,"5_blimp_omc_aux",0.1797,0.4349,0.6858,1,1,0.8727,1.0371
260,"6_blimp_rescue",0.225,0.3915,0.6252,1,1,0.8969,1.0007
261,"1_lmer_complete",-0.042892304,0.399064103,0.685852158,1,1,1.158000983,1.028313277
261,"2_blimp_complete",-0.0579,0.3988,0.6828,1,1,1.1899,1.0289
261,"3_lmer_naive",-0.58459651,0.524614364,0.528032731,0,1,0.986726375,0.812251577
261,"4_blimp_lmc_noaux",-0.5763,0.5243,0.5197,0,1,1.0149,0.813
261,"5_blimp_omc_aux",-0.0896,0.4146,0.7646,1,1,1.1729,1.1104
261,"6_blimp_rescue",-6e-04,0.3768,0.748,1,1,1.2259,1.0777
262,"1_lmer_complete",-0.095374283,0.400907408,0.580221681,1,1,0.997954501,0.991381476
262,"2_blimp_complete",-0.1099,0.4009,0.5766,1,1,1.0274,0.9916
262,"3_lmer_naive",-0.607715857,0.531852909,0.373800314,0,0,0.816185607,0.757826226
262,"4_blimp_lmc_noaux",-0.6177,0.5318,0.3689,0,0,0.8417,0.7584
262,"5_blimp_omc_aux",-0.1202,0.4428,0.6053,0,1,1.0141,1.0241
262,"6_blimp_rescue",-0.1214,0.3998,0.5293,1,1,1.03,0.9918
263,"1_lmer_complete",0.141679291,0.422702421,0.547461453,1,1,1.148161324,0.959927984
263,"2_blimp_complete",0.1287,0.4229,0.5519,1,1,1.186,0.9605
263,"3_lmer_naive",-0.420736989,0.546958127,0.398047,0,0,0.889100608,0.726864032
263,"4_blimp_lmc_noaux",-0.4279,0.5472,0.3905,0,0,0.9131,0.7277
263,"5_blimp_omc_aux",0.0867,0.4608,0.6188,0,1,1.1398,0.9636
263,"6_blimp_rescue",0.1266,0.4197,0.4837,1,1,1.1462,0.9266
264,"1_lmer_complete",-0.058732445,0.404875789,0.457913673,1,1,0.898210874,1.036410867
264,"2_blimp_complete",-0.0607,0.405,0.4517,1,1,0.9225,1.0367
264,"3_lmer_naive",-0.571765455,0.553015936,0.302955729,0,0,0.779725471,0.784756821
264,"4_blimp_lmc_noaux",-0.5606,0.5535,0.2878,0,0,0.7973,0.7857
264,"5_blimp_omc_aux",-0.0762,0.4529,0.5214,0,1,0.8795,1.053
264,"6_blimp_rescue",-0.0562,0.4139,0.4706,1,1,0.89,1.0245
265,"1_lmer_complete",0.068505648,0.399281978,0.591788119,1,1,1.319691409,1.027494292
265,"2_blimp_complete",0.0585,0.3994,0.5758,1,1,1.3522,1.0279
265,"3_lmer_naive",-0.499918776,0.517019134,0.513977486,0,1,0.996391254,0.796158161
265,"4_blimp_lmc_noaux",-0.4845,0.5178,0.5044,0,1,1.0216,0.7969
265,"5_blimp_omc_aux",0.0266,0.4154,0.726,1,1,1.3771,1.0695
265,"6_blimp_rescue",0.1254,0.3756,0.6563,1,1,1.4492,1.0365
266,"1_lmer_complete",-0.065133691,0.390693666,0.795954919,1,1,1.218617754,1.012959237
266,"2_blimp_complete",-0.0588,0.3907,0.8217,1,1,1.2496,1.0131
266,"3_lmer_naive",-0.604965157,0.531676005,0.604741254,0,1,1.146770895,0.795239297
266,"4_blimp_lmc_noaux",-0.6144,0.532,0.5995,0,1,1.1799,0.7959
266,"5_blimp_omc_aux",-0.1075,0.4406,0.8425,1,0,1.3129,1.0713
266,"6_blimp_rescue",-0.0228,0.4029,0.7886,1,1,1.3632,1.0425
267,"1_lmer_complete",-0.049192052,0.375049279,0.432825263,1,1,1.064635441,0.980573491
267,"2_blimp_complete",-0.0459,0.375,0.4215,1,1,1.0953,0.981
267,"3_lmer_naive",-0.563610139,0.539214833,0.277017101,0,0,0.854290519,0.752626773
267,"4_blimp_lmc_noaux",-0.5569,0.5391,0.272,0,0,0.8812,0.7536
267,"5_blimp_omc_aux",-0.0289,0.4144,0.4366,1,1,1.1024,1.0429
267,"6_blimp_rescue",-0.0274,0.3784,0.389,1,0,1.1656,1.0111
268,"1_lmer_complete",-0.032540108,0.421731003,0.457651353,1,1,1.054789337,0.988386243
268,"2_blimp_complete",-0.0381,0.4219,0.4559,1,1,1.0842,0.9892
268,"3_lmer_naive",-0.537682442,0.556564493,0.32117897,0,0,0.914310101,0.774800566
268,"4_blimp_lmc_noaux",-0.5383,0.5566,0.3016,0,0,0.9409,0.7758
268,"5_blimp_omc_aux",0.0282,0.4658,0.5026,0,1,1.0711,1.0586
268,"6_blimp_rescue",0.0167,0.4301,0.4618,1,1,1.0819,1.0306
269,"1_lmer_complete",-0.057281649,0.400353185,0.560227177,1,1,0.961103327,0.994565126
269,"2_blimp_complete",-0.0557,0.4003,0.5612,1,1,0.9884,0.9956
269,"3_lmer_naive",-0.552003927,0.528387823,0.430383427,0,1,0.801034363,0.773280135
269,"4_blimp_lmc_noaux",-0.5557,0.528,0.4365,0,1,0.8219,0.7743
269,"5_blimp_omc_aux",-0.0714,0.4289,0.6419,1,1,1.0475,1.0407
269,"6_blimp_rescue",-0.0144,0.3891,0.5794,1,1,1.0704,1.0076
270,"1_lmer_complete",0.083008232,0.449974257,0.567993474,0,1,1.096726214,0.985827197
270,"2_blimp_complete",0.0859,0.4501,0.5656,0,1,1.1282,0.9866
270,"3_lmer_naive",-0.487895577,0.59418652,0.478357725,0,1,0.795755635,0.754821919
270,"4_blimp_lmc_noaux",-0.4739,0.5946,0.461,0,1,0.8178,0.7556
270,"5_blimp_omc_aux",0.0561,0.5041,0.7201,0,1,1.0683,1.0355
270,"6_blimp_rescue",0.0795,0.467,0.5764,0,1,1.1,1.0081
271,"1_lmer_complete",-0.07397823,0.38503036,0.625093265,1,1,1.077533561,1.007405789
271,"2_blimp_complete",-0.0812,0.3847,0.6143,1,1,1.1044,1.0083
271,"3_lmer_naive",-0.590962512,0.515886364,0.458127788,0,1,0.895130672,0.767311275
271,"4_blimp_lmc_noaux",-0.6001,0.5156,0.4645,0,1,0.922,0.7687
271,"5_blimp_omc_aux",-0.1442,0.411,0.6911,1,1,1.1103,1.0248
271,"6_blimp_rescue",-0.0619,0.3785,0.6375,1,1,1.1394,0.9972
272,"1_lmer_complete",0.098383738,0.388452606,0.489504216,1,1,0.880780976,0.988791679
272,"2_blimp_complete",0.0875,0.3885,0.4881,1,1,0.9051,0.9896
272,"3_lmer_naive",-0.345437728,0.536083434,0.391011583,0,0,0.739539337,0.794543339
272,"4_blimp_lmc_noaux",-0.3349,0.5363,0.3816,0,0,0.7593,0.7954
272,"5_blimp_omc_aux",0.116,0.4227,0.5246,1,1,0.912,1.0569
272,"6_blimp_rescue",0.1197,0.397,0.497,1,1,0.922,1.0372
273,"1_lmer_complete",-0.028753169,0.420163236,0.504188185,1,1,0.726849452,0.990619236
273,"2_blimp_complete",-0.0326,0.4202,0.5101,1,1,0.7456,0.9916
273,"3_lmer_naive",-0.50217168,0.544782609,0.375245874,0,0,0.632169774,0.759085179
273,"4_blimp_lmc_noaux",-0.5004,0.5446,0.3548,0,0,0.6512,0.7595
273,"5_blimp_omc_aux",-0.0366,0.4536,0.5706,0,1,0.77,0.9989
273,"6_blimp_rescue",-0.0262,0.4202,0.5152,1,1,0.7789,0.9709
274,"1_lmer_complete",0.088348811,0.394866718,0.543482866,1,1,1.249235208,0.997408019
274,"2_blimp_complete",0.0656,0.3949,0.589,1,1,1.2849,0.998
274,"3_lmer_naive",-0.455720457,0.54594616,0.424412,0,1,1.103272386,0.743828033
274,"4_blimp_lmc_noaux",-0.4436,0.5461,0.4028,0,1,1.1335,0.7447
274,"5_blimp_omc_aux",0.0309,0.4357,0.6276,1,1,1.3539,1.0028
274,"6_blimp_rescue",0.0725,0.404,0.6369,1,1,1.4412,0.9796
275,"1_lmer_complete",-0.065191931,0.418413243,0.648245787,1,1,0.868654946,1.015814105
275,"2_blimp_complete",-0.0603,0.4185,0.6559,1,1,0.8958,1.0164
275,"3_lmer_naive",-0.594583391,0.541560744,0.493359496,0,1,0.705322251,0.762486174
275,"4_blimp_lmc_noaux",-0.591,0.5417,0.4898,0,1,0.7256,0.7632
275,"5_blimp_omc_aux",-0.1289,0.4468,0.6895,0,1,0.8975,0.9957
275,"6_blimp_rescue",-0.0833,0.4157,0.6597,1,1,0.9295,0.9718
276,"1_lmer_complete",0.231032313,0.404311518,0.57855258,1,1,0.839921265,0.998923116
276,"2_blimp_complete",0.2121,0.404,0.5812,1,1,0.8631,0.9999
276,"3_lmer_naive",-0.327753896,0.537685264,0.339916232,0,0,0.728973533,0.76688319
276,"4_blimp_lmc_noaux",-0.3304,0.5381,0.3157,0,0,0.7454,0.7678
276,"5_blimp_omc_aux",0.2106,0.4478,0.5749,0,1,0.8227,1.0327
276,"6_blimp_rescue",0.2293,0.4099,0.5362,1,1,0.8445,0.9999
277,"1_lmer_complete",-0.075448222,0.393489791,0.583811319,1,1,0.976871874,1.010791169
277,"2_blimp_complete",-0.0775,0.3936,0.5777,1,1,1.0043,1.0111
277,"3_lmer_naive",-0.581175111,0.522518459,0.457711098,0,1,0.754922586,0.786280794
277,"4_blimp_lmc_noaux",-0.5795,0.5227,0.4491,0,1,0.7762,0.7869
277,"5_blimp_omc_aux",-0.0996,0.4188,0.6429,1,1,0.9554,1.0376
277,"6_blimp_rescue",-0.0794,0.3903,0.592,1,1,0.9842,1.0134
278,"1_lmer_complete",0.188329415,0.420950528,0.603675822,1,1,1.007976307,1.03940688
278,"2_blimp_complete",0.1785,0.421,0.6111,1,1,1.0312,1.0403
278,"3_lmer_naive",-0.401498621,0.556115536,0.422120153,0,0,0.817134981,0.773732387
278,"4_blimp_lmc_noaux",-0.4088,0.5564,0.42,0,0,0.8353,0.7743
278,"5_blimp_omc_aux",0.1418,0.4638,0.6666,0,1,1.0355,1.047
278,"6_blimp_rescue",0.1725,0.4286,0.6189,1,1,1.0537,1.0173
279,"1_lmer_complete",0.091615585,0.421735238,0.596035471,1,1,0.917643467,1.017938196
279,"2_blimp_complete",0.0832,0.4217,0.5937,1,1,0.9439,1.0176
279,"3_lmer_naive",-0.444263111,0.561655732,0.457215023,0,1,0.731777987,0.783107933
279,"4_blimp_lmc_noaux",-0.4276,0.5624,0.4339,0,0,0.7509,0.7839
279,"5_blimp_omc_aux",0.0812,0.4661,0.658,0,1,0.9849,1.0461
279,"6_blimp_rescue",0.1188,0.4318,0.6042,1,1,1.0257,1.0161
280,"1_lmer_complete",-0.077869447,0.390617878,0.489243017,1,1,0.828498315,0.995115916
280,"2_blimp_complete",-0.0776,0.3906,0.4951,1,1,0.8507,0.9957
280,"3_lmer_naive",-0.626363586,0.537776081,0.369864856,0,0,0.635795797,0.752220075
280,"4_blimp_lmc_noaux",-0.6316,0.5375,0.3572,0,0,0.6519,0.7529
280,"5_blimp_omc_aux",-0.0795,0.4355,0.6132,1,1,0.8447,1.03
280,"6_blimp_rescue",-0.0271,0.4037,0.5477,1,1,0.853,1.0016
281,"1_lmer_complete",0.038317185,0.398848837,0.422268001,1,1,0.909036322,0.98503776
281,"2_blimp_complete",0.0542,0.3986,0.4233,1,1,0.9316,0.9859
281,"3_lmer_naive",-0.434169722,0.524308405,0.271332369,0,0,0.795777835,0.762388086
281,"4_blimp_lmc_noaux",-0.4263,0.5245,0.2377,0,0,0.814,0.7629
281,"5_blimp_omc_aux",0.0623,0.4285,0.4754,1,1,0.9762,1.0028
281,"6_blimp_rescue",0.0416,0.3937,0.3857,1,0,0.9643,0.9709
282,"1_lmer_complete",0.208955455,0.402745524,0.613284619,1,1,0.898052321,0.986882928
282,"2_blimp_complete",0.2185,0.403,0.617,1,1,0.9222,0.9873
282,"3_lmer_naive",-0.366185196,0.54069048,0.49316155,0,1,0.806147822,0.777169611
282,"4_blimp_lmc_noaux",-0.3575,0.5412,0.4617,0,1,0.8278,0.7778
282,"5_blimp_omc_aux",0.174,0.4323,0.7873,1,1,0.9678,1.0612
282,"6_blimp_rescue",0.2419,0.3968,0.6948,1,1,1.0027,1.0297
283,"1_lmer_complete",-0.017825403,0.396529135,0.730472751,1,1,1.113129703,1.01247282
283,"2_blimp_complete",-0.0184,0.3966,0.7194,1,1,1.1396,1.013
283,"3_lmer_naive",-0.58728263,0.521578492,0.556612298,0,1,0.831877495,0.833374478
283,"4_blimp_lmc_noaux",-0.5829,0.521,0.5626,0,1,0.8584,0.8341
283,"5_blimp_omc_aux",-0.0416,0.4349,0.7586,1,1,1.1059,1.0859
283,"6_blimp_rescue",0.0064,0.3989,0.7048,1,1,1.1387,1.0521
284,"1_lmer_complete",-0.061897294,0.402003474,0.456536655,1,1,1.04567666,1.003352118
284,"2_blimp_complete",-0.0675,0.4017,0.4452,1,1,1.0763,1.0041
284,"3_lmer_naive",-0.593622402,0.517009835,0.366293448,0,0,0.802959456,0.744128155
284,"4_blimp_lmc_noaux",-0.584,0.5173,0.3393,0,0,0.823,0.7451
284,"5_blimp_omc_aux",-0.1462,0.3971,0.6197,1,1,1.0463,1.003
284,"6_blimp_rescue",-0.0522,0.3662,0.4724,1,1,1.0796,0.9723
285,"1_lmer_complete",-0.008871063,0.402572294,0.541535353,1,1,1.050437774,1.018757356
285,"2_blimp_complete",-0.0046,0.4027,0.5474,1,1,1.0823,1.0195
285,"3_lmer_naive",-0.539949006,0.531392454,0.386219583,0,0,0.816854656,0.780495611
285,"4_blimp_lmc_noaux",-0.5407,0.5316,0.3619,0,0,0.838,0.7814
285,"5_blimp_omc_aux",-0.0653,0.4409,0.6254,0,1,1.1134,1.0239
285,"6_blimp_rescue",0.0099,0.4097,0.5339,1,1,1.1259,0.9984
286,"1_lmer_complete",-0.022187288,0.399267844,0.677121914,1,1,0.887889382,1.035575659
286,"2_blimp_complete",-0.0363,0.3993,0.6749,1,1,0.9077,1.0367
286,"3_lmer_naive",-0.621276501,0.53080932,0.495603603,0,1,0.629409456,0.800704085
286,"4_blimp_lmc_noaux",-0.6195,0.5309,0.4987,0,1,0.6479,0.8011
286,"5_blimp_omc_aux",-0.0704,0.4391,0.7236,1,1,0.8641,1.0577
286,"6_blimp_rescue",-0.0044,0.3957,0.6663,1,1,0.8871,1.0193
287,"1_lmer_complete",-0.039982785,0.412530255,0.67662476,1,1,1.107962602,0.962325653
287,"2_blimp_complete",-0.027,0.4123,0.6704,1,1,1.1314,0.9631
287,"3_lmer_naive",-0.556384082,0.514969763,0.519258944,0,1,0.903949852,0.776049911
287,"4_blimp_lmc_noaux",-0.5448,0.5148,0.522,0,1,0.931,0.7763
287,"5_blimp_omc_aux",-0.0919,0.4352,0.7192,1,1,1.1064,0.9924
287,"6_blimp_rescue",-0.0147,0.4029,0.6747,1,1,1.1295,0.9659
288,"1_lmer_complete",0.194833374,0.411913775,0.541914054,1,1,0.900655312,0.983296661
288,"2_blimp_complete",0.1889,0.4118,0.5582,1,1,0.921,0.9839
288,"3_lmer_naive",-0.345824953,0.540457143,0.385408532,0,0,0.746496778,0.731693166
288,"4_blimp_lmc_noaux",-0.354,0.5408,0.3557,0,0,0.7628,0.7322
288,"5_blimp_omc_aux",0.1399,0.4434,0.616,0,1,0.935,0.9803
288,"6_blimp_rescue",0.1554,0.4058,0.4724,1,1,0.9375,0.951
289,"1_lmer_complete",0.166390923,0.410752704,0.615868854,1,1,1.202931292,0.987639759
289,"2_blimp_complete",0.1885,0.411,0.6248,1,1,1.2359,0.9881
289,"3_lmer_naive",-0.377515543,0.529016171,0.477330414,0,1,0.96444886,0.744595567
289,"4_blimp_lmc_noaux",-0.3692,0.5287,0.4795,0,1,0.9965,0.7454
289,"5_blimp_omc_aux",0.1055,0.4207,0.6492,1,1,1.153,0.995
289,"6_blimp_rescue",0.1502,0.387,0.5889,1,1,1.1753,0.9641
290,"1_lmer_complete",-0.050383079,0.381858281,0.640397197,1,1,1.003493514,0.96979974
290,"2_blimp_complete",-0.05,0.3818,0.6584,1,1,1.0263,0.9709
290,"3_lmer_naive",-0.591050249,0.5065307,0.409808624,0,0,0.854845864,0.774805274
290,"4_blimp_lmc_noaux",-0.5871,0.5061,0.4212,0,0,0.8776,0.7757
290,"5_blimp_omc_aux",-0.0699,0.3974,0.6482,1,1,1.0725,1.04
290,"6_blimp_rescue",-0.0344,0.3657,0.6173,1,1,1.1097,1.0126
291,"1_lmer_complete",-0.142308024,0.394348894,0.308728123,1,0,0.696118564,0.994360945
291,"2_blimp_complete",-0.1491,0.3944,0.319,1,0,0.716,0.9949
291,"3_lmer_naive",-0.550575743,0.540958491,0.209817736,0,0,0.596182456,0.772044674
291,"4_blimp_lmc_noaux",-0.5588,0.5407,0.1801,0,0,0.6109,0.7728
291,"5_blimp_omc_aux",-0.085,0.4199,0.4065,1,0,0.7515,1.0394
291,"6_blimp_rescue",-0.1196,0.3946,0.3443,1,0,0.7357,1.0156
292,"1_lmer_complete",0.013531049,0.396539798,0.46127482,1,1,1.162693383,0.989315995
292,"2_blimp_complete",0.0162,0.3967,0.4666,1,1,1.1977,0.9899
292,"3_lmer_naive",-0.475527537,0.526544364,0.348817524,0,0,0.964814774,0.790787091
292,"4_blimp_lmc_noaux",-0.4815,0.5268,0.3369,0,0,0.986,0.7915
292,"5_blimp_omc_aux",0.0329,0.4441,0.5243,0,1,1.1474,1.0324
292,"6_blimp_rescue",0.0026,0.4107,0.4508,1,1,1.1426,1.0069
293,"1_lmer_complete",0.077318541,0.39533265,0.539342396,1,1,0.949542617,0.991869296
293,"2_blimp_complete",0.0829,0.3953,0.5515,1,1,0.975,0.9926
293,"3_lmer_naive",-0.41738668,0.512574425,0.432413642,0,0,0.778593745,0.791653361
293,"4_blimp_lmc_noaux",-0.4248,0.5126,0.4263,0,1,0.7996,0.7924
293,"5_blimp_omc_aux",0.0593,0.4087,0.6353,1,1,0.9336,1.0331
293,"6_blimp_rescue",0.1082,0.3808,0.5953,1,1,0.9723,1.0057
294,"1_lmer_complete",0.02491854,0.422120414,0.538546936,1,1,1.076079037,1.005963403
294,"2_blimp_complete",0.0311,0.4219,0.5241,1,1,1.1108,1.0067
294,"3_lmer_naive",-0.504035662,0.556679301,0.439924704,0,1,0.927683665,0.788221835
294,"4_blimp_lmc_noaux",-0.523,0.5563,0.4441,0,1,0.9579,0.7889
294,"5_blimp_omc_aux",0.019,0.456,0.6073,0,1,1.109,1.0618
294,"6_blimp_rescue",0.0557,0.4262,0.5584,1,1,1.1257,1.0404
295,"1_lmer_complete",-0.075655625,0.405183616,0.648445111,1,1,1.274324856,0.989366497
295,"2_blimp_complete",-0.0759,0.4052,0.6676,1,1,1.3076,0.9899
295,"3_lmer_naive",-0.571271738,0.516504451,0.516859661,0,1,1.074697748,0.801052424
295,"4_blimp_lmc_noaux",-0.5691,0.5167,0.5264,0,1,1.106,0.8018
295,"5_blimp_omc_aux",-0.1173,0.4312,0.741,1,1,1.281,1.0368
295,"6_blimp_rescue",-0.0476,0.3996,0.741,1,1,1.3322,1.0127
296,"1_lmer_complete",-0.124363781,0.39066563,0.352147157,1,0,0.980449326,1.027727202
296,"2_blimp_complete",-0.1268,0.3906,0.3544,1,0,1.0054,1.0288
296,"3_lmer_naive",-0.588614368,0.517781879,0.227482828,0,0,0.854043302,0.819954175
296,"4_blimp_lmc_noaux",-0.5952,0.5178,0.2083,0,0,0.8742,0.821
296,"5_blimp_omc_aux",-0.0499,0.4178,0.4268,1,0,1.0775,1.0954
296,"6_blimp_rescue",-0.0728,0.3843,0.3534,1,0,1.0641,1.0674
297,"1_lmer_complete",0.011378164,0.40851132,0.627775458,1,1,0.952941831,0.998008591
297,"2_blimp_complete",0.0133,0.4084,0.6324,1,1,0.9797,0.9989
297,"3_lmer_naive",-0.543719166,0.556718777,0.487704882,0,1,0.794149415,0.791589702
297,"4_blimp_lmc_noaux",-0.5341,0.5571,0.4693,0,1,0.8153,0.7923
297,"5_blimp_omc_aux",-0.0457,0.4696,0.7373,0,1,0.9619,1.0329
297,"6_blimp_rescue",0.0196,0.4381,0.688,1,1,0.9857,1.0086
298,"1_lmer_complete",-0.045563712,0.39435341,0.567612668,1,1,0.984113713,0.996135601
298,"2_blimp_complete",-0.0593,0.3945,0.5524,1,1,1.0098,0.9967
298,"3_lmer_naive",-0.548574398,0.493574298,0.379038036,0,0,0.85290145,0.786038451
298,"4_blimp_lmc_noaux",-0.5414,0.4932,0.3703,0,0,0.8789,0.7868
298,"5_blimp_omc_aux",-0.044,0.3985,0.6333,1,1,1.0486,1.0329
298,"6_blimp_rescue",-0.0197,0.3632,0.5846,1,1,1.0938,0.9983
299,"1_lmer_complete",-0.0120742107873966,0.410496329535055,0.652055478246401,1,1,0.891840272345674,0.995288247114153
299,"2_blimp_complete",-0.011,0.4102,0.6587,1,1,0.9177,0.9956
299,"3_lmer_naive",-0.559643728060669,0.562684092713996,0.400781084986288,0,0,0.716202747873361,0.780701591710254
299,"4_blimp_lmc_noaux",-0.5671,0.563,0.3945,0,0,0.737,0.7812
299,"5_blimp_omc_aux",-0.0123,0.4588,0.6415,0,1,0.9371,1.0534
299,"6_blimp_rescue",0.0124,0.4234,0.6248,1,1,1.0114,1.0215
300,"1_lmer_complete",0.0618881612370786,0.384394567386059,0.582885351527452,1,1,1.01343061778967,1.00872846025014
300,"2_blimp_complete",0.0664,0.3843,0.5928,1,1,1.0422,1.0092
300,"3_lmer_naive",-0.479039689599302,0.499743909888311,0.350314287931438,0,0,0.737218774653181,0.738618169028404
300,"4_blimp_lmc_noaux",-0.4832,0.4992,0.3462,0,0,0.7597,0.7397
300,"5_blimp_omc_aux",0.0131,0.3881,0.6821,1,1,0.9848,1.0153
300,"6_blimp_rescue",0.0776,0.3392,0.5547,0,1,1.0252,0.9688
301,"1_lmer_complete",-0.0766869385716115,0.418015194726158,0.52492918517059,1,1,0.741843333017689,1.01319277933188
301,"2_blimp_complete",-0.0835,0.4179,0.5333,1,1,0.7663,1.014
301,"3_lmer_naive",-0.552181729498314,0.554288340673071,0.352687593889944,0,0,0.63269514304578,0.771440070062436
301,"4_blimp_lmc_noaux",-0.5557,0.5542,0.3423,0,0,0.6503,0.7724
301,"5_blimp_omc_aux",-0.0785,0.4509,0.5636,0,1,0.742,1.0376
301,"6_blimp_rescue",-0.0605,0.423,0.4953,1,1,0.742,1.0124
302,"1_lmer_complete",-0.13399980914558,0.399588668141155,0.470277276109253,1,1,1.09822914220668,1.04038510783757
302,"2_blimp_complete",-0.149,0.3996,0.4816,1,1,1.1317,1.0407
302,"3_lmer_naive",-0.615373616603757,0.505749158629955,0.279863684437068,0,0,0.925999390464751,0.804330241592747
302,"4_blimp_lmc_noaux",-0.6236,0.5056,0.2814,0,0,0.953,0.8052
302,"5_blimp_omc_aux",-0.1193,0.3984,0.4554,1,1,1.115,1.0582
302,"6_blimp_rescue",-0.1185,0.3718,0.4466,1,1,1.1585,1.0323
303,"1_lmer_complete",0.0846534099688658,0.395893038771891,0.629118434606049,1,1,1.18195149021604,1.03067158799218
303,"2_blimp_complete",0.0768,0.3961,0.6484,1,1,1.2177,1.0309
303,"3_lmer_naive",-0.5208337504221,0.565307993562688,0.49102014025981,0,1,0.91286498250642,0.78616333891243
303,"4_blimp_lmc_noaux",-0.5077,0.5656,0.4661,0,1,0.9403,0.7871
303,"5_blimp_omc_aux",0.0479,0.4664,0.7278,0,1,1.1974,1.0872
303,"6_blimp_rescue",0.079,0.4323,0.6919,1,1,1.2725,1.0587
304,"1_lmer_complete",0.00311014044981225,0.417665826461058,0.698831834259418,1,1,1.23546750047922,1.03421095898223
304,"2_blimp_complete",3e-04,0.4179,0.7048,1,1,1.267,1.0344
304,"3_lmer_naive",-0.553983398417932,0.538776756429884,0.394651312426519,0,0,0.948239900852746,0.798046911972308
304,"4_blimp_lmc_noaux",-0.5231,0.5385,0.3701,0,0,0.9763,0.7989
304,"5_blimp_omc_aux",-0.0225,0.442,0.6421,1,1,1.1754,1.0845
304,"6_blimp_rescue",6e-04,0.4002,0.5931,1,1,1.2183,1.0494
305,"1_lmer_complete",-0.0183890056362272,0.391290989003486,0.561017882995113,1,1,0.919233424643401,1.00983599892302
305,"2_blimp_complete",-0.0051,0.3914,0.5827,1,1,0.9459,1.0112
305,"3_lmer_naive",-0.550726964845627,0.524817276293751,0.414449727014325,0,0,0.78949434236057,0.79222903720212
305,"4_blimp_lmc_noaux",-0.5506,0.525,0.4029,0,0,0.8088,0.793
305,"5_blimp_omc_aux",-0.0371,0.4297,0.6369,1,1,0.9222,1.0527
305,"6_blimp_rescue",-0.0035,0.3889,0.5632,1,1,0.9353,1.0168
306,"1_lmer_complete",0.100071647008355,0.403012957614105,0.494303324455391,1,1,1.12524168329035,0.991094082510392
306,"2_blimp_complete",0.0978,0.4031,0.483,1,1,1.1634,0.9915
306,"3_lmer_naive",-0.43821530196171,0.552490342763257,0.341741773406308,0,0,0.899332729849027,0.754055723447739
306,"4_blimp_lmc_noaux",-0.4521,0.5525,0.3394,0,0,0.9247,0.7548
306,"5_blimp_omc_aux",0.0394,0.4683,0.5771,0,1,1.1548,1.0078
306,"6_blimp_rescue",0.056,0.422,0.4864,1,1,1.1486,0.9719
307,"1_lmer_complete",-0.0564109608000624,0.402095197933276,0.73067949399452,1,1,1.00398816738553,0.994342123584155
307,"2_blimp_complete",-0.0554,0.4023,0.7358,1,1,1.0274,0.995
307,"3_lmer_naive",-0.601390773009403,0.528190091816984,0.533142805880749,0,1,0.82350940988828,0.782924069293964
307,"4_blimp_lmc_noaux",-0.602,0.5284,0.5325,0,1,0.8451,0.7835
307,"5_blimp_omc_aux",-0.1064,0.4453,0.7678,0,1,1.0003,1.0348
307,"6_blimp_rescue",-0.0461,0.4068,0.7551,1,1,1.0291,1.0042
308,"1_lmer_complete",-0.0633878679424201,0.382085446260109,0.59188157526473,1,1,1.22960880409344,0.977028327578294
308,"2_blimp_complete",-0.074,0.3817,0.5974,1,1,1.2638,0.9778
308,"3_lmer_naive",-0.645701328970494,0.500463761240389,0.484630492537663,0,1,0.841917412438977,0.759088438708279
308,"4_blimp_lmc_noaux",-0.6302,0.5006,0.4779,0,1,0.8659,0.76
308,"5_blimp_omc_aux",-0.1605,0.3894,0.6915,1,1,1.1272,1.0103
308,"6_blimp_rescue",-0.0573,0.3537,0.6213,0,1,1.1739,0.9784
309,"1_lmer_complete",-0.0464430834860953,0.413118778146656,0.388849748868643,1,1,1.16544534993333,1.03214238705756
309,"2_blimp_complete",-0.049,0.4129,0.3884,1,1,1.2006,1.0324
309,"3_lmer_naive",-0.528704533436862,0.524753286950487,0.324272075693041,0,0,0.985341717226434,0.780126357347961
309,"4_blimp_lmc_noaux",-0.5081,0.5249,0.3029,0,0,1.0106,0.7808
309,"5_blimp_omc_aux",-0.0624,0.422,0.5488,1,1,1.248,1.0441
309,"6_blimp_rescue",-0.0507,0.3829,0.4627,1,1,1.2476,1.013
310,"1_lmer_complete",-0.110501748915764,0.398234764079988,0.706920008099767,1,1,1.11656094737601,1.04592299658376
310,"2_blimp_complete",-0.1173,0.3983,0.718,1,1,1.1471,1.0465
310,"3_lmer_naive",-0.694604941616222,0.553473639288933,0.505493299586744,0,1,0.92926776701315,0.816930288382636
310,"4_blimp_lmc_noaux",-0.6993,0.5531,0.5108,0,1,0.9536,0.818
310,"5_blimp_omc_aux",-0.1629,0.4656,0.7547,0,1,1.1294,1.1277
310,"6_blimp_rescue",-0.1036,0.4143,0.7402,1,1,1.169,1.0874
311,"1_lmer_complete",-0.0126364039597383,0.437841177982641,0.683369898477426,0,1,0.979728124990612,1.01809092250413
311,"2_blimp_complete",-0.0239,0.4379,0.6781,0,1,1.0099,1.0185
311,"3_lmer_naive",-0.554665933640804,0.561624573087298,0.500474881121642,0,1,0.749815167928334,0.812827252884135
311,"4_blimp_lmc_noaux",-0.5574,0.5618,0.4998,0,1,0.7728,0.8141
311,"5_blimp_omc_aux",-0.0473,0.4762,0.6935,0,1,0.9607,1.0484
311,"6_blimp_rescue",-0.0101,0.4476,0.6542,0,1,0.9936,1.0256
312,"1_lmer_complete",-0.107078895931644,0.38853567535418,0.678384436624197,1,1,1.10199481832124,1.02378356936398
312,"2_blimp_complete",-0.0871,0.3884,0.6779,1,1,1.13,1.0243
312,"3_lmer_naive",-0.68896593395936,0.515031076240911,0.505259063726808,0,1,0.873512275269771,0.757581490775998
312,"4_blimp_lmc_noaux",-0.684,0.5151,0.5124,0,1,0.8994,0.7581
312,"5_blimp_omc_aux",-0.1929,0.4123,0.7032,1,1,1.1368,1.0131
312,"6_blimp_rescue",-0.0989,0.3756,0.6753,1,1,1.188,0.9823
313,"1_lmer_complete",0.0534283799412972,0.411431609899736,0.687195521380736,1,1,1.20600213240176,1.01859666808949
313,"2_blimp_complete",0.0598,0.4117,0.701,1,1,1.2422,1.0189
313,"3_lmer_naive",-0.524618638028061,0.539892593699439,0.521629032728013,0,1,1.04409768337135,0.78801478119255
313,"4_blimp_lmc_noaux",-0.5162,0.5399,0.5208,0,1,1.0756,0.7888
313,"5_blimp_omc_aux",0.0244,0.4572,0.7433,0,1,1.2381,1.0556
313,"6_blimp_rescue",0.0545,0.4148,0.6944,1,1,1.2727,1.0267
314,"1_lmer_complete",-0.194961441718523,0.390196295442482,0.463902798343257,1,1,1.0031687962466,0.951743842000895
314,"2_blimp_complete",-0.2089,0.3902,0.4573,1,1,1.0295,0.9522
314,"3_lmer_naive",-0.65286808839342,0.503182051296879,0.369412861359969,0,0,0.812698705957827,0.76131858260892
314,"4_blimp_lmc_noaux",-0.6499,0.5035,0.3679,0,0,0.8332,0.7624
314,"5_blimp_omc_aux",-0.2193,0.4121,0.5604,1,1,1.0144,0.9907
314,"6_blimp_rescue",-0.2007,0.3768,0.5077,1,1,1.0205,0.9614
315,"1_lmer_complete",-0.0738418263798657,0.391934456390912,0.325841260280626,1,0,1.16526358196554,0.99641924924714
315,"2_blimp_complete",-0.0791,0.3919,0.3216,1,0,1.1994,0.9968
315,"3_lmer_naive",-0.526797311620658,0.523646748408396,0.231144589886993,0,0,0.954207685950081,0.761073138029968
315,"4_blimp_lmc_noaux",-0.5121,0.5239,0.1958,0,0,0.9699,0.7615
315,"5_blimp_omc_aux",-0.0525,0.4163,0.4148,1,1,1.1263,1.0283
315,"6_blimp_rescue",-0.0584,0.3888,0.3444,1,0,1.1344,1.0041
316,"1_lmer_complete",-0.0432211320331009,0.398193070695029,0.434089989073349,1,1,1.36089636983958,1.01139797496087
316,"2_blimp_complete",-0.0601,0.3982,0.4068,1,1,1.4019,1.012
316,"3_lmer_naive",-0.516947991026214,0.515686838555595,0.345292738402924,0,0,1.0667414343143,0.801162583143923
316,"4_blimp_lmc_noaux",-0.5279,0.5159,0.329,0,0,1.0896,0.8022
316,"5_blimp_omc_aux",-0.0747,0.423,0.5083,1,1,1.3719,1.0354
316,"6_blimp_rescue",-0.0672,0.3966,0.3924,1,1,1.3464,1.0124
317,"1_lmer_complete",-0.0788730273325471,0.402251982563682,0.640786171471561,1,1,0.941359423237238,1.00309132842602
317,"2_blimp_complete",-0.0862,0.4022,0.6611,1,1,0.9678,1.0036
317,"3_lmer_naive",-0.632286535476248,0.531667305249453,0.518174097244641,0,1,0.73840191557194,0.752876535186785
317,"4_blimp_lmc_noaux",-0.626,0.5321,0.507,0,1,0.7617,0.7536
317,"5_blimp_omc_aux",-0.1571,0.4382,0.7205,1,1,0.9771,1.0112
317,"6_blimp_rescue",-0.0796,0.4007,0.6666,1,1,1.0201,0.9852
318,"1_lmer_complete",0.0384538780962069,0.409348720632759,0.726176379292999,1,1,0.943724523966479,0.990210139128989
318,"2_blimp_complete",0.0279,0.4094,0.7146,1,1,0.9707,0.9907
318,"3_lmer_naive",-0.56863154190001,0.539403044411426,0.525359131128466,0,1,0.819164437697585,0.738799760348802
318,"4_blimp_lmc_noaux",-0.5739,0.5394,0.5373,0,1,0.8447,0.7395
318,"5_blimp_omc_aux",-0.0166,0.4502,0.7211,0,1,0.989,0.984
318,"6_blimp_rescue",0.0331,0.4186,0.7035,1,1,1.0153,0.9611
319,"1_lmer_complete",0.0542429676805522,0.391529508181738,0.47571124900425,1,1,1.01201643950348,0.989322267799699
319,"2_blimp_complete",0.0631,0.3916,0.4871,1,1,1.0394,0.9897
319,"3_lmer_naive",-0.43161781532392,0.515485085340463,0.392681670036668,0,0,0.936230033169385,0.764354323080855
319,"4_blimp_lmc_noaux",-0.4399,0.5153,0.3876,0,0,0.9616,0.7647
319,"5_blimp_omc_aux",0.0442,0.4171,0.54,1,1,1.0673,1.001
319,"6_blimp_rescue",0.0698,0.3847,0.5071,1,1,1.0727,0.9741
320,"1_lmer_complete",0.0608572731710691,0.356109997830994,0.528779851610509,0,1,0.724576318022231,1.01955431973596
320,"2_blimp_complete",0.0495,0.3559,0.5206,0,1,0.7476,1.02
320,"3_lmer_naive",-0.449767348678898,0.488300921266452,0.383632592766465,0,0,0.591477304988209,0.786561486288327
320,"4_blimp_lmc_noaux",-0.4484,0.4882,0.3677,0,0,0.609,0.7874
320,"5_blimp_omc_aux",0.0258,0.3769,0.6099,1,1,0.7344,1.0336
320,"6_blimp_rescue",0.0556,0.3437,0.4989,0,1,0.7472,1.0006
321,"1_lmer_complete",0.290926658878414,0.40876738088262,0.571570898939212,1,1,0.889036043297646,0.974461684406345
321,"2_blimp_complete",0.2899,0.4091,0.5837,1,1,0.9162,0.975
321,"3_lmer_naive",-0.260628752400048,0.551262113598609,0.375328717749928,0,0,0.757492532332735,0.732816859858522
321,"4_blimp_lmc_noaux",-0.2492,0.5508,0.3555,0,0,0.7803,0.7335
321,"5_blimp_omc_aux",0.2867,0.4645,0.6347,0,1,0.9241,0.9826
321,"6_blimp_rescue",0.2696,0.4268,0.5386,1,1,0.9421,0.9468
322,"1_lmer_complete",-0.0853511654834758,0.40366435786794,0.520682805857378,1,1,0.787219771256859,1.00944187193657
322,"2_blimp_complete",-0.0872,0.4036,0.5198,1,1,0.8066,1.0097
322,"3_lmer_naive",-0.587059961049506,0.533877871468146,0.433482392510835,0,0,0.646699004492019,0.839280190513211
322,"4_blimp_lmc_noaux",-0.5886,0.5336,0.4342,0,0,0.6667,0.8398
322,"5_blimp_omc_aux",-0.0733,0.4477,0.6314,0,1,0.8184,1.1105
322,"6_blimp_rescue",-0.0504,0.4119,0.5956,1,1,0.8196,1.0833
323,"1_lmer_complete",0.193201416693845,0.407037843193662,0.502096169643922,1,1,1.16429066455573,1.00685918641139
323,"2_blimp_complete",0.1737,0.4072,0.5093,1,1,1.1923,1.0074
323,"3_lmer_naive",-0.36833901923096,0.545478806530228,0.356399399934683,0,0,0.864054729157469,0.747684571482388
323,"4_blimp_lmc_noaux",-0.3806,0.5461,0.3256,0,0,0.8838,0.7482
323,"5_blimp_omc_aux",0.1801,0.4363,0.5837,1,1,1.1823,1.0209
323,"6_blimp_rescue",0.1957,0.3958,0.4812,1,1,1.194,0.9851
324,"1_lmer_complete",0.00914252689104118,0.400055500155058,0.511568386633547,1,1,0.975198822174288,1.0137057969295
324,"2_blimp_complete",0.004,0.3999,0.5119,1,1,1.0032,1.0146
324,"3_lmer_naive",-0.4727249776884,0.542198264100175,0.388463494882685,0,0,0.873468186097819,0.793667794886041
324,"4_blimp_lmc_noaux",-0.4671,0.5423,0.3677,0,0,0.8987,0.7942
324,"5_blimp_omc_aux",0.0044,0.4402,0.5997,1,1,0.9984,1.0695
324,"6_blimp_rescue",0.0257,0.4071,0.5097,1,1,1.0114,1.0424
325,"1_lmer_complete",0.0520981839921217,0.402259038313921,0.604740280491923,1,1,1.09078429983332,0.972976569961288
325,"2_blimp_complete",0.0588,0.4022,0.6009,1,1,1.12,0.9733
325,"3_lmer_naive",-0.548470631934864,0.530178178621092,0.412764478515462,0,0,0.898563474470161,0.772153702241811
325,"4_blimp_lmc_noaux",-0.5514,0.5304,0.4061,0,0,0.9229,0.773
325,"5_blimp_omc_aux",0.0097,0.4267,0.6438,1,1,1.0757,1.0544
325,"6_blimp_rescue",0.0836,0.3919,0.6137,1,1,1.1182,1.0264
326,"1_lmer_complete",0.129859951608964,0.387072647716361,0.740730217656901,1,1,1.11816721962794,0.990050001235341
326,"2_blimp_complete",0.1124,0.3874,0.7277,1,1,1.1474,0.9903
326,"3_lmer_naive",-0.430911973564922,0.517381224921665,0.481571408423378,0,1,0.917451364105143,0.806218730325316
326,"4_blimp_lmc_noaux",-0.4335,0.5174,0.484,0,1,0.9452,0.8075
326,"5_blimp_omc_aux",0.0747,0.4353,0.7864,1,1,1.2175,1.0391
326,"6_blimp_rescue",0.1564,0.3973,0.7494,1,1,1.2761,1.0082
327,"1_lmer_complete",0.0854365532064392,0.410600296974959,0.485699212251637,1,1,1.03138552220113,1.015285532794
327,"2_blimp_complete",0.0898,0.41,0.4865,1,1,1.056,1.0158
327,"3_lmer_naive",-0.492680237492224,0.554037804924408,0.373626184303708,0,0,0.882980303657084,0.752645407304942
327,"4_blimp_lmc_noaux",-0.4959,0.5537,0.3523,0,0,0.9018,0.7538
327,"5_blimp_omc_aux",0.088,0.4617,0.5949,0,1,1.0446,1.0225
327,"6_blimp_rescue",0.0901,0.4252,0.5072,1,1,1.039,0.9904
328,"1_lmer_complete",-0.295916248870175,0.422584978566485,0.684797877304821,1,1,1.12683904153061,0.996148646839036
328,"2_blimp_complete",-0.2986,0.4226,0.7027,1,1,1.1543,0.9972
328,"3_lmer_naive",-0.794143881253898,0.527761400797704,0.490960659013429,0,1,1.00330400443919,0.792862214395496
328,"4_blimp_lmc_noaux",-0.7901,0.5284,0.4732,0,1,1.0315,0.7939
328,"5_blimp_omc_aux",-0.3272,0.4313,0.751,1,1,1.1689,1.042
328,"6_blimp_rescue",-0.2689,0.3974,0.667,1,1,1.2367,1.0121
329,"1_lmer_complete",-0.0285190490067151,0.398732434540407,0.510865181645516,1,1,0.905166953524958,0.964806694982034
329,"2_blimp_complete",-0.0148,0.3988,0.5102,1,1,0.9316,0.9658
329,"3_lmer_naive",-0.518674604799966,0.525363440494985,0.373431227917042,0,0,0.712232136430667,0.783095331928202
329,"4_blimp_lmc_noaux",-0.5214,0.5256,0.3599,0,0,0.7286,0.784
329,"5_blimp_omc_aux",-0.0243,0.4225,0.5835,1,1,0.9357,1.0347
329,"6_blimp_rescue",0.015,0.3879,0.5339,1,1,0.9423,1.0037
330,"1_lmer_complete",-0.0244180399885129,0.411854716913501,0.572350651561616,1,1,0.853750174741366,0.984092208667098
330,"2_blimp_complete",-0.0118,0.4119,0.5876,1,1,0.8755,0.9848
330,"3_lmer_naive",-0.538603091236443,0.571008934391283,0.446079866051358,0,1,0.718384128303765,0.757255794473668
330,"4_blimp_lmc_noaux",-0.5394,0.5708,0.4408,0,1,0.7323,0.7578
330,"5_blimp_omc_aux",-0.0792,0.4735,0.6792,0,1,0.8665,1.031
330,"6_blimp_rescue",-0.02,0.4435,0.5837,0,1,0.8834,1.0088
331,"1_lmer_complete",0.12754760603939,0.405823479878122,0.563948917540978,1,1,0.91395256994921,0.976653477495901
331,"2_blimp_complete",0.1047,0.4057,0.58,1,1,0.9374,0.9769
331,"3_lmer_naive",-0.404512719682161,0.528973853496158,0.384967759424764,0,0,0.763974417756796,0.752743882060134
331,"4_blimp_lmc_noaux",-0.4107,0.5286,0.3904,0,0,0.7865,0.7534
331,"5_blimp_omc_aux",0.1031,0.4478,0.6122,0,1,0.9604,0.9869
331,"6_blimp_rescue",0.1377,0.4059,0.5595,1,1,0.977,0.9502
332,"1_lmer_complete",0.0472819823732234,0.404532639234434,0.668702882512343,1,1,1.01316596931036,1.00277905644232
332,"2_blimp_complete",0.0621,0.4048,0.6705,1,1,1.041,1.0033
332,"3_lmer_naive",-0.498023264678596,0.526613327062082,0.528980990046575,0,1,0.899751880726234,0.792027705384735
332,"4_blimp_lmc_noaux",-0.4793,0.5276,0.5014,0,1,0.9262,0.7931
332,"5_blimp_omc_aux",0.0152,0.4338,0.7718,1,0,1.0566,1.0313
332,"6_blimp_rescue",0.0993,0.3997,0.7333,1,1,1.1124,1.0001
333,"1_lmer_complete",0.134276622549645,0.395394659855304,0.656275152416606,1,1,1.03082808230227,1.02459834067132
333,"2_blimp_complete",0.1549,0.3955,0.6506,1,1,1.0594,1.0251
333,"3_lmer_naive",-0.43608605083501,0.552294005062052,0.417005292515106,0,0,0.742271551218328,0.778195273623073
333,"4_blimp_lmc_noaux",-0.449,0.552,0.4128,0,0,0.7641,0.7791
333,"5_blimp_omc_aux",0.0752,0.4515,0.689,0,1,0.9538,1.0665
333,"6_blimp_rescue",0.1173,0.4111,0.6479,1,1,0.9739,1.0336
334,"1_lmer_complete",-0.0784987712958795,0.414083329138572,0.681901045851552,1,1,0.948224866231103,0.953611040654093
334,"2_blimp_complete",-0.1095,0.414,0.705,1,1,0.9744,0.9544
334,"3_lmer_naive",-0.611786208396393,0.535473267721829,0.541023652467166,0,1,0.720795450254418,0.74726300275062
334,"4_blimp_lmc_noaux",-0.5981,0.5355,0.5334,0,1,0.7418,0.7478
334,"5_blimp_omc_aux",-0.1442,0.4422,0.7877,1,1,0.9573,0.9879
334,"6_blimp_rescue",-0.0833,0.4084,0.7033,1,1,0.9941,0.9585
335,"1_lmer_complete",0.249840807888902,0.40414307162997,0.664917630764779,1,1,0.822570650636489,1.01830069622293
335,"2_blimp_complete",0.2596,0.404,0.6723,1,1,0.841,1.0188
335,"3_lmer_naive",-0.321114745511159,0.54116098320004,0.477085185479737,0,1,0.591959621894672,0.771598376491338
335,"4_blimp_lmc_noaux",-0.3172,0.5407,0.467,0,1,0.6079,0.772
335,"5_blimp_omc_aux",0.1817,0.4407,0.6875,1,1,0.7672,1.0326
335,"6_blimp_rescue",0.2443,0.4105,0.6746,1,1,0.7929,1.0103
336,"1_lmer_complete",0.102976285730108,0.396167137369423,0.616804132936364,1,1,0.995442446691173,0.985396821269149
336,"2_blimp_complete",0.0985,0.3962,0.6239,1,1,1.0186,0.9857
336,"3_lmer_naive",-0.464340026582752,0.532417787723322,0.429755165304017,0,0,0.829555137173425,0.7462874180086
336,"4_blimp_lmc_noaux",-0.4649,0.5324,0.4231,0,1,0.8558,0.7471
336,"5_blimp_omc_aux",0.0355,0.434,0.6484,1,1,0.951,1.0219
336,"6_blimp_rescue",0.0843,0.394,0.6053,1,1,0.9784,0.99
337,"1_lmer_complete",-0.0893088577140146,0.405133618882693,0.570710282026542,1,1,1.00001288555663,0.980248023666898
337,"2_blimp_complete",-0.0688,0.4051,0.5612,1,1,1.0291,0.9809
337,"3_lmer_naive",-0.596129507266636,0.554509946294076,0.426543025235714,0,0,0.893527400598276,0.754171758533087
337,"4_blimp_lmc_noaux",-0.5972,0.5544,0.4378,0,0,0.9213,0.7551
337,"5_blimp_omc_aux",-0.0936,0.4688,0.6579,0,1,1.0392,1.01
337,"6_blimp_rescue",-0.0615,0.4338,0.6504,1,1,1.0889,0.9855
338,"1_lmer_complete",-0.0419555988716713,0.380727745538962,0.688023236328815,1,1,0.953720940269869,0.993342193132326
338,"2_blimp_complete",-0.0144,0.3806,0.7092,1,1,0.982,0.9941
338,"3_lmer_naive",-0.641847997960189,0.511139213498816,0.430182148239169,0,0,0.760242986603612,0.762194876143763
338,"4_blimp_lmc_noaux",-0.6355,0.5115,0.4172,0,0,0.7774,0.7629
338,"5_blimp_omc_aux",-0.1118,0.408,0.6732,1,1,0.9524,1.0382
338,"6_blimp_rescue",-0.0336,0.3696,0.6169,1,1,1.002,1.0083
339,"1_lmer_complete",-0.112189610588785,0.387247177823158,0.715466298715831,1,1,0.938147438137625,1.04103498628426
339,"2_blimp_complete",-0.1191,0.3874,0.7233,1,1,0.9612,1.0417
339,"3_lmer_naive",-0.682008904631646,0.547576451515119,0.554537601133373,0,1,0.799017036939356,0.816964855370227
339,"4_blimp_lmc_noaux",-0.6796,0.5478,0.5433,0,1,0.8202,0.8176
339,"5_blimp_omc_aux",-0.167,0.4423,0.7913,1,0,0.9573,1.108
339,"6_blimp_rescue",-0.1059,0.4084,0.7569,1,1,0.9984,1.0795
340,"1_lmer_complete",0.0562149987749293,0.395206312260963,0.683829082843595,1,1,1.020082543305,1.01059548161894
340,"2_blimp_complete",0.0214,0.3952,0.6792,1,1,1.0459,1.0114
340,"3_lmer_naive",-0.510330941507277,0.522205182743545,0.53014140291664,0,1,0.816907773969328,0.790650562632718
340,"4_blimp_lmc_noaux",-0.5147,0.5219,0.5416,0,1,0.8409,0.7912
340,"5_blimp_omc_aux",-0.0205,0.4236,0.7543,1,1,1.0298,1.0367
340,"6_blimp_rescue",0.0402,0.3984,0.6819,1,1,1.0637,1.0127
341,"1_lmer_complete",0.122714828476119,0.399602221187439,0.638011159762412,1,1,1.23098656865481,1.01121366678401
341,"2_blimp_complete",0.1236,0.3996,0.6457,1,1,1.2637,1.012
341,"3_lmer_naive",-0.400443073520147,0.554051752643884,0.39928667720452,0,0,0.918777665979016,0.750501809953543
341,"4_blimp_lmc_noaux",-0.382,0.5546,0.3641,0,0,0.9351,0.7514
341,"5_blimp_omc_aux",0.0861,0.4432,0.6404,1,1,1.1798,1.0192
341,"6_blimp_rescue",0.1364,0.4162,0.5396,1,1,1.2465,0.9947
342,"1_lmer_complete",0.107638746308278,0.422389714555023,0.425439943147896,1,0,0.958430206030208,0.983159924144231
342,"2_blimp_complete",0.108,0.4226,0.4158,1,0,0.9863,0.9842
342,"3_lmer_naive",-0.41795236067347,0.53154127446506,0.332646348976433,0,0,0.855531641843212,0.752679587909818
342,"4_blimp_lmc_noaux",-0.4174,0.5316,0.318,0,0,0.877,0.7537
342,"5_blimp_omc_aux",0.1237,0.4439,0.5347,0,1,1.0836,1.0043
342,"6_blimp_rescue",0.1587,0.4056,0.4602,1,1,1.0994,0.9712
343,"1_lmer_complete",-0.016176194894274,0.415300882252128,0.529931169013304,1,1,1.15447160448829,1.00496243372582
343,"2_blimp_complete",-0.017,0.4154,0.5234,1,1,1.1872,1.0058
343,"3_lmer_naive",-0.551566976050814,0.560071373244278,0.394785923665138,0,0,0.938627420852522,0.75785663526743
343,"4_blimp_lmc_noaux",-0.5411,0.5597,0.3828,0,0,0.9648,0.7587
343,"5_blimp_omc_aux",-0.0367,0.4656,0.5733,0,1,1.1589,1.0321
343,"6_blimp_rescue",-0.0134,0.4326,0.5254,1,1,1.1662,1.0083
344,"1_lmer_complete",-0.00340316224213476,0.427310334928441,0.638921268989055,1,1,0.992701551015016,1.01872889406421
344,"2_blimp_complete",-0.0165,0.4274,0.6524,1,1,1.0187,1.0194
344,"3_lmer_naive",-0.509352420171932,0.548777326515227,0.453353433145866,0,0,0.844144662209027,0.827835789097276
344,"4_blimp_lmc_noaux",-0.5126,0.5488,0.4496,0,1,0.8695,0.8284
344,"5_blimp_omc_aux",0.0133,0.4798,0.6945,0,1,1.0546,1.0618
344,"6_blimp_rescue",0.0536,0.445,0.6844,0,1,1.1001,1.0379
345,"1_lmer_complete",0.0536069464292425,0.409565534855789,0.439755783015683,1,1,1.11904902206089,1.00943187241591
345,"2_blimp_complete",0.0434,0.4098,0.4469,1,1,1.1522,1.0097
345,"3_lmer_naive",-0.447405007146242,0.54688487096289,0.243847063519429,0,0,0.871410581995106,0.794153069111
345,"4_blimp_lmc_noaux",-0.4512,0.5473,0.2015,0,0,0.8857,0.7945
345,"5_blimp_omc_aux",0.0362,0.4488,0.4449,0,1,1.0858,1.0382
345,"6_blimp_rescue",0.0123,0.4194,0.3957,1,0,1.0942,1.0116
346,"1_lmer_complete",0.183437263973406,0.409224182238877,0.456380264172533,1,1,1.10974420022951,1.01469307320738
346,"2_blimp_complete",0.1785,0.4093,0.4616,1,1,1.1429,1.015
346,"3_lmer_naive",-0.318348882662615,0.550794565102496,0.38369523846736,0,0,0.86386026743127,0.775698796136151
346,"4_blimp_lmc_noaux",-0.3327,0.5511,0.3608,0,0,0.8836,0.7767
346,"5_blimp_omc_aux",0.1841,0.4427,0.583,0,1,1.1292,1.0442
346,"6_blimp_rescue",0.2208,0.4087,0.4883,1,1,1.1365,1.0179
347,"1_lmer_complete",-0.00429584855460901,0.374759361456706,0.616019785584173,1,1,0.876530085815784,1.00267200044083
347,"2_blimp_complete",-0.0025,0.3742,0.6091,1,1,0.8986,1.0033
347,"3_lmer_naive",-0.57272967567319,0.536775391157468,0.476971707656342,0,1,0.745699626631984,0.753931526008773
347,"4_blimp_lmc_noaux",-0.5756,0.5367,0.4807,0,1,0.768,0.7549
347,"5_blimp_omc_aux",-0.0778,0.4368,0.7016,1,1,0.8994,1.031
347,"6_blimp_rescue",0.0061,0.3946,0.651,1,1,0.9206,0.9972
348,"1_lmer_complete",0.0721686959104921,0.405549795975157,0.683223104928115,1,1,1.16228501919936,1.00247594917454
348,"2_blimp_complete",0.0754,0.4055,0.6927,1,1,1.1908,1.0027
348,"3_lmer_naive",-0.477148008760928,0.518043376150793,0.438481337844971,0,1,0.787266240770806,0.8039655626093
348,"4_blimp_lmc_noaux",-0.4912,0.519,0.4275,0,1,0.8079,0.8044
348,"5_blimp_omc_aux",0.0205,0.4317,0.6912,1,1,1.0493,1.0312
348,"6_blimp_rescue",0.0544,0.3994,0.6228,1,1,1.1082,0.9988
349,"1_lmer_complete",0.0937393427888717,0.388989358522295,0.576355951470684,1,1,1.07111874726637,1.00340724240861
349,"2_blimp_complete",0.0943,0.3889,0.5818,1,1,1.1047,1.004
349,"3_lmer_naive",-0.382279610698397,0.516583094995829,0.399904743968643,0,0,0.944047171921645,0.79982920961065
349,"4_blimp_lmc_noaux",-0.3786,0.5162,0.3907,0,0,0.9682,0.8006
349,"5_blimp_omc_aux",0.079,0.4215,0.6612,1,1,1.132,1.0553
349,"6_blimp_rescue",0.1228,0.3886,0.5836,1,1,1.1596,1.0234
350,"1_lmer_complete",0.0645291630714993,0.41405057928156,0.618310787766837,1,1,1.01803836319775,0.995730378931665
350,"2_blimp_complete",0.052,0.4137,0.6337,1,1,1.0492,0.996
350,"3_lmer_naive",-0.475188384643616,0.542628539605933,0.46257221118906,0,1,0.858326354514279,0.733390175938412
350,"4_blimp_lmc_noaux",-0.4894,0.5426,0.4662,0,1,0.8825,0.7335
350,"5_blimp_omc_aux",0.009,0.4337,0.6747,1,1,1.0833,0.9889
350,"6_blimp_rescue",0.0886,0.4015,0.6282,1,1,1.1201,0.965
351,"1_lmer_complete",-0.0135611024792728,0.400084979330267,0.656385013331803,1,1,0.973668314846773,1.03151262812156
351,"2_blimp_complete",-0.0068,0.3997,0.6397,1,1,1.0033,1.032
351,"3_lmer_naive",-0.603273342174423,0.546642545684332,0.54202036770704,0,1,0.761843601786511,0.785362454431967
351,"4_blimp_lmc_noaux",-0.6037,0.5471,0.5317,0,1,0.7829,0.7864
351,"5_blimp_omc_aux",-0.078,0.4456,0.7635,0,1,0.9714,1.0675
351,"6_blimp_rescue",-0.0105,0.4073,0.6977,1,1,1.01,1.0354
352,"1_lmer_complete",0.0100170791625562,0.37067534923777,0.578147461347041,0,1,1.09084560594311,1.00878408193231
352,"2_blimp_complete",0.0064,0.3706,0.5757,0,1,1.123,1.0093
352,"3_lmer_naive",-0.4916537925402,0.537362283646168,0.451992578219694,0,1,1.01801498424115,0.789403677559191
352,"4_blimp_lmc_noaux",-0.4962,0.5374,0.4522,0,1,1.0456,0.7905
352,"5_blimp_omc_aux",0.006,0.4371,0.6393,1,1,1.1439,1.0739
352,"6_blimp_rescue",0.0184,0.4016,0.637,1,1,1.1606,1.0441
353,"1_lmer_complete",0.00759330440806658,0.389839401510967,0.6345015219459,1,1,0.78452134909956,0.971276473247631
353,"2_blimp_complete",0.0139,0.3899,0.6327,1,1,0.8027,0.9716
353,"3_lmer_naive",-0.510860865569989,0.519511323767774,0.476315293213138,0,1,0.580228760783309,0.745426605811946
353,"4_blimp_lmc_noaux",-0.5176,0.5195,0.4737,0,1,0.597,0.7459
353,"5_blimp_omc_aux",-0.0669,0.4198,0.6665,1,1,0.7392,0.9694
353,"6_blimp_rescue",-0.0312,0.3922,0.6221,1,1,0.756,0.9447
354,"1_lmer_complete",0.0503987662476847,0.421812283347455,0.777396014867604,1,1,1.01471624700156,0.979502873247354
354,"2_blimp_complete",0.0611,0.4219,0.7978,1,1,1.0392,0.98
354,"3_lmer_naive",-0.51356090664946,0.561289075213393,0.609901949561585,0,1,0.851463608197795,0.769960497805203
354,"4_blimp_lmc_noaux",-0.5204,0.5611,0.6121,0,1,0.8742,0.7709
354,"5_blimp_omc_aux",-0.0225,0.4693,0.8208,0,0,1.0229,1.0088
354,"6_blimp_rescue",0.078,0.4404,0.8457,0,0,1.0876,0.9873
355,"1_lmer_complete",-0.0308448170949761,0.397657883505738,0.608131943961003,1,1,0.897168322732922,0.963884776031976
355,"2_blimp_complete",-0.0369,0.3978,0.6054,1,1,0.9266,0.9646
355,"3_lmer_naive",-0.55438379921855,0.534722575885256,0.456305029857087,0,0,0.682548656225173,0.737920712863885
355,"4_blimp_lmc_noaux",-0.5565,0.5351,0.4422,0,0,0.7023,0.7384
355,"5_blimp_omc_aux",-0.1061,0.4369,0.6821,1,1,0.8471,0.9848
355,"6_blimp_rescue",-0.031,0.4026,0.6438,1,1,0.8816,0.9575
356,"1_lmer_complete",0.0450144371392145,0.399965106769264,0.740854590848422,1,1,1.26355578854752,0.981431128305907
356,"2_blimp_complete",0.0392,0.3997,0.7383,1,1,1.2986,0.9819
356,"3_lmer_naive",-0.510696726553189,0.526776673966126,0.513897152516112,0,1,1.07728308010307,0.801898902169065
356,"4_blimp_lmc_noaux",-0.4926,0.5268,0.5144,0,1,1.1103,0.8027
356,"5_blimp_omc_aux",0.0192,0.4419,0.7638,1,1,1.3119,1.0543
356,"6_blimp_rescue",0.074,0.404,0.7978,1,1,1.3661,1.0243
357,"1_lmer_complete",0.134617191848401,0.390013171858386,0.622299682498034,1,1,1.11334896274084,0.997919584651021
357,"2_blimp_complete",0.1309,0.3904,0.6112,1,1,1.1442,0.999
357,"3_lmer_naive",-0.436237292184604,0.534140545928123,0.493800638295602,0,1,0.948536133352129,0.736414991639729
357,"4_blimp_lmc_noaux",-0.4472,0.5341,0.4936,0,1,0.9737,0.7367
357,"5_blimp_omc_aux",0.0666,0.4342,0.6865,1,1,1.1371,0.9906
357,"6_blimp_rescue",0.1038,0.3972,0.6418,1,1,1.1509,0.9574
358,"1_lmer_complete",0.00164294676860671,0.423669247771991,0.562958940842607,1,1,0.825792614630993,1.02923715504516
358,"2_blimp_complete",-0.0032,0.4236,0.5697,1,1,0.8433,1.0306
358,"3_lmer_naive",-0.52179954867038,0.5426602254178,0.409094263697074,0,0,0.663529009263004,0.806544083210778
358,"4_blimp_lmc_noaux",-0.5287,0.5432,0.4066,0,0,0.68,0.8068
358,"5_blimp_omc_aux",-0.0488,0.4478,0.6223,0,1,0.8637,1.0634
358,"6_blimp_rescue",-0.0039,0.4119,0.5575,1,1,0.8623,1.0314
359,"1_lmer_complete",0.00308960573987105,0.392209666559494,0.654537428228088,1,1,0.843837277240735,0.998965795455102
359,"2_blimp_complete",-0.0034,0.3922,0.6624,1,1,0.8662,0.9989
359,"3_lmer_naive",-0.523139299025185,0.531498352693688,0.498411727459634,0,1,0.679287985530647,0.787756612174643
359,"4_blimp_lmc_noaux",-0.5317,0.5317,0.4905,0,1,0.699,0.7884
359,"5_blimp_omc_aux",-0.0464,0.4337,0.6937,1,1,0.8365,1.0422
359,"6_blimp_rescue",-0.0156,0.3978,0.6593,1,1,0.8517,1.0086
360,"1_lmer_complete",0.0376860015426433,0.386974919412647,0.462983055877485,1,1,1.22070992718876,0.989780381741724
360,"2_blimp_complete",0.0331,0.3871,0.4604,1,1,1.2598,0.99
360,"3_lmer_naive",-0.448501533802637,0.519288455923117,0.343988469620193,0,0,1.06162490529024,0.745076226089272
360,"4_blimp_lmc_noaux",-0.4545,0.5194,0.3039,0,0,1.0903,0.7457
360,"5_blimp_omc_aux",0.0472,0.4025,0.5355,1,1,1.3138,0.9894
360,"6_blimp_rescue",0.0191,0.3732,0.4225,1,1,1.3363,0.9616
361,"1_lmer_complete",0.0156959185495507,0.424215792535731,0.521174907769363,1,1,0.69544440454615,0.99916797648232
361,"2_blimp_complete",0.0053,0.4244,0.5308,1,1,0.713,1
361,"3_lmer_naive",-0.48506626365757,0.557038266335947,0.360385179196129,0,0,0.598894542928493,0.751039868897121
361,"4_blimp_lmc_noaux",-0.4792,0.557,0.3415,0,0,0.6123,0.7515
361,"5_blimp_omc_aux",-0.0107,0.4386,0.5542,1,1,0.6827,1.0325
361,"6_blimp_rescue",0.0317,0.4109,0.5272,1,1,0.7025,1.0123
362,"1_lmer_complete",0.0163031433537646,0.378172367806268,0.548453891234336,1,1,1.30598929381214,1.02680265138613
362,"2_blimp_complete",0.0178,0.3784,0.5572,1,1,1.3418,1.0275
362,"3_lmer_naive",-0.593883861941389,0.508066569721854,0.408849439136982,0,0,1.07277729746835,0.799563105423324
362,"4_blimp_lmc_noaux",-0.5784,0.5082,0.3906,0,0,1.1048,0.8009
362,"5_blimp_omc_aux",0.0123,0.4088,0.6146,1,1,1.3307,1.097
362,"6_blimp_rescue",0.0441,0.3675,0.5384,1,1,1.3802,1.0612
363,"1_lmer_complete",0.0805040318278441,0.403343094101922,0.767625525938314,1,1,1.14072038808293,0.993633371903736
363,"2_blimp_complete",0.1063,0.4033,0.7734,1,1,1.1726,0.9941
363,"3_lmer_naive",-0.495960320419115,0.495093184207135,0.583686026133244,0,1,0.876103963029713,0.805402737842605
363,"4_blimp_lmc_noaux",-0.5043,0.4948,0.5981,0,1,0.8985,0.806
363,"5_blimp_omc_aux",0.0124,0.4106,0.8186,1,0,1.1315,1.0497
363,"6_blimp_rescue",0.1195,0.3696,0.8183,1,0,1.1918,1.0146
364,"1_lmer_complete",0.08153176989327,0.397018416238665,0.612098789621494,1,1,0.978419783202815,0.978624437716619
364,"2_blimp_complete",0.0588,0.3969,0.6223,1,1,1.0054,0.979
364,"3_lmer_naive",-0.43801690747287,0.537431932904532,0.446140228749897,0,0,0.841444390465127,0.772554611069071
364,"4_blimp_lmc_noaux",-0.4285,0.537,0.4356,0,0,0.8674,0.7733
364,"5_blimp_omc_aux",0.054,0.4401,0.6339,1,1,1.0202,1.044
364,"6_blimp_rescue",0.1232,0.4077,0.5979,1,1,1.0427,1.0195
365,"1_lmer_complete",0.13066766293168,0.399915300113075,0.730903638725125,1,1,1.23557045586807,1.00044416863945
365,"2_blimp_complete",0.1459,0.3997,0.7565,1,1,1.2671,1.0007
365,"3_lmer_naive",-0.490898316522788,0.536829357214434,0.543646221345212,0,1,0.921420803008931,0.748475235242037
365,"4_blimp_lmc_noaux",-0.4842,0.5374,0.5299,0,1,0.9469,0.7493
365,"5_blimp_omc_aux",0.0012,0.4431,0.781,0,1,1.1572,0.9975
365,"6_blimp_rescue",0.1018,0.407,0.761,1,1,1.2165,0.9692
366,"1_lmer_complete",-0.0679895377572341,0.390631117903618,0.420792874362454,1,0,0.886608234477807,1.04310030908305
366,"2_blimp_complete",-0.0659,0.3905,0.4051,1,0,0.9097,1.044
366,"3_lmer_naive",-0.546211072393785,0.539642587927509,0.247894982189623,0,0,0.814893431343987,0.793681677428559
366,"4_blimp_lmc_noaux",-0.5642,0.5397,0.224,0,0,0.8325,0.7947
366,"5_blimp_omc_aux",-0.023,0.4304,0.4698,1,1,0.9576,1.0928
366,"6_blimp_rescue",-0.0304,0.3984,0.4397,1,1,0.9666,1.0678
367,"1_lmer_complete",0.0180261075564544,0.390393836378863,0.506382093547246,1,1,0.873646213593086,1.03296631027026
367,"2_blimp_complete",0.031,0.3906,0.5186,1,1,0.8984,1.0336
367,"3_lmer_naive",-0.525074900231792,0.524742312920319,0.350310418526037,0,0,0.803958856451074,0.796364738029058
367,"4_blimp_lmc_noaux",-0.5273,0.5246,0.3354,0,0,0.8276,0.7968
367,"5_blimp_omc_aux",0.0421,0.4224,0.5641,1,1,0.9413,1.0868
367,"6_blimp_rescue",0.0514,0.3791,0.5232,1,1,0.9534,1.0498
368,"1_lmer_complete",0.0561327619386986,0.407614149282327,0.707200265212107,1,1,0.972852200968872,1.01613342650827
368,"2_blimp_complete",0.0619,0.4076,0.7348,1,1,0.9949,1.0172
368,"3_lmer_naive",-0.576156017622153,0.584938357377465,0.557589329478895,0,1,0.773739845297544,0.764967230748752
368,"4_blimp_lmc_noaux",-0.5778,0.5849,0.5522,0,1,0.795,0.766
368,"5_blimp_omc_aux",0.0263,0.4958,0.8402,0,0,0.9838,1.0563
368,"6_blimp_rescue",0.0997,0.4472,0.8334,0,0,1.0309,1.02
369,"1_lmer_complete",-0.100469590925618,0.390110211089849,0.513285322902266,1,1,0.932801203407889,1.02743229865016
369,"2_blimp_complete",-0.1063,0.3901,0.5213,1,1,0.9561,1.0278
369,"3_lmer_naive",-0.584527627594944,0.522677603740127,0.365343249959777,0,0,0.69766628565893,0.791565746290366
369,"4_blimp_lmc_noaux",-0.593,0.5231,0.3557,0,0,0.7133,0.7924
369,"5_blimp_omc_aux",-0.0971,0.4363,0.5862,1,1,0.934,1.0548
369,"6_blimp_rescue",-0.108,0.3928,0.4837,1,1,0.9315,1.0162
370,"1_lmer_complete",0.201259938715252,0.369332585516067,0.644340214030744,0,1,0.933217640491921,1.00328791668169
370,"2_blimp_complete",0.2068,0.3694,0.6572,0,1,0.96,1.0037
370,"3_lmer_naive",-0.333734182597687,0.531232045418017,0.507727919352962,0,1,0.820981370267144,0.783409490901325
370,"4_blimp_lmc_noaux",-0.3372,0.5315,0.513,0,1,0.8438,0.7846
370,"5_blimp_omc_aux",0.1941,0.4232,0.7216,1,1,0.9376,1.0648
370,"6_blimp_rescue",0.2316,0.3901,0.6889,1,1,0.9632,1.0366
371,"1_lmer_complete",0.197990506018027,0.41256691353839,0.64250347165176,1,1,0.879316394290434,0.982162171945008
371,"2_blimp_complete",0.2051,0.4125,0.6608,1,1,0.9042,0.9826
371,"3_lmer_naive",-0.394952535572292,0.547565420562502,0.451448319309507,0,0,0.693986989370284,0.768974514193037
371,"4_blimp_lmc_noaux",-0.4064,0.5467,0.4659,0,1,0.7143,0.77
371,"5_blimp_omc_aux",0.1854,0.4692,0.6899,0,1,0.8862,1.0238
371,"6_blimp_rescue",0.2083,0.4277,0.6739,1,1,0.9137,0.9919
372,"1_lmer_complete",-0.0475803018006302,0.38663060193427,0.543203946862794,1,1,1.28698243995462,1.01387328363165
372,"2_blimp_complete",-0.0576,0.3866,0.5519,1,1,1.3189,1.0141
372,"3_lmer_naive",-0.534858098331964,0.544328042140433,0.417668174080158,0,1,1.01085335618148,0.800392126854247
372,"4_blimp_lmc_noaux",-0.5402,0.5443,0.4074,0,1,1.0432,0.8014
372,"5_blimp_omc_aux",-0.0399,0.4485,0.6407,0,1,1.3375,1.0793
372,"6_blimp_rescue",-0.035,0.41,0.588,1,1,1.3617,1.0456
373,"1_lmer_complete",-0.076624747819213,0.398514338308685,0.553351622619681,1,1,0.827386887149218,0.995070987204588
373,"2_blimp_complete",-0.096,0.3986,0.5474,1,1,0.8496,0.9961
373,"3_lmer_naive",-0.590448469551754,0.50883673823334,0.404440020662187,0,0,0.64375655782769,0.787542558892623
373,"4_blimp_lmc_noaux",-0.5787,0.5092,0.39,0,0,0.6617,0.7884
373,"5_blimp_omc_aux",-0.0715,0.4057,0.6004,1,1,0.8312,1.0442
373,"6_blimp_rescue",-0.0545,0.3753,0.5675,1,1,0.8524,1.0162
374,"1_lmer_complete",0.0114255459935285,0.388618572694186,0.718267302343642,1,1,0.855941997077014,0.999547145470496
374,"2_blimp_complete",0.0271,0.3887,0.7109,1,1,0.8768,1.0002
374,"3_lmer_naive",-0.534797218515073,0.540612526875088,0.496635178587978,0,1,0.778494142427964,0.762310153594264
374,"4_blimp_lmc_noaux",-0.5278,0.5405,0.4882,0,1,0.8018,0.7628
374,"5_blimp_omc_aux",-0.0605,0.4361,0.7518,1,1,0.8433,1.0349
374,"6_blimp_rescue",-0.0015,0.397,0.7061,1,1,0.8658,1.0005
375,"1_lmer_complete",0.0220727611252304,0.391824855574068,0.613449326673004,1,1,1.10025214071274,0.999460482396632
375,"2_blimp_complete",0.0202,0.3917,0.6209,1,1,1.1311,0.9999
375,"3_lmer_naive",-0.484790606165191,0.51074508799596,0.479108415500173,0,1,0.93714478473711,0.804990015258989
375,"4_blimp_lmc_noaux",-0.4811,0.511,0.4889,0,1,0.9686,0.8053
375,"5_blimp_omc_aux",0.0193,0.4127,0.6412,1,1,1.0927,1.0703
375,"6_blimp_rescue",0.0585,0.378,0.5949,1,1,1.1071,1.0359
376,"1_lmer_complete",0.0337447893062123,0.392989392405975,0.636612337032422,1,1,1.04897734441283,0.994963370578404
376,"2_blimp_complete",0.0204,0.3928,0.652,1,1,1.0777,0.9954
376,"3_lmer_naive",-0.492612004315067,0.52064477477293,0.464126183017333,0,1,0.781895859317817,0.785452953413785
376,"4_blimp_lmc_noaux",-0.4836,0.5207,0.4628,0,1,0.8037,0.7859
376,"5_blimp_omc_aux",-0.017,0.4274,0.6756,1,1,1.0448,1.0177
376,"6_blimp_rescue",0.0327,0.3946,0.6143,1,1,1.0739,0.9889
377,"1_lmer_complete",0.08533385113414,0.413990750976986,0.685690455299579,1,1,1.04960287945268,1.01840607569624
377,"2_blimp_complete",0.0972,0.4138,0.6966,1,1,1.0785,1.0195
377,"3_lmer_naive",-0.496070525585476,0.558495243375743,0.458617392919644,0,1,0.823526114699801,0.762265109602231
377,"4_blimp_lmc_noaux",-0.4879,0.5585,0.4373,0,1,0.843,0.7635
377,"5_blimp_omc_aux",-3e-04,0.4623,0.73,0,1,1.0348,1.0281
377,"6_blimp_rescue",0.0636,0.4151,0.6458,1,1,1.0697,0.9929
378,"1_lmer_complete",0.000222975691549933,0.373258498772726,0.48651729249112,1,1,1.20919172950117,1.01417378583972
378,"2_blimp_complete",-0.0174,0.3735,0.4941,1,1,1.2362,1.015
378,"3_lmer_naive",-0.497176019164401,0.52199343402648,0.353430395532703,0,0,0.940171408437145,0.775987818838996
378,"4_blimp_lmc_noaux",-0.4877,0.5223,0.326,0,0,0.9617,0.7765
378,"5_blimp_omc_aux",-0.0058,0.4168,0.5662,1,1,1.2284,1.0656
378,"6_blimp_rescue",0.0488,0.3817,0.5112,1,1,1.2507,1.0388
379,"1_lmer_complete",0.119130837479573,0.388431895300679,0.497305234620495,1,1,1.00046829544882,1.00571187100552
379,"2_blimp_complete",0.1276,0.3885,0.4991,1,1,1.026,1.0068
379,"3_lmer_naive",-0.449650812205594,0.514231004957393,0.333666838855411,0,0,0.787454791342032,0.801675672444162
379,"4_blimp_lmc_noaux",-0.4448,0.515,0.3085,0,0,0.8052,0.802
379,"5_blimp_omc_aux",0.1438,0.415,0.567,1,1,1.0539,1.0645
379,"6_blimp_rescue",0.1236,0.3696,0.4895,1,1,1.0662,1.0223
380,"1_lmer_complete",0.0383316879245864,0.384006312505459,0.71318747853636,1,1,1.02766122766871,1.01738358803998
380,"2_blimp_complete",0.0349,0.3839,0.7189,1,1,1.0551,1.018
380,"3_lmer_naive",-0.535826716263982,0.531658440409293,0.519281172071274,0,1,0.893632780374164,0.769903502490806
380,"4_blimp_lmc_noaux",-0.524,0.5319,0.5083,0,1,0.9244,0.7708
380,"5_blimp_omc_aux",-0.0142,0.427,0.7426,1,1,1.0383,1.0504
380,"6_blimp_rescue",0.0272,0.3852,0.707,1,1,1.0684,1.0138
381,"1_lmer_complete",-0.0971125149313969,0.40021088326744,0.720161405015995,1,1,0.919334053306365,0.975054988881948
381,"2_blimp_complete",-0.0775,0.3999,0.7249,1,1,0.9467,0.9754
381,"3_lmer_naive",-0.67094516431694,0.504961505687072,0.487311679610613,0,1,0.702206063463713,0.770895388833747
381,"4_blimp_lmc_noaux",-0.6643,0.5046,0.4941,0,1,0.7248,0.7718
381,"5_blimp_omc_aux",-0.158,0.4293,0.7753,1,1,0.8924,0.9935
381,"6_blimp_rescue",-0.0941,0.3853,0.7953,1,1,0.9282,0.9566
382,"1_lmer_complete",0.0281596238844751,0.39177467883517,0.784907060841418,1,0,0.973746531179822,1.00791982426146
382,"2_blimp_complete",0.0413,0.3918,0.808,1,1,1.0028,1.0084
382,"3_lmer_naive",-0.539265001482479,0.531886764552784,0.549238665421706,0,1,0.787697120679368,0.771008359426065
382,"4_blimp_lmc_noaux",-0.5305,0.5319,0.5452,0,1,0.8122,0.7719
382,"5_blimp_omc_aux",-0.0875,0.4366,0.8148,1,0,0.9774,1.0318
382,"6_blimp_rescue",0.026,0.3995,0.8019,1,0,1.0289,1.0028
383,"1_lmer_complete",-0.0492349297709778,0.417740023565381,0.589825334003685,1,1,1.18024204243272,0.995829166370605
383,"2_blimp_complete",-0.046,0.4177,0.5917,1,1,1.2117,0.9966
383,"3_lmer_naive",-0.566756828155118,0.541516748026951,0.448096318975039,0,1,0.880368041316844,0.772731067333319
383,"4_blimp_lmc_noaux",-0.5631,0.542,0.4302,0,0,0.9038,0.7735
383,"5_blimp_omc_aux",-0.084,0.4501,0.6604,0,1,1.2034,1.0043
383,"6_blimp_rescue",-0.0491,0.4137,0.5795,1,1,1.2329,0.9725
384,"1_lmer_complete",0.0728844328154329,0.410208675944578,0.535871973071496,1,1,0.903842423028737,0.995987373696851
384,"2_blimp_complete",0.0869,0.4103,0.5356,1,1,0.9286,0.9965
384,"3_lmer_naive",-0.445745374372057,0.517944675733824,0.384647149041315,0,0,0.731283633865843,0.820523836441453
384,"4_blimp_lmc_noaux",-0.4624,0.5178,0.3678,0,0,0.7513,0.8215
384,"5_blimp_omc_aux",0.0652,0.4368,0.631,1,1,0.9333,1.0573
384,"6_blimp_rescue",0.0859,0.4021,0.5556,1,1,0.9436,1.0271
385,"1_lmer_complete",0.0531580711356719,0.398253460426251,0.322030201529906,1,0,0.795977922243009,0.972988079063029
385,"2_blimp_complete",0.0648,0.3983,0.3317,1,0,0.8235,0.9736
385,"3_lmer_naive",-0.408247037439229,0.52142292900621,0.21664953256405,0,0,0.796444968057014,0.731045915744573
385,"4_blimp_lmc_noaux",-0.4054,0.5218,0.1914,0,0,0.8149,0.7314
385,"5_blimp_omc_aux",0.0897,0.4005,0.3796,1,0,0.8954,0.9914
385,"6_blimp_rescue",0.0707,0.3673,0.3103,1,0,0.8813,0.9634
386,"1_lmer_complete",0.0152140871956279,0.373050317942688,0.57751690828596,1,1,1.05503631994019,0.985874143791332
386,"2_blimp_complete",0.0418,0.373,0.5851,1,1,1.0806,0.9863
386,"3_lmer_naive",-0.503379404053818,0.514192797074726,0.473910022335456,0,1,0.766652733452445,0.774398523466316
386,"4_blimp_lmc_noaux",-0.5015,0.5139,0.4768,0,1,0.7873,0.7751
386,"5_blimp_omc_aux",-0.0359,0.4085,0.7073,1,1,1.0562,1.0555
386,"6_blimp_rescue",0.0626,0.3704,0.6063,1,1,1.0965,1.021
387,"1_lmer_complete",-0.0667965111392569,0.402433354483768,0.61283506562217,1,1,0.889871708944654,0.996041271361167
387,"2_blimp_complete",-0.0725,0.4025,0.6192,1,1,0.9116,0.9964
387,"3_lmer_naive",-0.557503076968661,0.545260868148915,0.415240038343208,0,0,0.741237815601002,0.76941112542526
387,"4_blimp_lmc_noaux",-0.5548,0.5451,0.4071,0,0,0.7613,0.7698
387,"5_blimp_omc_aux",-0.0986,0.438,0.6136,1,1,0.8811,1.0258
387,"6_blimp_rescue",-0.0793,0.4113,0.5732,1,1,0.8991,1.0047
388,"1_lmer_complete",0.105445118854907,0.405985050317075,0.584382786425062,1,1,1.27968538979617,1.02014926440466
388,"2_blimp_complete",0.1336,0.4061,0.6042,1,1,1.3172,1.02
388,"3_lmer_naive",-0.461564792534547,0.570844050353662,0.448177821116029,0,1,0.967428453140026,0.789863440247848
388,"4_blimp_lmc_noaux",-0.4574,0.5715,0.4097,0,1,0.997,0.7905
388,"5_blimp_omc_aux",0.0584,0.4822,0.6683,0,1,1.3365,1.0541
388,"6_blimp_rescue",0.1484,0.4511,0.61,0,1,1.4005,1.0325
389,"1_lmer_complete",-0.229974770308688,0.388699612400443,0.438006933400268,1,1,0.828127729968857,0.994916609672543
389,"2_blimp_complete",-0.2239,0.3886,0.4418,1,1,0.849,0.9954
389,"3_lmer_naive",-0.708976218255345,0.523805600580667,0.326842087134112,0,0,0.719601955771241,0.766108826815744
389,"4_blimp_lmc_noaux",-0.7161,0.5234,0.3219,0,0,0.7399,0.7672
389,"5_blimp_omc_aux",-0.2297,0.4297,0.4928,1,1,0.8118,1.0056
389,"6_blimp_rescue",-0.2479,0.4011,0.4279,1,1,0.8117,0.9824
390,"1_lmer_complete",-0.055344836020928,0.382121560311218,0.746790171199897,1,1,1.03074494508766,0.973340689528023
390,"2_blimp_complete",-0.042,0.3822,0.7574,1,1,1.0604,0.974
390,"3_lmer_naive",-0.652719458513948,0.523022903925817,0.628610544816439,0,1,0.905287565999857,0.721183126021225
390,"4_blimp_lmc_noaux",-0.6504,0.5233,0.6214,0,1,0.9312,0.7221
390,"5_blimp_omc_aux",-0.1156,0.4068,0.7998,1,1,1.0637,1.0023
390,"6_blimp_rescue",0.0108,0.3711,0.7786,1,1,1.1523,0.9735
391,"1_lmer_complete",-0.0265351733875527,0.415841527688043,0.507079182224461,1,1,1.06451807498556,0.976648693168734
391,"2_blimp_complete",-0.0235,0.4158,0.4889,1,1,1.0932,0.977
391,"3_lmer_naive",-0.499910210770863,0.544842523873055,0.357212210233885,0,0,0.954138507635853,0.768497313001989
391,"4_blimp_lmc_noaux",-0.4733,0.5451,0.3238,0,0,0.9755,0.7693
391,"5_blimp_omc_aux",-0.0431,0.4421,0.5966,1,1,1.0994,1.0254
391,"6_blimp_rescue",-0.0035,0.4106,0.5459,1,1,1.1298,1.0006
392,"1_lmer_complete",-0.0912478038766682,0.41135318406652,0.581667717013118,1,1,0.985008068418952,0.980598361919048
392,"2_blimp_complete",-0.0867,0.4114,0.5942,1,1,1.0156,0.9814
392,"3_lmer_naive",-0.601209877972782,0.54402414720752,0.474098487277789,0,1,0.774182137117861,0.774844621772759
392,"4_blimp_lmc_noaux",-0.6013,0.5445,0.4739,0,1,0.7961,0.7756
392,"5_blimp_omc_aux",-0.0943,0.4459,0.6607,0,1,1.0121,1.0354
392,"6_blimp_rescue",-0.0704,0.4116,0.6078,1,1,1.025,1.0056
393,"1_lmer_complete",0.0405369269845439,0.375999277252608,0.694528918217128,1,1,1.03499086177552,1.00373271623565
393,"2_blimp_complete",0.0559,0.3761,0.7082,1,1,1.0612,1.0042
393,"3_lmer_naive",-0.527497588392122,0.524811558528145,0.521383471133412,0,1,0.867948868484832,0.757926794701025
393,"4_blimp_lmc_noaux",-0.5267,0.5254,0.5143,0,1,0.8902,0.7586
393,"5_blimp_omc_aux",-0.0098,0.4199,0.7264,1,1,1.0072,1.0064
393,"6_blimp_rescue",0.0325,0.3905,0.7177,1,1,1.0479,0.9795
394,"1_lmer_complete",0.0709780590678086,0.40116190586891,0.638707169769796,1,1,0.938412518733965,0.98036805670172
394,"2_blimp_complete",0.0694,0.401,0.6419,1,1,0.9663,0.9809
394,"3_lmer_naive",-0.468943684555421,0.524628995813649,0.501388600122053,0,1,0.763179813752234,0.785433935044361
394,"4_blimp_lmc_noaux",-0.4677,0.5247,0.4978,0,1,0.781,0.7867
394,"5_blimp_omc_aux",0.0673,0.4226,0.7518,1,1,0.9647,1.036
394,"6_blimp_rescue",0.1296,0.3905,0.7234,1,1,1.0147,1.0074
395,"1_lmer_complete",-0.0659127879865974,0.431439888091964,0.428141513787494,0,1,0.836835797940586,0.98392151359037
395,"2_blimp_complete",-0.0596,0.4314,0.4213,0,1,0.8597,0.9842
395,"3_lmer_naive",-0.527902067525998,0.562825960084288,0.309734417472276,0,0,0.699963029580055,0.772212949651899
395,"4_blimp_lmc_noaux",-0.5289,0.563,0.2947,0,0,0.7127,0.7733
395,"5_blimp_omc_aux",-0.0312,0.4699,0.5059,0,1,0.8913,1.0341
395,"6_blimp_rescue",-0.051,0.4348,0.4479,1,1,0.8917,1.0084
396,"1_lmer_complete",-0.0344915405688474,0.380281158405299,0.664368455246375,1,1,0.954747108152493,0.993541904812172
396,"2_blimp_complete",-0.0378,0.3801,0.6671,1,1,0.9796,0.9939
396,"3_lmer_naive",-0.626335465674949,0.532387762667616,0.487125200148028,0,1,0.780554915128543,0.782461550460437
396,"4_blimp_lmc_noaux",-0.6378,0.5318,0.5024,0,1,0.8059,0.7832
396,"5_blimp_omc_aux",-0.0427,0.4585,0.7118,0,1,0.9297,1.0564
396,"6_blimp_rescue",-0.0118,0.4072,0.684,1,1,0.9554,1.0171
397,"1_lmer_complete",-0.0542359512040928,0.415264570039472,0.600219632365121,1,1,0.821411760208735,1.00523281627338
397,"2_blimp_complete",-0.0518,0.4156,0.5973,1,1,0.8413,1.0056
397,"3_lmer_naive",-0.572779082689962,0.553233703001165,0.435566110469962,0,0,0.702516973194158,0.779554048600758
397,"4_blimp_lmc_noaux",-0.5757,0.5535,0.4312,0,0,0.7229,0.78
397,"5_blimp_omc_aux",-0.0696,0.465,0.6719,0,1,0.8625,1.0313
397,"6_blimp_rescue",-0.065,0.4276,0.6054,1,1,0.8816,1.001
398,"1_lmer_complete",-0.142273256474292,0.409178037529487,0.698202601237789,1,1,0.922897149139778,0.994223926330384
398,"2_blimp_complete",-0.1533,0.409,0.6865,1,1,0.9505,0.9947
398,"3_lmer_naive",-0.688640311831413,0.528248766755586,0.533313071564173,0,1,0.786229172233105,0.791223398859135
398,"4_blimp_lmc_noaux",-0.6791,0.5282,0.5281,0,1,0.8112,0.7915
398,"5_blimp_omc_aux",-0.1838,0.4414,0.7175,1,1,0.9446,1.0566
398,"6_blimp_rescue",-0.1082,0.4012,0.6961,1,1,0.9686,1.0255
399,"1_lmer_complete",-0.0624898613938637,0.435748126140575,0.641050694144387,0,1,1.01960617624721,0.980376598028831
399,"2_blimp_complete",-0.0894,0.4358,0.6369,0,1,1.0471,0.9809
399,"3_lmer_naive",-0.575522337686833,0.53760941104516,0.459742884661144,0,1,0.774644943228192,0.804330527885807
399,"4_blimp_lmc_noaux",-0.5687,0.5389,0.4238,0,0,0.7938,0.805
399,"5_blimp_omc_aux",-0.0951,0.466,0.7206,0,1,1.0061,1.0228
399,"6_blimp_rescue",-0.0437,0.4306,0.6493,1,1,1.079,0.9965
400,"1_lmer_complete",0.0180470573254833,0.407769384731908,0.625319409074663,1,1,1.19508365274382,1.02513057878399
400,"2_blimp_complete",0.0092,0.4081,0.6343,1,1,1.2283,1.0253
400,"3_lmer_naive",-0.519654502679409,0.545223174836779,0.439592455336749,0,1,0.970885370463761,0.76964081208512
400,"4_blimp_lmc_noaux",-0.5259,0.5448,0.431,0,1,0.9981,0.77
400,"5_blimp_omc_aux",-0.0397,0.4435,0.6665,0,1,1.2048,1.0354
400,"6_blimp_rescue",0.0296,0.4112,0.5816,1,1,1.2245,1.0098
401,"1_lmer_complete",0.1917340944055,0.406823331428488,0.594994843995635,1,1,0.844382283217983,0.997552634504488
401,"2_blimp_complete",0.1985,0.4069,0.5797,1,1,0.8675,0.998
401,"3_lmer_naive",-0.331457318819083,0.56612750393599,0.467579382084342,0,1,0.73747380056257,0.779343050675166
401,"4_blimp_lmc_noaux",-0.3099,0.5668,0.4378,0,0,0.7569,0.7802
401,"5_blimp_omc_aux",0.1692,0.4546,0.7079,0,1,0.9007,1.0578
401,"6_blimp_rescue",0.2234,0.4224,0.6604,1,1,0.9485,1.032
402,"1_lmer_complete",-0.130977898719247,0.412337516587013,0.513316140335164,1,1,1.06641914151168,1.0348035253643
402,"2_blimp_complete",-0.1413,0.4126,0.5276,1,1,1.0949,1.0354
402,"3_lmer_naive",-0.631953006419603,0.518640325386257,0.372678191261766,0,0,0.860140958506002,0.77716930077985
402,"4_blimp_lmc_noaux",-0.6441,0.5188,0.3535,0,0,0.8803,0.7779
402,"5_blimp_omc_aux",-0.171,0.4108,0.5529,1,1,1.0809,1.0294
402,"6_blimp_rescue",-0.1501,0.3802,0.5204,1,1,1.1172,1.004
403,"1_lmer_complete",-0.100050475712506,0.396715802231536,0.687509550919868,1,1,1.10858411261825,1.0155990084632
403,"2_blimp_complete",-0.0909,0.3966,0.692,1,1,1.1356,1.0159
403,"3_lmer_naive",-0.632650640152702,0.516814946440412,0.518613596852874,0,1,0.966542944058958,0.784861895856709
403,"4_blimp_lmc_noaux",-0.6558,0.5165,0.5222,0,1,0.9936,0.7855
403,"5_blimp_omc_aux",-0.1345,0.4168,0.716,1,1,1.149,1.0427
403,"6_blimp_rescue",-0.0888,0.3832,0.6606,1,1,1.1724,1.0093
404,"1_lmer_complete",0.0898884497600726,0.400743544161083,0.666418977212648,1,1,1.13208660921562,1.00523020544349
404,"2_blimp_complete",0.1097,0.4007,0.6724,1,1,1.1667,1.0057
404,"3_lmer_naive",-0.459864182493773,0.558244038013383,0.514436200441643,0,1,0.908335579230227,0.787360493108142
404,"4_blimp_lmc_noaux",-0.4466,0.558,0.5026,0,1,0.9385,0.7881
404,"5_blimp_omc_aux",0.0383,0.4579,0.7685,0,1,1.1209,1.0609
404,"6_blimp_rescue",0.1085,0.4236,0.6976,1,1,1.1668,1.0348
405,"1_lmer_complete",-0.162480283339378,0.39004709563003,0.37285573576769,1,1,1.07757562763927,1.00258083060385
405,"2_blimp_complete",-0.1615,0.3898,0.3595,1,0,1.1094,1.0032
405,"3_lmer_naive",-0.600318903849663,0.549826163770503,0.300775351397644,0,0,0.964384254589926,0.802623550413122
405,"4_blimp_lmc_noaux",-0.6114,0.5499,0.3006,0,0,0.99,0.8035
405,"5_blimp_omc_aux",-0.1256,0.4216,0.4777,1,1,1.14,1.0941
405,"6_blimp_rescue",-0.1062,0.3965,0.3932,1,1,1.1327,1.0703
406,"1_lmer_complete",0.0622274186703271,0.426683377214859,0.716587708033449,1,1,1.14759220083262,1.02155747481849
406,"2_blimp_complete",0.0431,0.4264,0.7329,1,1,1.1779,1.022
406,"3_lmer_naive",-0.491986489249536,0.549399832606226,0.552909543230983,0,1,0.881134231746435,0.790344330380276
406,"4_blimp_lmc_noaux",-0.5011,0.5491,0.5706,0,1,0.9076,0.7909
406,"5_blimp_omc_aux",-0.0249,0.4503,0.8098,0,1,1.1495,1.0468
406,"6_blimp_rescue",0.0519,0.4122,0.7214,1,1,1.1872,1.0153
407,"1_lmer_complete",-0.098560314279857,0.398464373947581,0.695304503359033,1,1,1.00082054020208,0.995874548163581
407,"2_blimp_complete",-0.112,0.3984,0.6932,1,1,1.0277,0.9965
407,"3_lmer_naive",-0.642241326241828,0.518191758359243,0.506399407371389,0,1,0.826176221247025,0.763995480434537
407,"4_blimp_lmc_noaux",-0.64,0.5184,0.5052,0,1,0.8501,0.7644
407,"5_blimp_omc_aux",-0.1398,0.42,0.7259,1,1,1.0224,1.0122
407,"6_blimp_rescue",-0.0616,0.3877,0.6832,1,1,1.0774,0.9853
408,"1_lmer_complete",0.0114563170457988,0.3831812053192,0.617207481084667,1,1,1.0158863573925,0.996361851734348
408,"2_blimp_complete",0.016,0.3831,0.6146,1,1,1.0448,0.9972
408,"3_lmer_naive",-0.559809409764601,0.505220651103854,0.402936110802869,0,0,0.754837732750459,0.782577187935628
408,"4_blimp_lmc_noaux",-0.5406,0.5065,0.3693,0,0,0.7714,0.7833
408,"5_blimp_omc_aux",-0.0459,0.4123,0.6751,1,1,0.9538,1.0479
408,"6_blimp_rescue",0.0111,0.3668,0.6101,1,1,1.0032,1.0056
409,"1_lmer_complete",-0.00607108603490038,0.386494433036177,0.745489391731422,1,1,0.8993242807879,1.02728445203857
409,"2_blimp_complete",-0.0075,0.3863,0.7519,1,0,0.9201,1.0281
409,"3_lmer_naive",-0.554580166994726,0.53076939739668,0.561169515922227,0,1,0.771894343271977,0.815681257257545
409,"4_blimp_lmc_noaux",-0.5436,0.531,0.5547,0,1,0.794,0.8172
409,"5_blimp_omc_aux",-0.0584,0.4409,0.7733,1,0,0.9172,1.0792
409,"6_blimp_rescue",0.0114,0.4013,0.7542,1,1,0.9574,1.0455
410,"1_lmer_complete",0.018427623744398,0.404349623891576,0.672041321095272,1,1,1.03119924422642,1.00932921364956
410,"2_blimp_complete",0.0197,0.4047,0.6878,1,1,1.0604,1.0097
410,"3_lmer_naive",-0.606592794434064,0.547648524012213,0.410314927640129,0,0,0.762761536686374,0.780748286523574
410,"4_blimp_lmc_noaux",-0.6051,0.5481,0.3959,0,0,0.7851,0.7817
410,"5_blimp_omc_aux",-0.0409,0.4559,0.6728,0,1,1.0123,1.0512
410,"6_blimp_rescue",0.0059,0.4118,0.6333,1,1,1.0519,1.013
411,"1_lmer_complete",-0.107932895397046,0.399212915903738,0.504107686023112,1,1,0.970536204579875,0.986280954689063
411,"2_blimp_complete",-0.1141,0.3992,0.4993,1,1,0.9984,0.9869
411,"3_lmer_naive",-0.6845796907694,0.523818703256792,0.357244640622447,0,0,0.715376867621783,0.753586689628034
411,"4_blimp_lmc_noaux",-0.6752,0.5237,0.3286,0,0,0.7361,0.7544
411,"5_blimp_omc_aux",-0.1423,0.4174,0.5708,1,1,0.9316,1.0161
411,"6_blimp_rescue",-0.1326,0.3788,0.4577,1,1,0.9385,0.981
412,"1_lmer_complete",0.16417078800119,0.411621772151302,0.692974578476523,1,1,0.884680363231621,1.03004864125582
412,"2_blimp_complete",0.168,0.4117,0.6867,1,1,0.9083,1.0301
412,"3_lmer_naive",-0.440673147302668,0.531384942493294,0.489948334468901,0,1,0.687989397432711,0.783509180970736
412,"4_blimp_lmc_noaux",-0.4389,0.5315,0.4769,0,1,0.7052,0.784
412,"5_blimp_omc_aux",0.0741,0.4317,0.717,1,1,0.8559,1.0333
412,"6_blimp_rescue",0.1552,0.396,0.659,1,1,0.8846,1.004
413,"1_lmer_complete",0.147332742901001,0.409251224852535,0.517787293907323,1,1,1.0713780632364,1.01049038330965
413,"2_blimp_complete",0.1669,0.4091,0.5166,1,1,1.1015,1.0107
413,"3_lmer_naive",-0.383937007561577,0.558327480227754,0.338980198266624,0,0,0.853432081232038,0.778553597660278
413,"4_blimp_lmc_noaux",-0.3947,0.5585,0.3357,0,0,0.8715,0.7796
413,"5_blimp_omc_aux",0.1417,0.4538,0.5652,0,1,1.0974,1.0592
413,"6_blimp_rescue",0.147,0.4212,0.5073,1,1,1.1122,1.0324
414,"1_lmer_complete",-0.0238582002032024,0.397663397384105,0.532840467626031,1,1,1.29795843121448,0.995498315992153
414,"2_blimp_complete",-0.0031,0.3979,0.5435,1,1,1.3375,0.9958
414,"3_lmer_naive",-0.549561017682891,0.525368445899777,0.357438798455688,0,0,1.07432452702184,0.794584433622874
414,"4_blimp_lmc_noaux",-0.5385,0.5254,0.3429,0,0,1.1007,0.7946
414,"5_blimp_omc_aux",-0.0056,0.4403,0.5989,1,1,1.3466,1.0336
414,"6_blimp_rescue",-0.0046,0.4036,0.5264,1,1,1.3745,1.0014
415,"1_lmer_complete",0.00757998969788103,0.413104705177091,0.508975847681889,1,1,0.769214632332112,0.991728045567211
415,"2_blimp_complete",-0.0037,0.4132,0.5291,1,1,0.7913,0.9923
415,"3_lmer_naive",-0.483301871334472,0.557193445233019,0.426374714678234,0,0,0.604877620402336,0.748385632198765
415,"4_blimp_lmc_noaux",-0.4935,0.5576,0.4091,0,0,0.6239,0.7495
415,"5_blimp_omc_aux",-0.0093,0.4431,0.6338,1,1,0.8109,1.0349
415,"6_blimp_rescue",0.0341,0.4065,0.5613,1,1,0.8451,1.0069
416,"1_lmer_complete",-0.198788159555787,0.409100366841163,0.630402431399975,1,1,1.28665851990737,1.03864228766669
416,"2_blimp_complete",-0.1998,0.4089,0.644,1,1,1.3159,1.0395
416,"3_lmer_naive",-0.727625818162272,0.533732496942362,0.430366322883961,0,1,1.10339573257753,0.765126546630085
416,"4_blimp_lmc_noaux",-0.7404,0.5337,0.4325,0,1,1.1357,0.766
416,"5_blimp_omc_aux",-0.2542,0.437,0.6352,1,1,1.3281,1.0155
416,"6_blimp_rescue",-0.2286,0.4037,0.6011,1,1,1.3595,0.9879
417,"1_lmer_complete",-0.00370623624538626,0.417295382407457,0.644353293531086,1,1,0.985608252411351,0.967222443972506
417,"2_blimp_complete",-0.0041,0.4172,0.6369,1,1,1.01,0.9677
417,"3_lmer_naive",-0.580398132430618,0.537783962940863,0.428090157715892,0,0,0.7616779535312,0.736229637102233
417,"4_blimp_lmc_noaux",-0.5677,0.5377,0.4296,0,0,0.7809,0.7365
417,"5_blimp_omc_aux",-0.0551,0.4353,0.6789,1,1,0.9368,1.0111
417,"6_blimp_rescue",0.0118,0.3851,0.5926,1,1,0.9668,0.9679
418,"1_lmer_complete",-0.358655966157474,0.408842988366706,0.635229169879234,1,1,1.06878549609514,0.993535702371069
418,"2_blimp_complete",-0.3464,0.4089,0.6393,1,1,1.0966,0.9941
418,"3_lmer_naive",-0.824203752233628,0.543963998498626,0.490626846791895,0,1,0.779816444048503,0.776754210378579
418,"4_blimp_lmc_noaux",-0.8383,0.5439,0.4966,0,1,0.8038,0.7774
418,"5_blimp_omc_aux",-0.3877,0.452,0.698,0,1,1.0344,1.014
418,"6_blimp_rescue",-0.3874,0.4183,0.6059,1,1,1.0508,0.985
419,"1_lmer_complete",-0.106637588721025,0.410814099839626,0.494518053471484,1,1,0.964262983522594,0.980664654598173
419,"2_blimp_complete",-0.1193,0.411,0.4978,1,1,0.9892,0.9811
419,"3_lmer_naive",-0.569488143546656,0.555299142687584,0.384264360951909,0,0,0.878613642428752,0.751749986075052
419,"4_blimp_lmc_noaux",-0.56,0.5553,0.3744,0,0,0.9007,0.7523
419,"5_blimp_omc_aux",-0.1137,0.4522,0.5887,0,1,0.9957,1.0106
419,"6_blimp_rescue",-0.0799,0.4182,0.5077,1,1,1.0046,0.9782
420,"1_lmer_complete",0.0444088060628035,0.403184137585003,0.601746614739512,1,1,1.17176889078834,1.00747495275564
420,"2_blimp_complete",0.0465,0.4029,0.6126,1,1,1.2016,1.0077
420,"3_lmer_naive",-0.552753967226773,0.515048501835014,0.402914185099994,0,0,0.892070461363333,0.789364909167332
420,"4_blimp_lmc_noaux",-0.5563,0.5158,0.3807,0,0,0.9155,0.7905
420,"5_blimp_omc_aux",-0.0208,0.4229,0.64,1,1,1.1614,1.0368
420,"6_blimp_rescue",0.0018,0.3904,0.5426,1,1,1.1914,1.008
421,"1_lmer_complete",0.0865193653104362,0.413542391528692,0.771087723876663,1,1,0.841107028488447,0.989282661199457
421,"2_blimp_complete",0.09,0.414,0.7721,1,1,0.8608,0.9896
421,"3_lmer_naive",-0.468473585326149,0.523221991665539,0.611453867138311,0,1,0.652708910325796,0.767658363376395
421,"4_blimp_lmc_noaux",-0.4768,0.5235,0.6174,0,1,0.6735,0.7682
421,"5_blimp_omc_aux",0.0194,0.4018,0.8381,1,0,0.8222,1.03
421,"6_blimp_rescue",0.114,0.3705,0.8077,1,1,0.8707,0.9949
422,"1_lmer_complete",-0.0243508677485197,0.412584654827231,0.5623262855317,1,1,0.842656973407785,0.994340358833479
422,"2_blimp_complete",-0.0226,0.4129,0.5593,1,1,0.8721,0.9951
422,"3_lmer_naive",-0.566327310913031,0.533537052757147,0.434730053081841,0,0,0.678732473717394,0.78140515665933
422,"4_blimp_lmc_noaux",-0.5711,0.5335,0.4431,0,1,0.6988,0.7823
422,"5_blimp_omc_aux",-0.0475,0.4376,0.6685,1,1,0.8635,1.0547
422,"6_blimp_rescue",0.003,0.396,0.6181,1,1,0.8851,1.0217
423,"1_lmer_complete",0.0407429785012997,0.410372522238106,0.442481412155884,1,1,1.1381738706971,1.00589244850213
423,"2_blimp_complete",0.0354,0.4104,0.4521,1,1,1.1765,1.0067
423,"3_lmer_naive",-0.483749220268532,0.546171658069471,0.323370904284285,0,0,0.994084845544861,0.769946717404045
423,"4_blimp_lmc_noaux",-0.4855,0.5463,0.3304,0,0,1.0194,0.7706
423,"5_blimp_omc_aux",0.0488,0.46,0.4948,0,1,1.2342,1.0032
423,"6_blimp_rescue",0.0379,0.4247,0.4185,1,1,1.2719,0.974
424,"1_lmer_complete",-0.0447228942112806,0.402311178278145,0.499414761611462,1,1,1.04058375243755,0.983816535907431
424,"2_blimp_complete",-0.0603,0.4023,0.4921,1,1,1.0734,0.9846
424,"3_lmer_naive",-0.548205102156521,0.520853045124315,0.416442363600156,0,0,0.852135291593229,0.755484091097429
424,"4_blimp_lmc_noaux",-0.557,0.5216,0.4076,0,0,0.871,0.7564
424,"5_blimp_omc_aux",-0.0588,0.4182,0.6286,1,1,1.0843,1.0065
424,"6_blimp_rescue",-1e-04,0.3822,0.5536,1,1,1.1263,0.9724
425,"1_lmer_complete",0.059849237633787,0.413833380264766,0.449339026030516,1,1,1.12488621786458,1.01680824165463
425,"2_blimp_complete",0.0684,0.4138,0.4349,1,1,1.1577,1.0168
425,"3_lmer_naive",-0.436000951724338,0.565679675457121,0.234380508889653,0,0,0.886735802192591,0.80885591467044
425,"4_blimp_lmc_noaux",-0.4311,0.5659,0.2104,0,0,0.9032,0.8095
425,"5_blimp_omc_aux",0.0823,0.4769,0.5003,0,1,1.157,1.0841
425,"6_blimp_rescue",0.1039,0.4473,0.4743,0,1,1.2045,1.066
426,"1_lmer_complete",-0.115935877879439,0.417487460898609,0.602559623099205,1,1,0.780929369545246,1.01065185032948
426,"2_blimp_complete",-0.1142,0.4177,0.5989,1,1,0.8037,1.0111
426,"3_lmer_naive",-0.637395677109224,0.546265652643008,0.470297421112985,0,1,0.702195326069031,0.778495951867082
426,"4_blimp_lmc_noaux",-0.6335,0.5459,0.4562,0,1,0.7226,0.7791
426,"5_blimp_omc_aux",-0.1177,0.4555,0.6524,0,1,0.8303,1.0467
426,"6_blimp_rescue",-0.0689,0.4268,0.647,1,1,0.8539,1.0259
427,"1_lmer_complete",-0.0640680428298564,0.405393489177371,0.678860733881064,1,1,0.944980588667215,0.98943243546591
427,"2_blimp_complete",-0.0671,0.4053,0.6995,1,1,0.9695,0.9893
427,"3_lmer_naive",-0.563142088136993,0.550299473167262,0.453229758273247,0,1,0.873685200229198,0.773069442645303
427,"4_blimp_lmc_noaux",-0.5726,0.5501,0.4597,0,1,0.9008,0.7741
427,"5_blimp_omc_aux",-0.0758,0.4641,0.7279,0,1,0.9769,1.0343
427,"6_blimp_rescue",-0.0408,0.4278,0.7095,1,1,1.0037,1.0082
428,"1_lmer_complete",0.120401839942037,0.365497305192846,0.662224021985864,0,1,0.959867187121165,0.973414644031859
428,"2_blimp_complete",0.1287,0.3654,0.6633,0,1,0.9833,0.9736
428,"3_lmer_naive",-0.459453636061337,0.491334992655677,0.478969469616859,0,1,0.721036590283818,0.765290647637467
428,"4_blimp_lmc_noaux",-0.4618,0.4911,0.4868,0,1,0.7421,0.7664
428,"5_blimp_omc_aux",0.064,0.3852,0.7234,1,1,0.9879,1.0181
428,"6_blimp_rescue",0.1409,0.3469,0.6652,0,1,1.0259,0.9825
429,"1_lmer_complete",-0.0674553167147268,0.401224731042633,0.770452522853497,1,1,0.835005219783516,1.00326212856403
429,"2_blimp_complete",-0.0695,0.4011,0.7824,1,1,0.8558,1.0038
429,"3_lmer_naive",-0.636198547705664,0.516755303410397,0.598949664125881,0,1,0.685065929420434,0.780709751421019
429,"4_blimp_lmc_noaux",-0.6268,0.5182,0.572,0,1,0.7055,0.7814
429,"5_blimp_omc_aux",-0.1609,0.4205,0.8121,1,0,0.8161,1.0185
429,"6_blimp_rescue",-0.0617,0.3881,0.7795,1,1,0.8623,0.985
430,"1_lmer_complete",-0.0861950449988181,0.394880410224209,0.701680211733952,1,1,1.09134251041121,1.01330796323094
430,"2_blimp_complete",-0.0871,0.3947,0.7027,1,1,1.1229,1.014
430,"3_lmer_naive",-0.603893776652966,0.519266605749389,0.569472467585637,0,1,0.859748210034953,0.789800725438926
430,"4_blimp_lmc_noaux",-0.5964,0.5196,0.5581,0,1,0.8874,0.7912
430,"5_blimp_omc_aux",-0.1478,0.4354,0.7485,1,1,1.0964,1.0239
430,"6_blimp_rescue",-0.0997,0.3988,0.6904,1,1,1.1262,0.9956
431,"1_lmer_complete",-0.0327087477883154,0.383845648896151,0.682630370549047,1,1,1.12588761465547,1.01223062706822
431,"2_blimp_complete",-0.0317,0.3836,0.6992,1,1,1.1562,1.0126
431,"3_lmer_naive",-0.638150486168463,0.505155892769926,0.513044759859315,0,1,0.88579977401867,0.797042346244113
431,"4_blimp_lmc_noaux",-0.6343,0.5062,0.5011,0,1,0.9101,0.7972
431,"5_blimp_omc_aux",-0.0918,0.4102,0.7371,1,1,1.1617,1.0777
431,"6_blimp_rescue",-0.03,0.3675,0.6589,1,1,1.2214,1.036
432,"1_lmer_complete",-0.0639582945121455,0.418322530071906,0.59938333682752,1,1,0.960177531259708,1.00887300913845
432,"2_blimp_complete",-0.06,0.4185,0.6089,1,1,0.9911,1.0096
432,"3_lmer_naive",-0.582344318361143,0.561698743452817,0.463165940831732,0,1,0.832417003029914,0.77000744939931
432,"4_blimp_lmc_noaux",-0.58,0.5619,0.4441,0,1,0.855,0.7709
432,"5_blimp_omc_aux",-0.1016,0.4556,0.697,0,1,0.9753,1.0544
432,"6_blimp_rescue",-0.0578,0.4294,0.6305,1,1,1.0113,1.0347
433,"1_lmer_complete",-0.0818223648189671,0.40637501838004,0.573313076879976,1,1,0.996398063346333,0.994936985869456
433,"2_blimp_complete",-0.08,0.4063,0.5793,1,1,1.0227,0.9957
433,"3_lmer_naive",-0.636868946114393,0.530893334398672,0.371935098504031,0,0,0.858021057722132,0.78424096371056
433,"4_blimp_lmc_noaux",-0.6412,0.5317,0.3454,0,0,0.8781,0.7853
433,"5_blimp_omc_aux",-0.0972,0.4403,0.6373,1,1,1.0296,1.0311
433,"6_blimp_rescue",-0.0751,0.4021,0.5796,1,1,1.0656,1.0008
434,"1_lmer_complete",-0.122769856028249,0.378488681067938,0.52052119231137,1,1,1.15751309723907,1.01015262489869
434,"2_blimp_complete",-0.1088,0.3785,0.5102,1,1,1.1928,1.0103
434,"3_lmer_naive",-0.632798660737206,0.527879458902772,0.405761777826052,0,0,0.972071025333124,0.801907482268819
434,"4_blimp_lmc_noaux",-0.6241,0.5276,0.4,0,1,1.0009,0.8028
434,"5_blimp_omc_aux",-0.1002,0.4238,0.5883,1,1,1.2183,1.0737
434,"6_blimp_rescue",-0.095,0.3868,0.5542,1,1,1.249,1.038
435,"1_lmer_complete",0.072085600412824,0.393524292153446,0.667239859450797,1,1,0.938277262008993,1.02161961441032
435,"2_blimp_complete",0.0797,0.3937,0.6673,1,1,0.959,1.0218
435,"3_lmer_naive",-0.536014197062928,0.531105505183375,0.475468596083892,0,1,0.713854339261091,0.773042570316392
435,"4_blimp_lmc_noaux",-0.5349,0.5319,0.4597,0,1,0.733,0.7743
435,"5_blimp_omc_aux",0.0384,0.4193,0.6995,1,1,0.9378,1.0688
435,"6_blimp_rescue",0.0909,0.3769,0.6291,1,1,0.9747,1.0314
436,"1_lmer_complete",-0.0161006185621464,0.428780274174957,0.648447184481561,0,1,1.13690532496102,1.00741520364383
436,"2_blimp_complete",-0.0105,0.4286,0.6661,0,1,1.1669,1.0082
436,"3_lmer_naive",-0.573677404901214,0.570602518982879,0.508254609705087,0,1,0.847783658265712,0.786757558161577
436,"4_blimp_lmc_noaux",-0.5736,0.5708,0.5112,0,1,0.8693,0.7882
436,"5_blimp_omc_aux",-0.0548,0.4701,0.708,0,1,1.1003,1.058
436,"6_blimp_rescue",-0.0199,0.4341,0.6671,1,1,1.1339,1.0245
437,"1_lmer_complete",0.148477613139668,0.401468219732506,0.622228575647544,1,1,1.09794349577733,0.97686467706533
437,"2_blimp_complete",0.1426,0.4018,0.6311,1,1,1.1285,0.9772
437,"3_lmer_naive",-0.42008893493988,0.536989042864895,0.496544182841204,0,1,0.873357369059592,0.748412979198784
437,"4_blimp_lmc_noaux",-0.421,0.5374,0.5037,0,1,0.8964,0.7494
437,"5_blimp_omc_aux",0.0751,0.4319,0.7468,1,1,1.1229,1.0017
437,"6_blimp_rescue",0.1588,0.4,0.6941,1,1,1.1812,0.9739
438,"1_lmer_complete",-0.0615250482097472,0.397067049644373,0.522764898319072,1,1,0.854595778593883,1.0183352842815
438,"2_blimp_complete",-0.0587,0.3969,0.5276,1,1,0.8796,1.0185
438,"3_lmer_naive",-0.593870439701284,0.53488231733141,0.420677138119018,0,0,0.681401094650432,0.78162739087933
438,"4_blimp_lmc_noaux",-0.5929,0.5354,0.3994,0,0,0.7013,0.7826
438,"5_blimp_omc_aux",-0.0918,0.4375,0.5795,1,1,0.836,1.0214
438,"6_blimp_rescue",-0.0504,0.4057,0.5193,1,1,0.8559,0.994
439,"1_lmer_complete",-0.268102231717919,0.39569410318013,0.565771988004097,1,1,1.24982964630567,1.00964184098008
439,"2_blimp_complete",-0.2701,0.3959,0.5661,1,1,1.2862,1.01
439,"3_lmer_naive",-0.787358402981057,0.504894186947559,0.363004300555272,0,0,0.916099512006488,0.805292397411474
439,"4_blimp_lmc_noaux",-0.7867,0.5051,0.3502,0,0,0.9411,0.8059
439,"5_blimp_omc_aux",-0.3117,0.4188,0.5529,1,1,1.2124,1.0256
439,"6_blimp_rescue",-0.2963,0.3847,0.501,1,1,1.2369,0.9938
440,"1_lmer_complete",0.109404124250125,0.383061215457354,0.749800300688917,1,1,1.14233619977375,0.958459558541667
440,"2_blimp_complete",0.0948,0.3827,0.7674,1,1,1.1713,0.9588
440,"3_lmer_naive",-0.473650097329547,0.502923516328489,0.613949959740284,0,1,0.814030655659923,0.757504608535095
440,"4_blimp_lmc_noaux",-0.4611,0.5033,0.6152,0,1,0.8398,0.7585
440,"5_blimp_omc_aux",0.0208,0.4002,0.8397,1,0,1.0757,1.0008
440,"6_blimp_rescue",0.1337,0.3644,0.7805,1,1,1.1399,0.9668
441,"1_lmer_complete",-0.0962352247711784,0.395843774275783,0.48743192279997,1,1,1.01693442481696,1.00095743996067
441,"2_blimp_complete",-0.1077,0.3957,0.477,1,1,1.0421,1.001
441,"3_lmer_naive",-0.605166490570622,0.531291621181462,0.326596424847467,0,0,0.841714494128377,0.782464012155662
441,"4_blimp_lmc_noaux",-0.6176,0.5308,0.3255,0,0,0.8707,0.7836
441,"5_blimp_omc_aux",-0.0995,0.4364,0.5474,1,1,0.9984,1.0589
441,"6_blimp_rescue",-0.0975,0.394,0.4721,1,1,1.005,1.0253
442,"1_lmer_complete",-0.030634742640542,0.40155991017071,0.639793075213208,1,1,1.05277211702739,1.0251407347384
442,"2_blimp_complete",-0.0353,0.4014,0.6509,1,1,1.0802,1.0255
442,"3_lmer_naive",-0.618094447963035,0.535706501457197,0.449526354105715,0,1,0.907736620950138,0.765222619067773
442,"4_blimp_lmc_noaux",-0.6357,0.5352,0.4553,0,1,0.9353,0.7663
442,"5_blimp_omc_aux",-0.1015,0.4355,0.6515,1,1,1.0639,1.0389
442,"6_blimp_rescue",-0.0435,0.396,0.6097,1,1,1.0897,1.0103
443,"1_lmer_complete",-0.00347698153329243,0.3964037992521,0.596714228780434,1,1,0.993318433484432,0.966822929429706
443,"2_blimp_complete",0.0031,0.3964,0.6072,1,1,1.0219,0.9674
443,"3_lmer_naive",-0.54124309447347,0.526072109953447,0.393943008049913,0,0,0.79671499132754,0.751988720665221
443,"4_blimp_lmc_noaux",-0.5487,0.5263,0.3772,0,0,0.8155,0.7527
443,"5_blimp_omc_aux",-0.0777,0.4321,0.6443,1,1,0.9807,0.9776
443,"6_blimp_rescue",-0.033,0.4006,0.5457,1,1,1.0263,0.953
444,"1_lmer_complete",0.0912071464965014,0.401943232736133,0.628038022603202,1,1,1.09552403986029,0.979265202440914
444,"2_blimp_complete",0.099,0.402,0.6553,1,1,1.1267,0.9797
444,"3_lmer_naive",-0.495693212963741,0.535587542460724,0.476980911612763,0,1,0.794161612038542,0.734705423494368
444,"4_blimp_lmc_noaux",-0.4975,0.5352,0.4829,0,1,0.8189,0.7354
444,"5_blimp_omc_aux",0.0142,0.4434,0.7021,0,1,0.9884,0.9847
444,"6_blimp_rescue",0.082,0.404,0.6324,1,1,1.0183,0.952
445,"1_lmer_complete",0.0284180525976822,0.405933437945563,0.543456886665654,1,1,1.17021962968146,1.03003588191554
445,"2_blimp_complete",0.0323,0.4061,0.5484,1,1,1.2033,1.0308
445,"3_lmer_naive",-0.506360601761729,0.54754515860115,0.400084317682275,0,0,0.897566861616145,0.768716384651602
445,"4_blimp_lmc_noaux",-0.5107,0.5479,0.3964,0,0,0.9199,0.7692
445,"5_blimp_omc_aux",1e-04,0.4441,0.5915,1,1,1.1329,1.0323
445,"6_blimp_rescue",0.0343,0.4144,0.5484,1,1,1.16,1.0083
446,"1_lmer_complete",-0.0799284856521733,0.437327746660042,0.740313256516168,0,1,0.669824366921906,0.994654126427083
446,"2_blimp_complete",-0.07,0.437,0.7368,0,1,0.6861,0.9948
446,"3_lmer_naive",-0.618840978375106,0.541498011400832,0.542152379638734,0,1,0.528651486247668,0.77609960833421
446,"4_blimp_lmc_noaux",-0.6296,0.5401,0.5619,0,1,0.5455,0.777
446,"5_blimp_omc_aux",-0.1374,0.4615,0.7938,0,0,0.6661,1.0136
446,"6_blimp_rescue",-0.0739,0.4176,0.7621,1,1,0.6973,0.9791
447,"1_lmer_complete",-0.0225564073313742,0.404908953168586,0.603250854286697,1,1,0.725377970696855,1.04775032690248
447,"2_blimp_complete",-0.0233,0.4048,0.6142,1,1,0.7455,1.0488
447,"3_lmer_naive",-0.565031219260422,0.538501089315269,0.464260016384462,0,1,0.612210789943302,0.80541330364578
447,"4_blimp_lmc_noaux",-0.5516,0.5384,0.4457,0,1,0.6302,0.8069
447,"5_blimp_omc_aux",-0.0442,0.4331,0.6613,1,1,0.7521,1.0837
447,"6_blimp_rescue",-0.0051,0.4004,0.5989,1,1,0.7755,1.0581
448,"1_lmer_complete",-0.11387209386434,0.415103018598261,0.634144678889485,1,1,1.13975870530552,1.02003432874271
448,"2_blimp_complete",-0.1321,0.4151,0.622,1,1,1.1675,1.0206
448,"3_lmer_naive",-0.664179530616676,0.544533022522617,0.463925348299897,0,1,0.888589633069353,0.766795777935177
448,"4_blimp_lmc_noaux",-0.6628,0.5449,0.4526,0,1,0.9124,0.7679
448,"5_blimp_omc_aux",-0.1816,0.4527,0.6941,0,1,1.1514,1.0086
448,"6_blimp_rescue",-0.1054,0.4215,0.602,1,1,1.1981,0.9841
449,"1_lmer_complete",-0.0378320819891896,0.408678226659546,0.624582371385399,1,1,0.907653034343748,0.989255964350621
449,"2_blimp_complete",-0.0521,0.4089,0.6275,1,1,0.9318,0.9894
449,"3_lmer_naive",-0.590513322383333,0.531689136566685,0.462735952825016,0,1,0.669956309528186,0.769492202519156
449,"4_blimp_lmc_noaux",-0.5939,0.532,0.4544,0,1,0.6877,0.7703
449,"5_blimp_omc_aux",-0.0747,0.4411,0.667,0,1,0.8695,1.0209
449,"6_blimp_rescue",-0.0261,0.405,0.5941,1,1,0.8918,0.9917
450,"1_lmer_complete",0.116893576784492,0.417918373274671,0.568166793490764,1,1,0.752306571382579,1.02430267469669
450,"2_blimp_complete",0.1217,0.4179,0.5684,1,1,0.7742,1.0248
450,"3_lmer_naive",-0.394294167148204,0.553783972316608,0.344345260649412,0,0,0.629633448048957,0.76311578297839
450,"4_blimp_lmc_noaux",-0.3963,0.5536,0.3343,0,0,0.6465,0.764
450,"5_blimp_omc_aux",0.1029,0.4511,0.601,0,1,0.7602,1.0349
450,"6_blimp_rescue",0.1195,0.4133,0.5145,1,1,0.7639,1.0053
451,"1_lmer_complete",-0.0668589975441939,0.386174846916481,0.573523204163732,1,1,0.851396340397535,0.981101778463526
451,"2_blimp_complete",-0.0685,0.3863,0.5654,1,1,0.873,0.9815
451,"3_lmer_naive",-0.627087768923723,0.524490997513573,0.418118662163739,0,0,0.688618796995253,0.744239170137678
451,"4_blimp_lmc_noaux",-0.6365,0.5246,0.4137,0,0,0.709,0.7449
451,"5_blimp_omc_aux",-0.1028,0.4176,0.644,1,1,0.8799,1.0027
451,"6_blimp_rescue",-0.056,0.3825,0.5585,1,1,0.894,0.9625
452,"1_lmer_complete",0.153879227749847,0.408615011512494,0.618886531488317,1,1,0.926875438128001,1.03301832215801
452,"2_blimp_complete",0.1402,0.4087,0.6296,1,1,0.9518,1.0335
452,"3_lmer_naive",-0.385304594081763,0.538746352526776,0.466057078176053,0,1,0.735704849163727,0.798777750374064
452,"4_blimp_lmc_noaux",-0.3732,0.5387,0.4504,0,1,0.756,0.7997
452,"5_blimp_omc_aux",0.0887,0.4297,0.6788,1,1,0.9793,1.0763
452,"6_blimp_rescue",0.1579,0.3932,0.5947,1,1,1.005,1.0437
453,"1_lmer_complete",-0.124013955436769,0.395292186018928,0.429092087583125,1,1,1.10344166768674,1.02685654923248
453,"2_blimp_complete",-0.1218,0.3954,0.4358,1,1,1.1393,1.0276
453,"3_lmer_naive",-0.620256529054868,0.544141168772243,0.364150727168328,0,0,0.866042547645439,0.794030560299918
453,"4_blimp_lmc_noaux",-0.6261,0.5447,0.344,0,0,0.888,0.7948
453,"5_blimp_omc_aux",-0.1183,0.4508,0.5526,0,1,1.1142,1.0688
453,"6_blimp_rescue",-0.1258,0.4148,0.4803,1,1,1.1113,1.0402
454,"1_lmer_complete",0.0112966197985824,0.37378360071098,0.564193368006304,1,1,0.931169794388959,1.0303452666441
454,"2_blimp_complete",-0.0017,0.3738,0.5488,1,1,0.9592,1.0304
454,"3_lmer_naive",-0.516447508640081,0.487750711636515,0.422065048081094,0,0,0.740909928481901,0.803413499091602
454,"4_blimp_lmc_noaux",-0.5128,0.4877,0.4278,0,0,0.7585,0.8043
454,"5_blimp_omc_aux",-0.0176,0.3921,0.6427,1,1,0.8813,1.0568
454,"6_blimp_rescue",0.0231,0.3565,0.6033,0,1,0.9067,1.0261
455,"1_lmer_complete",0.162021752108974,0.391674961759511,0.798157135974378,1,1,1.44520675518865,0.987255874355619
455,"2_blimp_complete",0.1671,0.3915,0.7935,1,1,1.4759,0.9878
455,"3_lmer_naive",-0.458435296444448,0.550117207524028,0.65156076508575,0,1,1.24267413483974,0.751268122695935
455,"4_blimp_lmc_noaux",-0.4549,0.5506,0.655,0,1,1.2782,0.752
455,"5_blimp_omc_aux",0.0197,0.4441,0.8962,0,0,1.4367,1.0325
455,"6_blimp_rescue",0.1672,0.4084,0.8264,1,1,1.5174,1.0033
456,"1_lmer_complete",-0.184069577985966,0.423494581676649,0.657241768969331,1,1,0.734902924344498,1.00309299580422
456,"2_blimp_complete",-0.1817,0.4236,0.6612,1,1,0.756,1.0036
456,"3_lmer_naive",-0.672630304342758,0.534213288585454,0.484801314063756,0,1,0.641285075430211,0.807358635280742
456,"4_blimp_lmc_noaux",-0.6744,0.5341,0.4846,0,1,0.66,0.8082
456,"5_blimp_omc_aux",-0.209,0.459,0.681,0,1,0.7527,1.0252
456,"6_blimp_rescue",-0.1928,0.4287,0.673,1,1,0.7631,1.0006
457,"1_lmer_complete",-0.0702448769260753,0.424548125868698,0.490928818543692,1,1,0.925268841265319,1.01972375675648
457,"2_blimp_complete",-0.0858,0.4245,0.4993,1,1,0.9578,1.0204
457,"3_lmer_naive",-0.58239294185986,0.545678353717067,0.312548031696681,0,0,0.838014228490013,0.783893124902411
457,"4_blimp_lmc_noaux",-0.5879,0.5455,0.3093,0,0,0.8635,0.7847
457,"5_blimp_omc_aux",-0.0721,0.4535,0.5636,0,1,1.0092,1.0201
457,"6_blimp_rescue",-0.0709,0.4229,0.4978,1,1,1.0104,0.9942
458,"1_lmer_complete",-0.0252333607679439,0.395637658889894,0.577525450235085,1,1,0.81541473696482,0.998936718342643
458,"2_blimp_complete",-0.0219,0.3954,0.5961,1,1,0.839,0.9993
458,"3_lmer_naive",-0.50811435302719,0.525385822585833,0.459719175378949,0,0,0.678617022919837,0.80294323585071
458,"4_blimp_lmc_noaux",-0.5076,0.526,0.4542,0,1,0.6965,0.8041
458,"5_blimp_omc_aux",-0.0148,0.4411,0.6551,1,1,0.8655,1.0527
458,"6_blimp_rescue",0.0226,0.4074,0.6237,1,1,0.8862,1.0292
459,"1_lmer_complete",-0.0901766931319827,0.391590160435444,0.654579432854785,1,1,0.920417462843899,1.03407412397572
459,"2_blimp_complete",-0.0846,0.3916,0.6527,1,1,0.948,1.0344
459,"3_lmer_naive",-0.651616851046347,0.531540205136017,0.467265243096535,0,1,0.77110633477965,0.826385626107329
459,"4_blimp_lmc_noaux",-0.6617,0.5312,0.4688,0,1,0.7921,0.8268
459,"5_blimp_omc_aux",-0.1217,0.4358,0.6711,1,1,0.9085,1.1013
459,"6_blimp_rescue",-0.0804,0.3992,0.6707,1,1,0.945,1.0687
460,"1_lmer_complete",0.0759014145769362,0.435518806270405,0.680435632208759,0,1,1.19959062495806,1.00620643692973
460,"2_blimp_complete",0.0356,0.4358,0.6841,0,1,1.235,1.007
460,"3_lmer_naive",-0.52910491451242,0.550428692639,0.510713514854872,0,1,0.932932891732704,0.791147251955402
460,"4_blimp_lmc_noaux",-0.537,0.55,0.5159,0,1,0.9613,0.7917
460,"5_blimp_omc_aux",0.0348,0.4712,0.7133,0,1,1.178,1.0546
460,"6_blimp_rescue",0.0981,0.4297,0.6725,1,1,1.2162,1.0251
461,"1_lmer_complete",-0.0165236768992994,0.408285299679327,0.49700110838392,1,1,1.00496917807521,1.00503862539644
461,"2_blimp_complete",-0.026,0.4084,0.5101,1,1,1.034,1.0054
461,"3_lmer_naive",-0.566030740140872,0.512566647876446,0.349255444170246,0,0,0.794672987852921,0.789876568580069
461,"4_blimp_lmc_noaux",-0.5547,0.5134,0.3035,0,0,0.8102,0.7908
461,"5_blimp_omc_aux",-0.0446,0.4202,0.582,1,1,1.0057,1.038
461,"6_blimp_rescue",-0.0386,0.3828,0.4654,1,1,0.9997,1.0063
462,"1_lmer_complete",0.0282994798094459,0.408136219661939,0.634096615746608,1,1,1.12357324545184,0.978648898090178
462,"2_blimp_complete",0.0121,0.4078,0.6249,1,1,1.1566,0.979
462,"3_lmer_naive",-0.534416180033315,0.53636316771544,0.437776294424048,0,1,0.879950453452068,0.768931380898453
462,"4_blimp_lmc_noaux",-0.5268,0.5367,0.415,0,1,0.9,0.7697
462,"5_blimp_omc_aux",-0.0121,0.4412,0.7075,1,1,1.1621,1.0474
462,"6_blimp_rescue",0.061,0.3994,0.6778,1,1,1.2243,1.0185
463,"1_lmer_complete",0.233002137429301,0.413139438741733,0.641419593349678,1,1,0.931442930067264,1.03306408484858
463,"2_blimp_complete",0.2374,0.4131,0.652,1,1,0.9559,1.0336
463,"3_lmer_naive",-0.373359343080646,0.553391881471128,0.458978906590658,0,1,0.802098158928759,0.765777871795582
463,"4_blimp_lmc_noaux",-0.3728,0.5529,0.4485,0,1,0.8271,0.767
463,"5_blimp_omc_aux",0.1651,0.4276,0.6631,1,1,0.9456,1.0634
463,"6_blimp_rescue",0.2322,0.3958,0.5913,1,1,0.9933,1.0363
464,"1_lmer_complete",0.00666857391934464,0.404533376706902,0.463634776890755,1,1,1.21935043508909,1.0133242858519
464,"2_blimp_complete",-0.0154,0.4046,0.4673,1,1,1.2483,1.0137
464,"3_lmer_naive",-0.541180617594227,0.54217753982609,0.263129806489067,0,0,0.933761993761756,0.780626293093904
464,"4_blimp_lmc_noaux",-0.5429,0.5415,0.2408,0,0,0.96,0.781
464,"5_blimp_omc_aux",-0.0311,0.437,0.5203,1,1,1.1925,1.0511
464,"6_blimp_rescue",-0.0015,0.3991,0.4201,1,1,1.2131,1.02
465,"1_lmer_complete",-0.128590123283546,0.408370633944563,0.565923716415741,1,1,0.864723707900984,0.994357919145198
465,"2_blimp_complete",-0.1154,0.4084,0.5623,1,1,0.891,0.9951
465,"3_lmer_naive",-0.652525332368573,0.496803732486192,0.46258905756839,0,1,0.705418844780948,0.77714952908251
465,"4_blimp_lmc_noaux",-0.6423,0.4969,0.4557,0,1,0.7294,0.7779
465,"5_blimp_omc_aux",-0.1351,0.3866,0.6116,1,1,0.8802,1.034
465,"6_blimp_rescue",-0.1124,0.3516,0.5335,0,1,0.899,0.9995
466,"1_lmer_complete",0.138334963183538,0.400369006501852,0.617458661788142,1,1,1.33157199891195,0.943882465442112
466,"2_blimp_complete",0.1291,0.4004,0.6174,1,1,1.3654,0.9448
466,"3_lmer_naive",-0.391134405503873,0.516532229927601,0.400592515042743,0,0,1.09161539314874,0.751673242502859
466,"4_blimp_lmc_noaux",-0.3883,0.5159,0.3969,0,1,1.1272,0.7526
466,"5_blimp_omc_aux",0.12,0.4349,0.671,1,1,1.3384,0.9726
466,"6_blimp_rescue",0.1353,0.3968,0.5516,1,1,1.357,0.9345
467,"1_lmer_complete",-0.0306980757484724,0.396698245290506,0.6571166558159,1,1,0.900734770557616,0.981271971269027
467,"2_blimp_complete",-0.0587,0.3964,0.656,1,1,0.9219,0.9818
467,"3_lmer_naive",-0.556446277049784,0.509870521329233,0.536356684914009,0,1,0.758900912950801,0.806228626681104
467,"4_blimp_lmc_noaux",-0.565,0.5098,0.534,0,1,0.7812,0.8076
467,"5_blimp_omc_aux",-0.0412,0.4134,0.7637,1,1,0.9196,1.0575
467,"6_blimp_rescue",0.0317,0.3811,0.7434,1,1,0.9637,1.0278
468,"1_lmer_complete",0.00127486276694913,0.372527281471426,0.576181965269826,1,1,0.944969243864653,0.986915984911145
468,"2_blimp_complete",0.0094,0.3727,0.5925,1,1,0.9754,0.9874
468,"3_lmer_naive",-0.524944621053974,0.516696582320247,0.428700878074232,0,1,0.773468573685293,0.752805282541093
468,"4_blimp_lmc_noaux",-0.5351,0.5172,0.4226,0,1,0.797,0.7535
468,"5_blimp_omc_aux",-0.0529,0.4121,0.6339,1,1,0.9334,1.0184
468,"6_blimp_rescue",0.0088,0.3781,0.5963,1,1,0.9703,0.9912
469,"1_lmer_complete",-0.0865755446746072,0.397391629265132,0.642680145823974,1,1,0.981536390395954,0.966301756356027
469,"2_blimp_complete",-0.0839,0.3976,0.6471,1,1,1.0058,0.9669
469,"3_lmer_naive",-0.621958857429352,0.53394479841179,0.563948040756287,0,1,0.721060778375178,0.744007644429135
469,"4_blimp_lmc_noaux",-0.6342,0.5336,0.5667,0,1,0.7384,0.7445
469,"5_blimp_omc_aux",-0.139,0.4321,0.7227,1,1,1.0252,0.9834
469,"6_blimp_rescue",-0.0927,0.397,0.6414,1,1,1.0686,0.9492
470,"1_lmer_complete",0.0671438312629286,0.403911230957958,0.655177530264368,1,1,0.841396775806186,1.01905227346561
470,"2_blimp_complete",0.0629,0.404,0.657,1,1,0.8635,1.0197
470,"3_lmer_naive",-0.45953179706569,0.521349956701977,0.425533236896329,0,0,0.760030840201344,0.767208139934004
470,"4_blimp_lmc_noaux",-0.47,0.5217,0.4102,0,0,0.7804,0.7679
470,"5_blimp_omc_aux",0.032,0.4231,0.6565,1,1,0.8568,1.0295
470,"6_blimp_rescue",0.0949,0.3846,0.6041,1,1,0.8719,0.9941
471,"1_lmer_complete",0.0836023505851823,0.382082597513014,0.553437230319302,1,1,0.903059483863295,1.00035482086096
471,"2_blimp_complete",0.0681,0.3822,0.5645,1,1,0.932,1.0012
471,"3_lmer_naive",-0.408027138706904,0.527645188391185,0.447906982996955,0,1,0.714695656993596,0.782676724072027
471,"4_blimp_lmc_noaux",-0.4012,0.5289,0.4233,0,1,0.731,0.7837
471,"5_blimp_omc_aux",0.048,0.4078,0.6475,1,1,0.8877,1.0644
471,"6_blimp_rescue",0.1323,0.3763,0.5614,1,1,0.9062,1.0321
472,"1_lmer_complete",-0.130944435603376,0.39789778251007,0.525450095260037,1,1,1.0961231221997,0.989577261635982
472,"2_blimp_complete",-0.1389,0.3982,0.5175,1,1,1.1293,0.9901
472,"3_lmer_naive",-0.629903732586293,0.523391193421209,0.406608414495604,0,0,0.828914409897085,0.779268837581244
472,"4_blimp_lmc_noaux",-0.6402,0.5237,0.3987,0,0,0.8489,0.7795
472,"5_blimp_omc_aux",-0.1701,0.4309,0.6407,1,1,1.0837,1.0033
472,"6_blimp_rescue",-0.134,0.3995,0.5488,1,1,1.126,0.9765
473,"1_lmer_complete",0.0192025424201988,0.394640705165303,0.733481389359025,1,1,0.88652904893046,1.02776340562038
473,"2_blimp_complete",0.0124,0.3947,0.7491,1,1,0.9049,1.0283
473,"3_lmer_naive",-0.555505402100621,0.534599119986833,0.573909563945615,0,1,0.753918167798031,0.778278730793478
473,"4_blimp_lmc_noaux",-0.555,0.535,0.5682,0,1,0.7747,0.7789
473,"5_blimp_omc_aux",-0.0664,0.4164,0.7999,1,0,0.9295,1.0576
473,"6_blimp_rescue",0.0525,0.3818,0.7953,1,1,0.9963,1.0294
474,"1_lmer_complete",0.0738716796006686,0.406543453107655,0.584381812526913,1,1,1.03354080917101,1.02554660782616
474,"2_blimp_complete",0.0684,0.4062,0.5697,1,1,1.0619,1.0262
474,"3_lmer_naive",-0.501635335269979,0.536122327081393,0.465323668713918,0,1,0.749121294897286,0.80487332620319
474,"4_blimp_lmc_noaux",-0.4973,0.5362,0.4723,0,1,0.7686,0.8054
474,"5_blimp_omc_aux",0.0606,0.4468,0.6607,1,1,1.08,1.0805
474,"6_blimp_rescue",0.0919,0.3963,0.5758,1,1,1.0933,1.0378
475,"1_lmer_complete",0.168436246407841,0.424797126295459,0.681173873038381,1,1,1.10085942531841,0.973515389851715
475,"2_blimp_complete",0.1636,0.4248,0.685,1,1,1.1339,0.9741
475,"3_lmer_naive",-0.408104212088987,0.575753422628414,0.539505759185945,0,1,0.845473878485228,0.770625491778018
475,"4_blimp_lmc_noaux",-0.3957,0.5761,0.5303,0,1,0.8703,0.7718
475,"5_blimp_omc_aux",0.1255,0.4847,0.7228,0,1,1.1213,1.0349
475,"6_blimp_rescue",0.1887,0.45,0.6661,0,1,1.1669,1.007
476,"1_lmer_complete",0.139363174803679,0.397537003130337,0.586711634850799,1,1,0.833836154266073,1.01885453048334
476,"2_blimp_complete",0.1379,0.3974,0.5762,1,1,0.859,1.0193
476,"3_lmer_naive",-0.414490446943781,0.545441554200011,0.441086034255937,0,0,0.696721122436074,0.776148009054308
476,"4_blimp_lmc_noaux",-0.4201,0.5452,0.4347,0,0,0.7183,0.7767
476,"5_blimp_omc_aux",0.0961,0.4441,0.6607,1,1,0.8696,1.0458
476,"6_blimp_rescue",0.1352,0.4048,0.6257,1,1,0.882,1.0088
477,"1_lmer_complete",-0.124621276705024,0.409501508544093,0.617262306774807,1,1,1.25079227907311,0.965958797694063
477,"2_blimp_complete",-0.1441,0.4097,0.6396,1,1,1.2855,0.9666
477,"3_lmer_naive",-0.643108190237859,0.521344205239354,0.478604971883358,0,1,1.00993990259824,0.749426632357303
477,"4_blimp_lmc_noaux",-0.6422,0.5214,0.4816,0,1,1.0371,0.7504
477,"5_blimp_omc_aux",-0.1756,0.4444,0.6855,0,1,1.2675,0.9715
477,"6_blimp_rescue",-0.1209,0.4031,0.6109,1,1,1.2849,0.9386
478,"1_lmer_complete",0.0457931569712386,0.385843259972092,0.601104682254296,1,1,1.06772962927779,1.07571392641102
478,"2_blimp_complete",0.0496,0.3857,0.5889,1,1,1.0995,1.0765
478,"3_lmer_naive",-0.511388453894304,0.536080816454315,0.454158079957765,0,1,0.847288352253294,0.820829463579024
478,"4_blimp_lmc_noaux",-0.5312,0.5357,0.4609,0,1,0.8726,0.8217
478,"5_blimp_omc_aux",0.0326,0.4287,0.7044,1,1,1.1588,1.1401
478,"6_blimp_rescue",0.086,0.3858,0.6655,1,1,1.1929,1.1021
479,"1_lmer_complete",0.131604054639873,0.409157674335549,0.59521289043672,1,1,0.961390562029562,1.01975454523853
479,"2_blimp_complete",0.1409,0.4094,0.6193,1,1,0.9872,1.02
479,"3_lmer_naive",-0.439743261730174,0.574489964652204,0.423556556744238,0,0,0.805992903269943,0.773352737818103
479,"4_blimp_lmc_noaux",-0.4379,0.5742,0.4125,0,0,0.8336,0.7746
479,"5_blimp_omc_aux",0.0958,0.478,0.62,0,1,0.9339,1.0681
479,"6_blimp_rescue",0.1351,0.4417,0.5982,1,1,0.9674,1.046
480,"1_lmer_complete",-0.013594067370208,0.402638686821935,0.655168167871657,1,1,1.16336212728253,1.02321711719571
480,"2_blimp_complete",-0.0274,0.4026,0.6591,1,1,1.199,1.0236
480,"3_lmer_naive",-0.582840998416165,0.532652609188207,0.464632041103518,0,1,0.908268873365963,0.810442575350122
480,"4_blimp_lmc_noaux",-0.5913,0.5324,0.4632,0,1,0.9359,0.8114
480,"5_blimp_omc_aux",-0.0502,0.443,0.6975,1,1,1.1439,1.0958
480,"6_blimp_rescue",-0.0015,0.4004,0.6161,1,1,1.1713,1.0635
481,"1_lmer_complete",-0.073460197294958,0.377472457706841,0.631665261663213,1,1,0.767442379309044,1.02193303897531
481,"2_blimp_complete",-0.0707,0.377,0.6382,1,1,0.7888,1.0229
481,"3_lmer_naive",-0.610783913405175,0.520015865139807,0.461065032393133,0,1,0.569403290768755,0.786648764934622
481,"4_blimp_lmc_noaux",-0.6143,0.5206,0.4507,0,1,0.5853,0.7875
481,"5_blimp_omc_aux",-0.1136,0.3997,0.6631,1,1,0.7728,1.0626
481,"6_blimp_rescue",-0.0658,0.3736,0.6115,1,1,0.7953,1.0374
482,"1_lmer_complete",-0.168050805411163,0.389984859800886,0.635444404858507,1,1,0.79683905655504,0.991081139292058
482,"2_blimp_complete",-0.1684,0.3901,0.6277,1,1,0.8204,0.9915
482,"3_lmer_naive",-0.717824951559151,0.537853549446681,0.435299550407203,0,0,0.66086302731119,0.775542562563019
482,"4_blimp_lmc_noaux",-0.7091,0.5379,0.4267,0,0,0.6801,0.7764
482,"5_blimp_omc_aux",-0.221,0.4437,0.6718,0,1,0.7671,1.0152
482,"6_blimp_rescue",-0.2014,0.4104,0.6318,1,1,0.7841,0.9864
483,"1_lmer_complete",-0.0764545205270622,0.412317403228746,0.504431827030927,1,1,0.884828160519604,1.05250054248414
483,"2_blimp_complete",-0.093,0.4122,0.505,1,1,0.9092,1.0528
483,"3_lmer_naive",-0.594261896642557,0.539562390713627,0.400518293951189,0,0,0.819220185228024,0.791235211259649
483,"4_blimp_lmc_noaux",-0.5835,0.5402,0.3773,0,0,0.8366,0.7919
483,"5_blimp_omc_aux",-0.0914,0.4169,0.5949,1,1,0.9992,1.0668
483,"6_blimp_rescue",-0.0245,0.3926,0.5641,1,1,1.0621,1.0462
484,"1_lmer_complete",0.0625578911035761,0.405453299038135,0.582078982615801,1,1,0.907201682746478,0.985301189820167
484,"2_blimp_complete",0.0453,0.4057,0.5552,1,1,0.9333,0.9861
484,"3_lmer_naive",-0.439012246896132,0.537658216169926,0.432365707543336,0,0,0.780270211490475,0.75445561095485
484,"4_blimp_lmc_noaux",-0.4493,0.5377,0.4293,0,1,0.8013,0.7551
484,"5_blimp_omc_aux",0.0186,0.4282,0.6292,1,1,0.9097,1.0043
484,"6_blimp_rescue",0.0568,0.3992,0.5929,1,1,0.924,0.9807
485,"1_lmer_complete",-0.0899004852779979,0.384340500747617,0.625175302758731,1,1,1.33714409674011,1.00313378430851
485,"2_blimp_complete",-0.0919,0.3843,0.6443,1,1,1.3698,1.0036
485,"3_lmer_naive",-0.640663079765466,0.527045334281202,0.424947050928673,0,0,1.00547020645733,0.788667228427867
485,"4_blimp_lmc_noaux",-0.6453,0.5264,0.4223,0,1,1.0341,0.7892
485,"5_blimp_omc_aux",-0.1383,0.4384,0.6371,1,1,1.3046,1.0288
485,"6_blimp_rescue",-0.1159,0.3996,0.5844,1,1,1.3286,0.9938
486,"1_lmer_complete",0.108773525546461,0.406721926493654,0.471459627766423,1,1,1.09879056834304,0.948676291624619
486,"2_blimp_complete",0.1192,0.407,0.4665,1,1,1.1252,0.949
486,"3_lmer_naive",-0.338013105139546,0.56298148246449,0.366199606584016,0,0,0.92461618775408,0.748552837338852
486,"4_blimp_lmc_noaux",-0.3402,0.5625,0.3581,0,0,0.9443,0.749
486,"5_blimp_omc_aux",0.1147,0.4656,0.5667,0,1,1.1607,1.0172
486,"6_blimp_rescue",0.1528,0.4349,0.458,1,1,1.1493,0.994
487,"1_lmer_complete",0.142779935070903,0.392123782400168,0.501059367931299,1,1,1.10479795057272,0.976546748245631
487,"2_blimp_complete",0.1535,0.3919,0.5217,1,1,1.1365,0.9772
487,"3_lmer_naive",-0.401182999794675,0.544039195499044,0.425334836442835,0,0,0.784715637731288,0.775767036192373
487,"4_blimp_lmc_noaux",-0.3946,0.5442,0.4197,0,0,0.8008,0.776
487,"5_blimp_omc_aux",0.1183,0.4553,0.5901,0,1,1.0799,1.014
487,"6_blimp_rescue",0.1513,0.4235,0.5221,1,1,1.1119,0.989
488,"1_lmer_complete",0.106023948215059,0.416167731132989,0.732995106592412,1,1,1.06230011657307,1.01591063004684
488,"2_blimp_complete",0.1122,0.4161,0.7461,1,1,1.0922,1.0161
488,"3_lmer_naive",-0.454074919134254,0.58082236123163,0.572224959637814,0,1,0.789361230800628,0.786166780900672
488,"4_blimp_lmc_noaux",-0.4604,0.5811,0.5752,0,1,0.8138,0.7863
488,"5_blimp_omc_aux",0.0225,0.4898,0.7922,0,1,1.0194,1.0477
488,"6_blimp_rescue",0.1058,0.4557,0.6963,0,1,1.0633,1.025
489,"1_lmer_complete",0.00301199861077609,0.390999421990452,0.560223231995824,1,1,0.846300295923662,1.01026746206365
489,"2_blimp_complete",0.011,0.3911,0.5672,1,1,0.8688,1.0108
489,"3_lmer_naive",-0.535324157532101,0.541028290514049,0.334912522622085,0,0,0.707182413835602,0.813002291098941
489,"4_blimp_lmc_noaux",-0.5365,0.5408,0.3105,0,0,0.728,0.8135
489,"5_blimp_omc_aux",0.0034,0.4599,0.5925,0,1,0.8675,1.0746
489,"6_blimp_rescue",-0.0064,0.4168,0.5292,1,1,0.8639,1.0393
490,"1_lmer_complete",-0.0578374238341832,0.384337527028173,0.596624895731427,1,1,1.15698291182398,0.969110685646511
490,"2_blimp_complete",-0.0662,0.3845,0.6207,1,1,1.1859,0.9694
490,"3_lmer_naive",-0.582361277237674,0.501352500480567,0.456106238327633,0,1,0.882076231179472,0.770382997427299
490,"4_blimp_lmc_noaux",-0.5858,0.5014,0.4489,0,1,0.9054,0.771
490,"5_blimp_omc_aux",-0.0953,0.4195,0.6402,1,1,1.1283,0.9909
490,"6_blimp_rescue",-0.0702,0.3794,0.5794,1,1,1.1562,0.9592
491,"1_lmer_complete",-0.0190987834636261,0.417468868819554,0.665195339634909,1,1,1.09511050205826,0.98102835026492
491,"2_blimp_complete",-0.0121,0.4173,0.6962,1,1,1.1233,0.9817
491,"3_lmer_naive",-0.562738216696209,0.535525656744858,0.509013534348981,0,1,0.86751968231699,0.779767170609698
491,"4_blimp_lmc_noaux",-0.5609,0.5354,0.5051,0,1,0.8941,0.7805
491,"5_blimp_omc_aux",-0.0957,0.4428,0.7274,0,1,1.0782,1.0157
491,"6_blimp_rescue",-0.0321,0.4121,0.6923,1,1,1.0985,0.9908
492,"1_lmer_complete",-0.164747732825298,0.388961541879146,0.571942883981769,1,1,1.15909119673958,1.00990149823514
492,"2_blimp_complete",-0.158,0.3892,0.5852,1,1,1.1853,1.0106
492,"3_lmer_naive",-0.686306334772412,0.524671657813988,0.435030623746052,0,1,0.996025087445682,0.77060970765498
492,"4_blimp_lmc_noaux",-0.6983,0.5247,0.4403,0,1,1.0233,0.7711
492,"5_blimp_omc_aux",-0.1972,0.4127,0.6257,1,1,1.1813,1.0339
492,"6_blimp_rescue",-0.1755,0.3871,0.5812,1,1,1.1985,1.0103
493,"1_lmer_complete",0.0543628438463283,0.404871868157188,0.512352522810114,1,1,1.06862666163693,0.996817298860142
493,"2_blimp_complete",0.0481,0.4051,0.4992,1,1,1.0984,0.9969
493,"3_lmer_naive",-0.470498341051118,0.512557305612066,0.362963244777977,0,0,0.804817939875709,0.757339844299185
493,"4_blimp_lmc_noaux",-0.4633,0.5127,0.3458,0,0,0.8275,0.7585
493,"5_blimp_omc_aux",0.0258,0.4206,0.5494,1,1,1.0593,0.9939
493,"6_blimp_rescue",0.0627,0.3882,0.4742,1,1,1.0641,0.9707
494,"1_lmer_complete",0.153222765898568,0.399104692679858,0.65763243576028,1,1,1.25031719447799,1.01452190370878
494,"2_blimp_complete",0.1506,0.399,0.6574,1,1,1.2833,1.0151
494,"3_lmer_naive",-0.469997836260349,0.53679267462578,0.398050548558251,0,0,1.00484413525833,0.766281534155397
494,"4_blimp_lmc_noaux",-0.4747,0.5363,0.3988,0,0,1.0394,0.7669
494,"5_blimp_omc_aux",0.0817,0.4373,0.6388,1,1,1.2044,1.0405
494,"6_blimp_rescue",0.1571,0.3986,0.6562,1,1,1.2638,1.0144
495,"1_lmer_complete",-0.090404601674993,0.398348891924017,0.496176217511828,1,1,1.08343717890621,0.990641192656011
495,"2_blimp_complete",-0.0945,0.3985,0.5056,1,1,1.1164,0.991
495,"3_lmer_naive",-0.583792504633377,0.523016876643284,0.297223668415186,0,0,0.888436448048197,0.803205109166355
495,"4_blimp_lmc_noaux",-0.5657,0.5233,0.2679,0,0,0.9049,0.8039
495,"5_blimp_omc_aux",-0.0747,0.4443,0.5488,0,1,1.1469,1.0391
495,"6_blimp_rescue",-0.0949,0.4082,0.4924,1,1,1.1534,1.0094
496,"1_lmer_complete",-0.0205409033239679,0.388625995337811,0.76695859699677,1,1,0.887285622680561,0.988048700801315
496,"2_blimp_complete",-0.0415,0.3885,0.7716,1,1,0.9111,0.9883
496,"3_lmer_naive",-0.561340695675648,0.525777291073835,0.530194164539349,0,1,0.715326061569154,0.788605346276926
496,"4_blimp_lmc_noaux",-0.5575,0.5264,0.5317,0,1,0.7379,0.7894
496,"5_blimp_omc_aux",-0.1076,0.4236,0.8088,1,0,0.8838,1.0389
496,"6_blimp_rescue",-0.0174,0.3893,0.7861,1,1,0.9334,1.0108
497,"1_lmer_complete",-0.178590298371461,0.387160205185072,0.654186320972889,1,1,0.900246111283068,0.950176123644761
497,"2_blimp_complete",-0.1877,0.3874,0.6553,1,1,0.9185,0.9507
497,"3_lmer_naive",-0.68036209398758,0.527118019728011,0.517150877751969,0,1,0.722232578205262,0.744941172862415
497,"4_blimp_lmc_noaux",-0.6724,0.5272,0.5165,0,1,0.7409,0.7459
497,"5_blimp_omc_aux",-0.2177,0.4379,0.6916,1,1,0.8917,0.9779
497,"6_blimp_rescue",-0.1678,0.4102,0.6359,1,1,0.9102,0.9593
498,"1_lmer_complete",-0.18433924075047,0.383904207971021,0.579967448818624,1,1,0.885952292868445,1.02084921757583
498,"2_blimp_complete",-0.179,0.384,0.5657,1,1,0.9112,1.0213
498,"3_lmer_naive",-0.703406373340746,0.506379055880886,0.432480140298785,0,0,0.653304042285051,0.819368843943129
498,"4_blimp_lmc_noaux",-0.7082,0.5067,0.4254,0,1,0.6746,0.8202
498,"5_blimp_omc_aux",-0.1949,0.3974,0.6528,1,1,0.8488,1.0859
498,"6_blimp_rescue",-0.1256,0.3632,0.6172,1,1,0.8835,1.0584
499,"1_lmer_complete",0.0280565905941769,0.410217711847657,0.506164398909235,1,1,1.0137523985404,1.00713088787321
499,"2_blimp_complete",0.0174,0.4101,0.485,1,1,1.0444,1.0082
499,"3_lmer_naive",-0.490650278862239,0.563217788113733,0.365283809262151,0,0,0.751224095554747,0.787915737766252
499,"4_blimp_lmc_noaux",-0.4844,0.5633,0.3525,0,0,0.7732,0.7884
499,"5_blimp_omc_aux",0.0464,0.4701,0.5771,0,1,1.0835,1.0504
499,"6_blimp_rescue",0.0473,0.4342,0.4903,1,1,1.0856,1.0267
500,"1_lmer_complete",0.0198174999275533,0.404177280408611,0.472700707697999,1,1,0.798205801504112,1.00362630195545
500,"2_blimp_complete",0.0228,0.4043,0.4554,1,1,0.8208,1.0041
500,"3_lmer_naive",-0.47738267547373,0.54190255063936,0.300340628218504,0,0,0.740806220357414,0.776193306413498
500,"4_blimp_lmc_noaux",-0.4846,0.5418,0.2844,0,0,0.7595,0.7767
500,"5_blimp_omc_aux",0.0349,0.4268,0.5286,1,1,0.8617,1.0644
500,"6_blimp_rescue",0.0278,0.3973,0.4763,1,1,0.8792,1.0369
501,"1_lmer_complete",-0.0656281308392494,0.399685826788426,0.582705785891035,1,1,1.20647960019259,1.02182389937833
501,"2_blimp_complete",-0.0786,0.3998,0.5818,1,1,1.2388,1.0225
501,"3_lmer_naive",-0.598373621151235,0.548404474400961,0.466264418438854,0,1,0.986329641632908,0.815633042497106
501,"4_blimp_lmc_noaux",-0.589,0.5484,0.4517,0,1,1.0132,0.8166
501,"5_blimp_omc_aux",-0.0889,0.4548,0.6489,0,1,1.244,1.093
501,"6_blimp_rescue",-0.0356,0.4151,0.6001,1,1,1.2677,1.0578
502,"1_lmer_complete",-0.0535605394738963,0.400639108937125,0.583045593870024,1,1,0.941757747523184,1.00772398545187
502,"2_blimp_complete",-0.0446,0.4005,0.5908,1,1,0.968,1.0085
502,"3_lmer_naive",-0.580751825002427,0.535200420581206,0.410220747840937,0,0,0.704121649551841,0.787215936578739
502,"4_blimp_lmc_noaux",-0.5784,0.5353,0.3908,0,0,0.723,0.7875
502,"5_blimp_omc_aux",-0.0709,0.439,0.6383,1,1,0.9111,1.0628
502,"6_blimp_rescue",-0.0412,0.3972,0.5535,1,1,0.9231,1.0259
503,"1_lmer_complete",0.232719449738336,0.410257629464333,0.627541200963796,1,1,1.16327562408721,0.970946043679844
503,"2_blimp_complete",0.2328,0.4097,0.6281,1,1,1.1939,0.9713
503,"3_lmer_naive",-0.274725178790775,0.546067023587943,0.482830492038642,0,1,0.995555382879654,0.746784250187907
503,"4_blimp_lmc_noaux",-0.2748,0.5462,0.4867,0,1,1.0276,0.7475
503,"5_blimp_omc_aux",0.189,0.4504,0.6595,0,1,1.1268,0.9944
503,"6_blimp_rescue",0.2527,0.4196,0.6439,1,1,1.1511,0.9726
504,"1_lmer_complete",0.000454912982288168,0.404787240565779,0.655637442175285,1,1,0.982263385399286,1.02912059854047
504,"2_blimp_complete",0.0112,0.4051,0.6697,1,1,1.0123,1.0293
504,"3_lmer_naive",-0.563805956672077,0.520355880226132,0.441746350757954,0,0,0.845427675954104,0.815575555117039
504,"4_blimp_lmc_noaux",-0.5647,0.5203,0.4409,0,0,0.8723,0.8161
504,"5_blimp_omc_aux",-0.0201,0.4345,0.6742,1,1,0.9962,1.0825
504,"6_blimp_rescue",0.0234,0.3913,0.6704,1,1,1.0394,1.0475
505,"1_lmer_complete",-0.0114831409896729,0.396574051454534,0.693744487109827,1,1,0.760793778177191,0.979492414155827
505,"2_blimp_complete",-0.0017,0.3963,0.7081,1,1,0.7843,0.9803
505,"3_lmer_naive",-0.577102687959833,0.549166495066928,0.496016868270006,0,1,0.531704533992479,0.75911082110438
505,"4_blimp_lmc_noaux",-0.5756,0.5493,0.487,0,1,0.5476,0.7597
505,"5_blimp_omc_aux",-0.0421,0.4418,0.7107,1,1,0.7508,1.0446
505,"6_blimp_rescue",0.0033,0.3998,0.656,1,1,0.7664,1.0081
506,"1_lmer_complete",-0.0569354921037857,0.387174787595369,0.557305024735891,1,1,1.10124091857725,0.994694435055906
506,"2_blimp_complete",-0.0868,0.387,0.5704,1,1,1.129,0.9952
506,"3_lmer_naive",-0.604795363432426,0.516142210380124,0.423743625728895,0,0,0.794117744530573,0.78433843264461
506,"4_blimp_lmc_noaux",-0.5962,0.517,0.4091,0,0,0.8108,0.7851
506,"5_blimp_omc_aux",-0.0985,0.409,0.668,1,1,1.0536,1.0528
506,"6_blimp_rescue",-0.0305,0.3726,0.5724,1,1,1.1059,1.0193
507,"1_lmer_complete",-0.0513707628905942,0.384966262252403,0.66282997557578,1,1,0.998754426323715,1.0048132528649
507,"2_blimp_complete",-0.0488,0.385,0.6745,1,1,1.0258,1.0048
507,"3_lmer_naive",-0.599316922527425,0.513987973152517,0.454661174388137,0,1,0.818924664127786,0.808842163576014
507,"4_blimp_lmc_noaux",-0.6062,0.5138,0.4623,0,1,0.8441,0.8095
507,"5_blimp_omc_aux",-0.1078,0.4246,0.6948,1,1,1.0285,1.0528
507,"6_blimp_rescue",-0.0288,0.3916,0.6708,1,1,1.0676,1.0271
508,"1_lmer_complete",-0.0587368134248392,0.393600375519173,0.740310801242082,1,1,0.99228791065203,0.995552744729291
508,"2_blimp_complete",-0.0554,0.3934,0.7269,1,1,1.0159,0.996
508,"3_lmer_naive",-0.648398398234575,0.537312147185135,0.534421044798254,0,1,0.78895663446989,0.768487644774581
508,"4_blimp_lmc_noaux",-0.6567,0.5372,0.5395,0,1,0.8139,0.769
508,"5_blimp_omc_aux",-0.1468,0.4498,0.7713,0,1,0.9437,1.0034
508,"6_blimp_rescue",-0.0783,0.4163,0.7607,1,1,0.981,0.9815
509,"1_lmer_complete",-0.0775241075595262,0.398092336426104,0.6052261265051,1,1,0.95270139242563,1.00256437586337
509,"2_blimp_complete",-0.0778,0.3982,0.6332,1,1,0.9828,1.003
509,"3_lmer_naive",-0.618054440114807,0.51838789573927,0.454205279297194,0,1,0.78496716804817,0.75942503176512
509,"4_blimp_lmc_noaux",-0.6205,0.5185,0.4513,0,1,0.8097,0.7606
509,"5_blimp_omc_aux",-0.1358,0.4276,0.6643,1,1,0.9837,0.9945
509,"6_blimp_rescue",-0.0865,0.3889,0.6193,1,1,1.0148,0.9611
510,"1_lmer_complete",-0.193704349747667,0.413743253432451,0.691276184419091,1,1,0.975129188844323,1.03484996510196
510,"2_blimp_complete",-0.2044,0.4135,0.6978,1,1,0.9979,1.0359
510,"3_lmer_naive",-0.704153776136656,0.554874439975284,0.558082465140364,0,1,0.79464175435422,0.819586050831071
510,"4_blimp_lmc_noaux",-0.7117,0.5549,0.5623,0,1,0.8181,0.82
510,"5_blimp_omc_aux",-0.2367,0.4578,0.7444,0,1,0.9909,1.0702
510,"6_blimp_rescue",-0.18,0.4277,0.6858,1,1,1.0163,1.0443
511,"1_lmer_complete",-0.0747088090779824,0.395350056460154,0.496323709398346,1,1,0.714570326558975,0.968254246427566
511,"2_blimp_complete",-0.0704,0.3955,0.4971,1,1,0.7335,0.969
511,"3_lmer_naive",-0.597672951665211,0.518854738826456,0.350619132949847,0,0,0.59356699161749,0.764243192498072
511,"4_blimp_lmc_noaux",-0.6044,0.5184,0.3437,0,0,0.6124,0.7649
511,"5_blimp_omc_aux",-0.0945,0.431,0.5868,1,1,0.7469,1.009
511,"6_blimp_rescue",-0.0475,0.3891,0.5149,1,1,0.7566,0.9781
512,"1_lmer_complete",-0.0747125308350837,0.416061692680277,0.559659852948129,1,1,0.885133249406706,0.962621081780074
512,"2_blimp_complete",-0.0816,0.416,0.5707,1,1,0.9082,0.9632
512,"3_lmer_naive",-0.553627788056564,0.528167299118356,0.382545049198494,0,0,0.795435848450702,0.77304901010738
512,"4_blimp_lmc_noaux",-0.543,0.5278,0.363,0,0,0.8176,0.7737
512,"5_blimp_omc_aux",-0.0626,0.436,0.6218,1,1,0.8861,1.0134
512,"6_blimp_rescue",-0.0314,0.4049,0.584,1,1,0.9052,0.9876
513,"1_lmer_complete",-0.10240813673644,0.409171775048717,0.641955661852596,1,1,0.682617975302935,0.999253264259986
513,"2_blimp_complete",-0.0938,0.4092,0.6513,1,1,0.7013,0.9995
513,"3_lmer_naive",-0.615094255786459,0.536152767905094,0.484685383315136,0,1,0.509092353108965,0.787243283168886
513,"4_blimp_lmc_noaux",-0.6131,0.5365,0.4739,0,1,0.5255,0.7878
513,"5_blimp_omc_aux",-0.1225,0.4449,0.6997,0,1,0.6879,1.036
513,"6_blimp_rescue",-0.0673,0.4142,0.6773,1,1,0.7117,1.0091
514,"1_lmer_complete",0.0665915682478252,0.405542772344642,0.60335041246375,1,1,1.13784563173852,1.00103704258318
514,"2_blimp_complete",0.0699,0.4055,0.5942,1,1,1.1727,1.0012
514,"3_lmer_naive",-0.509884083781004,0.540530119455596,0.425189697383284,0,0,1.03755880269697,0.76959045127003
514,"4_blimp_lmc_noaux",-0.5296,0.5406,0.4233,0,0,1.0666,0.7703
514,"5_blimp_omc_aux",0.0652,0.45,0.6443,0,1,1.2082,1.0374
514,"6_blimp_rescue",0.099,0.4103,0.6353,1,1,1.2305,1.0038
515,"1_lmer_complete",-0.1640778734027,0.395792719015654,0.48976139635027,1,1,1.36907353228501,0.963311892873001
515,"2_blimp_complete",-0.17,0.3958,0.4998,1,1,1.4089,0.9637
515,"3_lmer_naive",-0.664098849198194,0.517212949495906,0.309464769450109,0,0,1.11252191842795,0.751992912572174
515,"4_blimp_lmc_noaux",-0.697,0.5172,0.3189,0,0,1.1417,0.7529
515,"5_blimp_omc_aux",-0.208,0.4276,0.5169,1,1,1.3929,0.9736
515,"6_blimp_rescue",-0.1946,0.3916,0.4482,1,1,1.4179,0.9436
516,"1_lmer_complete",0.0910609266452019,0.371142189504036,0.600909759924186,0,1,1.00847554866527,0.993289956714751
516,"2_blimp_complete",0.0878,0.3711,0.63,0,1,1.035,0.9937
516,"3_lmer_naive",-0.4697686798176,0.517593812469012,0.445996297969923,0,1,0.773604401464575,0.759470708325559
516,"4_blimp_lmc_noaux",-0.4722,0.5175,0.4441,0,1,0.7936,0.7604
516,"5_blimp_omc_aux",0.0485,0.4075,0.6703,1,1,1.0038,1.0525
516,"6_blimp_rescue",0.1188,0.3679,0.6264,1,1,1.0473,1.0241
517,"1_lmer_complete",-0.0226101903071611,0.399604581417772,0.510150888915952,1,1,1.26993714437397,1.015078642951
517,"2_blimp_complete",-0.0336,0.3997,0.5101,1,1,1.3031,1.0155
517,"3_lmer_naive",-0.527151037524361,0.554426866913295,0.378849134499712,0,0,1.05043549883749,0.749484232576815
517,"4_blimp_lmc_noaux",-0.5208,0.5551,0.3414,0,0,1.0739,0.7499
517,"5_blimp_omc_aux",-0.0689,0.4437,0.5782,0,1,1.3156,1.0124
517,"6_blimp_rescue",-0.0247,0.4133,0.5366,1,1,1.3655,0.9884
518,"1_lmer_complete",0.193845374853668,0.419194020281233,0.654825428812943,1,1,0.929455055940165,0.997103105999577
518,"2_blimp_complete",0.1863,0.4193,0.6743,1,1,0.9574,0.9977
518,"3_lmer_naive",-0.378536116155893,0.552454312666351,0.477712761361846,0,1,0.700117552570083,0.786381404567541
518,"4_blimp_lmc_noaux",-0.3844,0.5532,0.4526,0,1,0.7192,0.7873
518,"5_blimp_omc_aux",0.2069,0.4444,0.6711,1,1,0.9593,1.089
518,"6_blimp_rescue",0.2415,0.4065,0.5992,1,1,0.9986,1.0589
519,"1_lmer_complete",0.132283167267415,0.420139872495285,0.635296837096728,1,1,1.2576348540934,0.977072098118896
519,"2_blimp_complete",0.1156,0.4202,0.6405,1,1,1.2903,0.9774
519,"3_lmer_naive",-0.472578469028547,0.576453620932369,0.495183145093887,0,1,0.86492810261441,0.750442757646659
519,"4_blimp_lmc_noaux",-0.4786,0.5768,0.4581,0,1,0.8899,0.7516
519,"5_blimp_omc_aux",0.0639,0.5,0.7256,0,1,1.1729,0.9908
519,"6_blimp_rescue",0.0743,0.461,0.5939,0,1,1.2169,0.9627
520,"1_lmer_complete",0.147553895103891,0.419497380117097,0.616498713931017,1,1,1.47057657386998,1.01467218968514
520,"2_blimp_complete",0.1608,0.4195,0.6115,1,1,1.5112,1.0154
520,"3_lmer_naive",-0.502441012188383,0.554182035873986,0.441797829400264,0,1,1.06929113281202,0.755281630883206
520,"4_blimp_lmc_noaux",-0.5103,0.5541,0.4205,0,1,1.1029,0.7564
520,"5_blimp_omc_aux",0.0763,0.4714,0.6573,0,1,1.4034,1.0104
520,"6_blimp_rescue",0.0715,0.4293,0.4633,1,1,1.4167,0.9754
521,"1_lmer_complete",-0.0801066009966405,0.413711159638081,0.731130293134283,1,1,0.906645766131311,0.993629202204951
521,"2_blimp_complete",-0.0723,0.4138,0.7336,1,1,0.9325,0.9941
521,"3_lmer_naive",-0.603440881464668,0.526372715845202,0.560248358123519,0,1,0.771219055545829,0.78138473886274
521,"4_blimp_lmc_noaux",-0.5995,0.5268,0.5592,0,1,0.7943,0.7823
521,"5_blimp_omc_aux",-0.0995,0.443,0.7623,0,1,0.9339,1.0223
521,"6_blimp_rescue",-0.0573,0.4085,0.7526,1,1,0.9514,0.9965
522,"1_lmer_complete",-0.118402840436787,0.389732237978395,0.60863505320697,1,1,0.810751274477049,0.983464549048157
522,"2_blimp_complete",-0.1145,0.3898,0.6248,1,1,0.8321,0.9844
522,"3_lmer_naive",-0.66199188632596,0.513088212698225,0.447347948445201,0,0,0.640588529545994,0.749548799006049
522,"4_blimp_lmc_noaux",-0.6655,0.5134,0.4554,0,1,0.658,0.7501
522,"5_blimp_omc_aux",-0.1437,0.4218,0.6897,1,1,0.849,1.0101
522,"6_blimp_rescue",-0.0789,0.3795,0.6315,1,1,0.8778,0.9793
523,"1_lmer_complete",0.0524269754114476,0.39561294697369,0.60287836620299,1,1,0.99703914969303,0.979231963576804
523,"2_blimp_complete",0.0489,0.3954,0.6133,1,1,1.0238,0.9798
523,"3_lmer_naive",-0.460041795470506,0.530255671221902,0.46401469838672,0,1,0.878974510657803,0.756609773079553
523,"4_blimp_lmc_noaux",-0.4604,0.5303,0.4731,0,1,0.9039,0.7571
523,"5_blimp_omc_aux",0.0117,0.4348,0.6747,1,1,1.0016,0.9869
523,"6_blimp_rescue",0.056,0.4044,0.6556,1,1,1.02,0.9626
524,"1_lmer_complete",0.0301230721020483,0.408025128426407,0.556773154914017,1,1,1.00029713932511,0.980493197567765
524,"2_blimp_complete",0.0374,0.4079,0.5705,1,1,1.0268,0.9808
524,"3_lmer_naive",-0.505690447018207,0.542138853195929,0.407098431557597,0,0,0.737360442404174,0.771918430391585
524,"4_blimp_lmc_noaux",-0.5095,0.5417,0.4121,0,0,0.757,0.7724
524,"5_blimp_omc_aux",0.0035,0.4439,0.6515,1,1,1.0736,1.0562
524,"6_blimp_rescue",0.0475,0.4009,0.5476,1,1,1.0769,1.0185
525,"1_lmer_complete",-0.113599530524208,0.397213699740638,0.617008636313491,1,1,0.864626735247878,0.963516106156384
525,"2_blimp_complete",-0.1068,0.397,0.6107,1,1,0.8864,0.9645
525,"3_lmer_naive",-0.632960477541373,0.523262838990416,0.480834874533175,0,1,0.757467837441182,0.761369158761768
525,"4_blimp_lmc_noaux",-0.6272,0.5229,0.4825,0,1,0.7791,0.7618
525,"5_blimp_omc_aux",-0.1555,0.4326,0.6877,1,1,0.8818,1.0184
525,"6_blimp_rescue",-0.0929,0.3957,0.6147,1,1,0.9019,0.9917
526,"1_lmer_complete",-0.0971341932148601,0.400210678640215,0.720719057965138,1,1,0.857949389819416,1.00088923277078
526,"2_blimp_complete",-0.0992,0.4,0.7162,1,1,0.8813,1.0015
526,"3_lmer_naive",-0.64097144949019,0.545330904655916,0.532257079941975,0,1,0.676620871481169,0.774049889242004
526,"4_blimp_lmc_noaux",-0.6468,0.545,0.5295,0,1,0.6973,0.7745
526,"5_blimp_omc_aux",-0.1462,0.4574,0.7409,0,1,0.873,1.0272
526,"6_blimp_rescue",-0.0891,0.4184,0.7271,1,1,0.8933,0.9974
527,"1_lmer_complete",-0.0363235023189323,0.400988535755875,0.60433582717884,1,1,0.941888905510287,1.00944570116545
527,"2_blimp_complete",-0.033,0.4008,0.6126,1,1,0.9712,1.0099
527,"3_lmer_naive",-0.567644141414704,0.552151650128137,0.435371622737931,0,0,0.858844339601829,0.770974046452741
527,"4_blimp_lmc_noaux",-0.5731,0.552,0.4222,0,0,0.8844,0.7715
527,"5_blimp_omc_aux",-0.098,0.4605,0.6767,0,1,0.9773,1.0221
527,"6_blimp_rescue",-0.0639,0.4217,0.6255,1,1,1.0042,0.9916
528,"1_lmer_complete",-0.291388256021659,0.380480662976074,0.524261549314394,1,1,1.29440238016345,0.979748586231295
528,"2_blimp_complete",-0.2782,0.3803,0.5306,1,1,1.3276,0.9801
528,"3_lmer_naive",-0.82520995342593,0.518072624476424,0.419848801809252,0,1,1.04604983418165,0.759529161635771
528,"4_blimp_lmc_noaux",-0.8355,0.5181,0.4248,0,1,1.0824,0.7604
528,"5_blimp_omc_aux",-0.3437,0.4183,0.5877,1,1,1.3378,1.0009
528,"6_blimp_rescue",-0.3436,0.3862,0.5151,1,1,1.3538,0.9724
529,"1_lmer_complete",0.174942474899064,0.404030607348365,0.54316031924436,1,1,0.74457254420924,0.973180125997311
529,"2_blimp_complete",0.1734,0.4041,0.5515,1,1,0.7682,0.9736
529,"3_lmer_naive",-0.382098316363088,0.576259200376636,0.47457707251716,0,1,0.57280333788142,0.720142293945971
529,"4_blimp_lmc_noaux",-0.3823,0.5765,0.4636,0,1,0.5877,0.7207
529,"5_blimp_omc_aux",0.1364,0.4842,0.6683,0,1,0.7618,0.9896
529,"6_blimp_rescue",0.1744,0.4427,0.5944,0,1,0.7614,0.9577
530,"1_lmer_complete",0.141562953005428,0.412928911557535,0.706487952729572,1,1,1.18037743961729,1.01073509567005
530,"2_blimp_complete",0.1305,0.4129,0.7207,1,1,1.208,1.011
530,"3_lmer_naive",-0.488388081046907,0.533904269200366,0.516538061242817,0,1,0.787711032522149,0.798190825861652
530,"4_blimp_lmc_noaux",-0.4904,0.5337,0.524,0,1,0.8115,0.7991
530,"5_blimp_omc_aux",0.0677,0.4388,0.748,1,1,1.0718,1.0766
530,"6_blimp_rescue",0.1279,0.3939,0.6627,1,1,1.1049,1.0283
531,"1_lmer_complete",0.103296661139246,0.406518553961422,0.610530260765598,1,1,0.895051479753434,0.995538651680521
531,"2_blimp_complete",0.0948,0.4065,0.6046,1,1,0.9176,0.9957
531,"3_lmer_naive",-0.426185626041925,0.565584351264513,0.403236998799612,0,0,0.662549848097769,0.778477562089278
531,"4_blimp_lmc_noaux",-0.4261,0.5656,0.4025,0,0,0.6799,0.7794
531,"5_blimp_omc_aux",0.1361,0.4512,0.6508,0,1,0.9031,1.0798
531,"6_blimp_rescue",0.1682,0.415,0.5959,1,1,0.943,1.048
532,"1_lmer_complete",0.00746497932828378,0.375791878098459,0.508986909269513,1,1,1.06256331022331,0.995627165277294
532,"2_blimp_complete",0.0169,0.3758,0.5181,1,1,1.0951,0.9958
532,"3_lmer_naive",-0.542016791045055,0.487276213856952,0.288832349871104,0,0,0.810188783231995,0.787557756061186
532,"4_blimp_lmc_noaux",-0.5312,0.4876,0.2674,0,0,0.832,0.7878
532,"5_blimp_omc_aux",-0.0241,0.3921,0.5415,1,1,0.9494,1.0304
532,"6_blimp_rescue",-0.0109,0.3577,0.5041,0,1,0.9555,0.9945
533,"1_lmer_complete",0.013871075822141,0.384838940793177,0.438677569075607,1,1,1.00603003925677,1.00985195622226
533,"2_blimp_complete",0.0086,0.3848,0.434,1,1,1.037,1.0103
533,"3_lmer_naive",-0.54802529926529,0.524619199438797,0.300443698053322,0,0,0.809115895529739,0.766355835475724
533,"4_blimp_lmc_noaux",-0.5478,0.5244,0.2895,0,0,0.832,0.7675
533,"5_blimp_omc_aux",0.0127,0.427,0.5155,1,1,1.0138,1.0272
533,"6_blimp_rescue",-0.0204,0.3843,0.4232,1,1,1.0049,0.989
534,"1_lmer_complete",0.0401261051738372,0.400277453016033,0.567683911919524,1,1,1.08991627857128,1.02574645388541
534,"2_blimp_complete",0.0401,0.4007,0.5578,1,1,1.125,1.0263
534,"3_lmer_naive",-0.487321386979409,0.531824064865676,0.365514175579247,0,0,0.908561698666172,0.800362753343025
534,"4_blimp_lmc_noaux",-0.4798,0.5317,0.3501,0,0,0.9306,0.8009
534,"5_blimp_omc_aux",0.0276,0.4282,0.6363,1,1,1.104,1.0902
534,"6_blimp_rescue",0.0693,0.3891,0.5841,1,1,1.1222,1.054
535,"1_lmer_complete",0.101002440120006,0.406413761035217,0.759600329792865,1,1,0.904078379827456,1.01608835986144
535,"2_blimp_complete",0.0723,0.4065,0.7607,1,1,0.9278,1.0171
535,"3_lmer_naive",-0.478555501912866,0.549121002642305,0.575353086804076,0,1,0.798456342143118,0.813443110220723
535,"4_blimp_lmc_noaux",-0.4817,0.5497,0.5754,0,1,0.8264,0.8144
535,"5_blimp_omc_aux",0.0942,0.4499,0.8426,0,0,0.9613,1.0771
535,"6_blimp_rescue",0.1759,0.4152,0.8795,1,0,1.0148,1.0495
536,"1_lmer_complete",-0.220430402125217,0.387200444281515,0.445585094961761,1,1,1.13106877670351,1.02096837010371
536,"2_blimp_complete",-0.2176,0.3872,0.4315,1,1,1.1609,1.0216
536,"3_lmer_naive",-0.748746073033065,0.536181798414341,0.361457082334562,0,0,0.889677256954602,0.812257680508972
536,"4_blimp_lmc_noaux",-0.7521,0.5363,0.3653,0,0,0.914,0.813
536,"5_blimp_omc_aux",-0.2136,0.4379,0.5477,1,1,1.1253,1.0958
536,"6_blimp_rescue",-0.1843,0.3971,0.4684,1,1,1.1197,1.0591
537,"1_lmer_complete",-0.00684706692517436,0.403638965270618,0.799233109169064,1,0,1.0982108259455,1.02480785297353
537,"2_blimp_complete",-0.0068,0.4036,0.8052,1,0,1.1283,1.0255
537,"3_lmer_naive",-0.598969729892648,0.537947165827866,0.55230228405708,0,1,0.806123154404817,0.829058688215261
537,"4_blimp_lmc_noaux",-0.6265,0.5379,0.5535,0,1,0.8269,0.8301
537,"5_blimp_omc_aux",-0.0531,0.4414,0.8419,0,0,1.1049,1.0968
537,"6_blimp_rescue",0.0033,0.4056,0.8022,1,1,1.1676,1.0668
538,"1_lmer_complete",-0.00566725005606858,0.379228197989763,0.814455518564264,1,1,0.964177052704936,1.02192116466765
538,"2_blimp_complete",-0.0023,0.3794,0.8364,1,1,0.991,1.0223
538,"3_lmer_naive",-0.601193795582289,0.533277311984892,0.572947495555132,0,1,0.735843479760252,0.791584926968084
538,"4_blimp_lmc_noaux",-0.5979,0.5341,0.5651,0,1,0.7632,0.792
538,"5_blimp_omc_aux",-0.1197,0.433,0.8236,1,0,0.9299,1.0751
538,"6_blimp_rescue",-0.0056,0.3974,0.8068,1,1,0.9856,1.0457
539,"1_lmer_complete",0.0363252640432514,0.397270064188977,0.419644372368825,1,1,1.10568974908343,0.998114100816557
539,"2_blimp_complete",0.0207,0.3971,0.4369,1,1,1.1342,0.9989
539,"3_lmer_naive",-0.440236927304,0.529193091322266,0.364637525194359,0,0,0.932235906672678,0.802373089838132
539,"4_blimp_lmc_noaux",-0.4346,0.5293,0.3509,0,0,0.9547,0.8032
539,"5_blimp_omc_aux",0.0435,0.4391,0.5581,1,1,1.203,1.0528
539,"6_blimp_rescue",0.079,0.4054,0.4528,1,1,1.1994,1.0244
540,"1_lmer_complete",0.0328223075989394,0.415637617050275,0.503954944275878,1,1,0.925722002300143,1.01547859322247
540,"2_blimp_complete",0.0367,0.4154,0.4978,1,1,0.9518,1.0162
540,"3_lmer_naive",-0.500023302994437,0.552058154787488,0.375190886611467,0,0,0.795310115490772,0.773506780942278
540,"4_blimp_lmc_noaux",-0.4981,0.5521,0.3461,0,0,0.8182,0.7743
540,"5_blimp_omc_aux",0.0381,0.4397,0.6342,1,1,0.9777,1.0555
540,"6_blimp_rescue",0.0623,0.4009,0.5287,1,1,0.9908,1.0173
541,"1_lmer_complete",0.0194329173036547,0.391327332679947,0.521211926648185,1,1,1.10489356913216,1.00157121786877
541,"2_blimp_complete",0.0121,0.3912,0.5105,1,1,1.1319,1.0022
541,"3_lmer_naive",-0.461154959666541,0.522274525548935,0.410994957879448,0,0,0.90701262317877,0.800220381277774
541,"4_blimp_lmc_noaux",-0.4546,0.5219,0.4102,0,0,0.9327,0.8013
541,"5_blimp_omc_aux",0.0587,0.4241,0.6087,1,1,1.1705,1.0751
541,"6_blimp_rescue",0.0916,0.3861,0.5143,1,1,1.1739,1.041
542,"1_lmer_complete",-0.0744363717849567,0.401169527060582,0.626616106037859,1,1,0.951658476508756,1.00325729849642
542,"2_blimp_complete",-0.0895,0.4011,0.6536,1,1,0.9745,1.0039
542,"3_lmer_naive",-0.615282693556116,0.54642296337025,0.449736927324628,0,1,0.74696525580794,0.77966861080414
542,"4_blimp_lmc_noaux",-0.611,0.5462,0.4344,0,1,0.7637,0.7805
542,"5_blimp_omc_aux",-0.1248,0.4499,0.6771,0,1,0.94,1.0467
542,"6_blimp_rescue",-0.0822,0.4132,0.6217,1,1,0.9697,1.0199
543,"1_lmer_complete",-0.134194248907114,0.421808454781569,0.544674849487105,1,1,1.15426595246576,1.02835028253789
543,"2_blimp_complete",-0.1342,0.4218,0.5473,1,1,1.1842,1.0289
543,"3_lmer_naive",-0.668793622029714,0.576888406982441,0.43245612186641,0,1,0.90645525415944,0.790869769997605
543,"4_blimp_lmc_noaux",-0.667,0.5773,0.4049,0,1,0.9305,0.7917
543,"5_blimp_omc_aux",-0.1511,0.478,0.6434,0,1,1.1697,1.0726
543,"6_blimp_rescue",-0.1283,0.4426,0.572,0,1,1.1832,1.0469
544,"1_lmer_complete",0.096450690095125,0.380094939711725,0.627708787967796,1,1,1.19358775011597,1.01216487164361
544,"2_blimp_complete",0.0894,0.3802,0.6213,1,1,1.2271,1.0124
544,"3_lmer_naive",-0.493137960964204,0.510307482126057,0.492289065346702,0,1,0.923817149617357,0.789865981988428
544,"4_blimp_lmc_noaux",-0.4752,0.5105,0.4819,0,1,0.953,0.7905
544,"5_blimp_omc_aux",0.0446,0.4083,0.7232,1,1,1.1866,1.0837
544,"6_blimp_rescue",0.1187,0.3701,0.669,1,1,1.2402,1.0502
545,"1_lmer_complete",-0.0821083262327123,0.42258302563795,0.624158198672387,1,1,1.08955876776582,1.00513252581669
545,"2_blimp_complete",-0.0863,0.4225,0.6411,1,1,1.1223,1.0059
545,"3_lmer_naive",-0.618681257394984,0.574196514541224,0.496237638245761,0,1,0.835677850315539,0.777485068229989
545,"4_blimp_lmc_noaux",-0.633,0.5739,0.4978,0,1,0.8573,0.7782
545,"5_blimp_omc_aux",-0.1223,0.478,0.729,0,1,1.0905,1.0433
545,"6_blimp_rescue",-0.0842,0.442,0.685,1,1,1.122,1.0192
546,"1_lmer_complete",0.0526272989088219,0.389173678536303,0.538244248483585,1,1,0.882021520090777,1.00312829676289
546,"2_blimp_complete",0.0429,0.3889,0.554,1,1,0.909,1.0034
546,"3_lmer_naive",-0.462766258140528,0.504192404905637,0.424408786694866,0,0,0.754042114194851,0.764851714519515
546,"4_blimp_lmc_noaux",-0.4446,0.5039,0.4077,0,0,0.7765,0.7654
546,"5_blimp_omc_aux",0.0345,0.4044,0.6222,1,1,0.914,1.0224
546,"6_blimp_rescue",0.0636,0.3689,0.5593,1,1,0.9327,0.9866
547,"1_lmer_complete",0.112305003546955,0.394621254917664,0.516247086787606,1,1,1.00289570844193,0.982660643083064
547,"2_blimp_complete",0.1157,0.3944,0.5156,1,1,1.0298,0.9835
547,"3_lmer_naive",-0.437061673214044,0.556535552808046,0.409989998215155,0,0,0.766026592889477,0.726495472478362
547,"4_blimp_lmc_noaux",-0.4403,0.5561,0.4029,0,0,0.7854,0.7274
547,"5_blimp_omc_aux",0.0935,0.4453,0.5831,0,1,0.9805,1.0002
547,"6_blimp_rescue",0.1399,0.4174,0.5549,1,1,0.9996,0.9797
548,"1_lmer_complete",-0.123766903256776,0.404437729504683,0.695211482280806,1,1,1.06697707369175,0.993141446622154
548,"2_blimp_complete",-0.1231,0.4044,0.6855,1,1,1.0963,0.9937
548,"3_lmer_naive",-0.660986820450327,0.513695845496255,0.509693712599375,0,1,0.885080598635127,0.785529998204317
548,"4_blimp_lmc_noaux",-0.6578,0.5138,0.5052,0,1,0.9099,0.7864
548,"5_blimp_omc_aux",-0.1629,0.4201,0.7358,1,1,1.0644,1.0235
548,"6_blimp_rescue",-0.1332,0.3847,0.6975,1,1,1.1028,0.9913
549,"1_lmer_complete",0.0664571834745438,0.399884231048053,0.571003950558601,1,1,1.03258242534793,0.971585586737459
549,"2_blimp_complete",0.0854,0.4,0.5664,1,1,1.0589,0.9721
549,"3_lmer_naive",-0.499340621306709,0.541240989767367,0.36175957356196,0,0,0.70682680812383,0.760506262745142
549,"4_blimp_lmc_noaux",-0.4964,0.5412,0.3389,0,0,0.7291,0.7615
549,"5_blimp_omc_aux",0.0447,0.4651,0.6065,0,1,0.9621,1.0117
549,"6_blimp_rescue",0.0786,0.4218,0.5744,1,1,0.9886,0.988
550,"1_lmer_complete",0.0528572652140871,0.384528683401579,0.573306233022112,1,1,0.917908297221899,0.960478607821453
550,"2_blimp_complete",0.0652,0.3845,0.5721,1,1,0.9414,0.9606
550,"3_lmer_naive",-0.453883945243878,0.505245884423232,0.423555634041972,0,0,0.742834850735935,0.754809576837183
550,"4_blimp_lmc_noaux",-0.4556,0.5049,0.4244,0,0,0.7665,0.7556
550,"5_blimp_omc_aux",0.0382,0.3893,0.638,1,1,1.005,1.0133
550,"6_blimp_rescue",0.1021,0.3532,0.5978,0,1,1.0309,0.976
551,"1_lmer_complete",-0.0174925694946391,0.416597117149231,0.444349340271384,1,1,0.924704836247529,1.02677590416219
551,"2_blimp_complete",-0.0487,0.4168,0.4423,1,1,0.9498,1.0278
551,"3_lmer_naive",-0.506768397839437,0.553866977292195,0.312372845372738,0,0,0.808763673740057,0.799543492520781
551,"4_blimp_lmc_noaux",-0.5025,0.5535,0.3059,0,0,0.8305,0.8003
551,"5_blimp_omc_aux",0.0087,0.4606,0.495,0,1,0.9439,1.0802
551,"6_blimp_rescue",3e-04,0.4237,0.4494,1,1,0.9519,1.0543
552,"1_lmer_complete",0.0681280017179069,0.401689494963264,0.526769363583809,1,1,0.915541307966452,0.989019699090117
552,"2_blimp_complete",0.0796,0.4017,0.5255,1,1,0.9401,0.9896
552,"3_lmer_naive",-0.471525335172072,0.564633448362806,0.362241342022199,0,0,0.681512148560501,0.766618457433271
552,"4_blimp_lmc_noaux",-0.4687,0.5647,0.346,0,0,0.6949,0.7676
552,"5_blimp_omc_aux",0.0621,0.461,0.5887,0,1,0.9166,1.0632
552,"6_blimp_rescue",0.1061,0.4211,0.5229,1,1,0.9331,1.0304
553,"1_lmer_complete",-0.0902112863035204,0.380232281702921,0.662880727248852,1,1,0.943044113049092,0.991662057245981
553,"2_blimp_complete",-0.0864,0.3802,0.6571,1,1,0.9669,0.9923
553,"3_lmer_naive",-0.600753595502508,0.496155728555456,0.564559182896876,0,1,0.689669995032712,0.79766031103841
553,"4_blimp_lmc_noaux",-0.5869,0.4964,0.5732,0,1,0.7082,0.7983
553,"5_blimp_omc_aux",-0.1286,0.3984,0.7521,1,1,0.9658,1.0368
553,"6_blimp_rescue",-0.0661,0.3688,0.6709,1,1,0.9989,1.0109
554,"1_lmer_complete",-0.096594904597879,0.397998996072999,0.670157539426667,1,1,1.14132612862216,0.963708671700399
554,"2_blimp_complete",-0.094,0.3981,0.6958,1,1,1.1659,0.964
554,"3_lmer_naive",-0.620834538996368,0.520863512989565,0.522074909051151,0,1,0.867435406412901,0.769585708120018
554,"4_blimp_lmc_noaux",-0.6325,0.5211,0.5404,0,1,0.8917,0.7703
554,"5_blimp_omc_aux",-0.1458,0.4204,0.7401,1,1,1.1583,1.0076
554,"6_blimp_rescue",-0.0802,0.3851,0.699,1,1,1.2048,0.9761
555,"1_lmer_complete",0.0661095682800919,0.391951838095788,0.525747372050872,1,1,1.19109824166409,1.00519659002219
555,"2_blimp_complete",0.0625,0.3921,0.5302,1,1,1.2326,1.0058
555,"3_lmer_naive",-0.4308212366466,0.521076403700512,0.390280789770654,0,0,0.980429388708034,0.791261211884913
555,"4_blimp_lmc_noaux",-0.4249,0.5203,0.38,0,0,1.0072,0.7917
555,"5_blimp_omc_aux",0.0667,0.4143,0.604,1,1,1.2198,1.0488
555,"6_blimp_rescue",0.1257,0.3798,0.5385,1,1,1.2323,1.0162
556,"1_lmer_complete",-0.0794137493732613,0.402630175219063,0.524039305578362,1,1,0.813590291896426,0.988544731147227
556,"2_blimp_complete",-0.0827,0.4026,0.5191,1,1,0.8351,0.9898
556,"3_lmer_naive",-0.552356617871759,0.522327200958331,0.280286796920454,0,0,0.62792604462575,0.793343318239359
556,"4_blimp_lmc_noaux",-0.5591,0.5224,0.2613,0,0,0.6378,0.794
556,"5_blimp_omc_aux",-0.073,0.4341,0.5142,1,1,0.7844,1.0112
556,"6_blimp_rescue",-0.0892,0.4047,0.4676,1,1,0.7948,0.9865
557,"1_lmer_complete",-0.0964835917933154,0.388433606935519,0.584589942004452,1,1,1.03333178122585,1.01296095302983
557,"2_blimp_complete",-0.0949,0.3884,0.5851,1,1,1.064,1.0131
557,"3_lmer_naive",-0.628647814545053,0.541805667018071,0.429168893195322,0,0,0.81136681757408,0.817490841674306
557,"4_blimp_lmc_noaux",-0.6318,0.5415,0.4247,0,0,0.8351,0.8185
557,"5_blimp_omc_aux",-0.1278,0.451,0.6725,0,1,1.0866,1.0811
557,"6_blimp_rescue",-0.093,0.4104,0.6152,1,1,1.1039,1.046
558,"1_lmer_complete",-0.0408758989845763,0.390094458495733,0.608305610293498,1,1,1.24476784907714,1.00858331934347
558,"2_blimp_complete",-0.0618,0.3902,0.6263,1,1,1.2803,1.0092
558,"3_lmer_naive",-0.538975571701172,0.540718512845038,0.40973100127672,0,0,1.12229414387371,0.761574343269546
558,"4_blimp_lmc_noaux",-0.5298,0.5402,0.3902,0,0,1.1512,0.7626
558,"5_blimp_omc_aux",-0.1036,0.4403,0.6566,1,1,1.2895,1.0139
558,"6_blimp_rescue",-0.0145,0.4085,0.6059,1,1,1.3247,0.9945
559,"1_lmer_complete",-0.00506003439157907,0.381196487730857,0.763415429233833,1,1,1.02214022057006,0.98348542829561
559,"2_blimp_complete",0.0127,0.3814,0.779,1,0,1.0479,0.9841
559,"3_lmer_naive",-0.593920088776718,0.515959603824587,0.572921616679385,0,1,0.893991733321103,0.744654590825462
559,"4_blimp_lmc_noaux",-0.5887,0.5164,0.582,0,1,0.9197,0.7456
559,"5_blimp_omc_aux",-0.1138,0.4304,0.794,1,0,0.9793,0.976
559,"6_blimp_rescue",-0.0296,0.3945,0.7877,1,0,1.0322,0.9471
560,"1_lmer_complete",-0.0924829922695877,0.411539812993358,0.752149153674147,1,1,1.26622364511561,1.03953143058856
560,"2_blimp_complete",-0.0914,0.4115,0.7499,1,1,1.2967,1.0405
560,"3_lmer_naive",-0.70059568627295,0.544898762360008,0.564711290926743,0,1,1.03885313452898,0.797643790289416
560,"4_blimp_lmc_noaux",-0.7207,0.5449,0.5779,0,1,1.0685,0.7987
560,"5_blimp_omc_aux",-0.1564,0.4616,0.7795,0,1,1.31,1.065
560,"6_blimp_rescue",-0.1052,0.4191,0.7005,1,1,1.3524,1.0292
561,"1_lmer_complete",0.0610480910417906,0.402965265552008,0.674501278224837,1,1,0.811919881876912,1.03660465479533
561,"2_blimp_complete",0.0691,0.4029,0.6884,1,1,0.8352,1.0367
561,"3_lmer_naive",-0.50834917064487,0.55065685481628,0.489495734111581,0,1,0.608490691221123,0.802029848636812
561,"4_blimp_lmc_noaux",-0.5069,0.5504,0.4812,0,1,0.6272,0.8024
561,"5_blimp_omc_aux",0.0095,0.4442,0.7519,1,1,0.7669,1.0969
561,"6_blimp_rescue",0.0659,0.4025,0.685,1,1,0.7887,1.0634
562,"1_lmer_complete",-0.0918741995191214,0.37793801817487,0.537211732585473,1,1,1.1638007323143,1.00341042719307
562,"2_blimp_complete",-0.061,0.3777,0.5474,1,1,1.1974,1.0043
562,"3_lmer_naive",-0.636904951442288,0.520548282023515,0.403264280861167,0,0,0.898787660790755,0.76475086676946
562,"4_blimp_lmc_noaux",-0.636,0.5208,0.4006,0,0,0.9244,0.7654
562,"5_blimp_omc_aux",-0.1339,0.4155,0.6029,1,1,1.164,1.049
562,"6_blimp_rescue",-0.118,0.368,0.512,1,1,1.1817,1.002
563,"1_lmer_complete",-0.0448743705622833,0.390987999266627,0.666339992272434,1,1,1.02565065171403,1.05202036879844
563,"2_blimp_complete",-0.0489,0.3911,0.6438,1,1,1.0571,1.053
563,"3_lmer_naive",-0.59411841201539,0.516892977755399,0.526177916509443,0,1,0.806038367053501,0.846849184319384
563,"4_blimp_lmc_noaux",-0.5958,0.5165,0.5361,0,1,0.8259,0.8481
563,"5_blimp_omc_aux",-0.074,0.4121,0.7672,1,1,1.0519,1.1382
563,"6_blimp_rescue",0.0163,0.3785,0.7105,1,1,1.0882,1.1094
564,"1_lmer_complete",0.0426189696077436,0.391115618871754,0.450401946739742,1,1,1.20988139187893,0.992239222882451
564,"2_blimp_complete",0.0421,0.3908,0.4548,1,1,1.2458,0.9926
564,"3_lmer_naive",-0.490378199938873,0.502021290906535,0.375740890711667,0,0,0.900873957991114,0.789627897922202
564,"4_blimp_lmc_noaux",-0.4987,0.5025,0.3661,0,0,0.9206,0.7907
564,"5_blimp_omc_aux",0.0408,0.4111,0.5655,1,1,1.2318,1.0267
564,"6_blimp_rescue",8e-04,0.3761,0.4439,1,1,1.239,0.9961
565,"1_lmer_complete",0.0654800376723247,0.41202372844666,0.590153837254074,1,1,0.890688727326239,1.003947488541
565,"2_blimp_complete",0.0812,0.4119,0.5896,1,1,0.9188,1.0047
565,"3_lmer_naive",-0.439074952719417,0.551440064932484,0.41204626392531,0,0,0.724013635806048,0.791244622377397
565,"4_blimp_lmc_noaux",-0.4489,0.5521,0.3977,0,0,0.7395,0.7922
565,"5_blimp_omc_aux",0.0555,0.4409,0.626,1,1,0.874,1.0795
565,"6_blimp_rescue",0.0942,0.4099,0.5962,1,1,0.9012,1.0506
566,"1_lmer_complete",-0.105362701055413,0.417611117996418,0.564013264020164,1,1,1.05208165515856,0.984882409466607
566,"2_blimp_complete",-0.0953,0.4178,0.553,1,1,1.079,0.9858
566,"3_lmer_naive",-0.564652304445372,0.544633791150193,0.397565790541277,0,0,0.909801666649262,0.800786376974242
566,"4_blimp_lmc_noaux",-0.5675,0.5451,0.3803,0,0,0.931,0.8014
566,"5_blimp_omc_aux",-0.0982,0.4699,0.6425,0,1,1.1197,1.0485
566,"6_blimp_rescue",-0.0546,0.4352,0.593,1,1,1.1583,1.0281
567,"1_lmer_complete",-0.0602390577891253,0.386415067858336,0.758615474892772,1,1,0.904591264712336,0.966591812463134
567,"2_blimp_complete",-0.0471,0.3863,0.7734,1,1,0.9311,0.9669
567,"3_lmer_naive",-0.588628411390098,0.488978839587114,0.479500317772138,0,1,0.753068920814521,0.78656224008157
567,"4_blimp_lmc_noaux",-0.5931,0.4897,0.4676,0,1,0.7756,0.788
567,"5_blimp_omc_aux",-0.1144,0.4076,0.7583,1,0,0.9029,1.0127
567,"6_blimp_rescue",-0.0436,0.3653,0.7477,1,1,0.9484,0.9755
568,"1_lmer_complete",-0.0394040345505093,0.397467479816485,0.488091833770904,1,1,0.951975798716896,0.992465485525176
568,"2_blimp_complete",-0.0564,0.3976,0.4837,1,1,0.9812,0.9928
568,"3_lmer_naive",-0.526312152026148,0.557098186547934,0.318639767457095,0,0,0.851829943205907,0.749981369042184
568,"4_blimp_lmc_noaux",-0.5171,0.5568,0.3098,0,0,0.8794,0.751
568,"5_blimp_omc_aux",-0.062,0.4448,0.5351,0,1,0.9702,1.037
568,"6_blimp_rescue",-0.0461,0.4085,0.4652,1,1,0.9725,1.0061
569,"1_lmer_complete",0.0962324148821078,0.412879064257057,0.638940734816425,1,1,1.21015376823351,1.01012720124299
569,"2_blimp_complete",0.0954,0.4132,0.6132,1,1,1.2497,1.0108
569,"3_lmer_naive",-0.479597773920543,0.542831969503815,0.502233726282181,0,1,0.988437114620024,0.80985261380864
569,"4_blimp_lmc_noaux",-0.4971,0.543,0.5145,0,1,1.0218,0.8106
569,"5_blimp_omc_aux",0.1086,0.4429,0.7227,1,1,1.2526,1.1018
569,"6_blimp_rescue",0.129,0.4027,0.6889,1,1,1.2838,1.0652
570,"1_lmer_complete",-0.0795287449905594,0.39793901113623,0.536504074367072,1,1,0.809344065424009,0.955681626170193
570,"2_blimp_complete",-0.0943,0.3983,0.5426,1,1,0.8335,0.9563
570,"3_lmer_naive",-0.559527231752557,0.521370923937348,0.427485827775036,0,0,0.640735913345082,0.755943936600423
570,"4_blimp_lmc_noaux",-0.5627,0.5215,0.4302,0,0,0.6568,0.7565
570,"5_blimp_omc_aux",-0.0878,0.4254,0.6198,1,1,0.84,0.9923
570,"6_blimp_rescue",-0.082,0.3905,0.5411,1,1,0.8402,0.9622
571,"1_lmer_complete",-0.0822562569348828,0.403403743913463,0.552636684721273,1,1,1.31357922825284,0.984329362234683
571,"2_blimp_complete",-0.0948,0.4034,0.5604,1,1,1.3484,0.9851
571,"3_lmer_naive",-0.555367752783207,0.526099294767008,0.47649058039357,0,1,1.05638128892629,0.803747383436633
571,"4_blimp_lmc_noaux",-0.5614,0.5269,0.4588,0,1,1.0838,0.8046
571,"5_blimp_omc_aux",-0.1044,0.4465,0.6886,0,1,1.369,1.0314
571,"6_blimp_rescue",-0.0206,0.4105,0.6297,1,1,1.4125,1.0039
572,"1_lmer_complete",-0.0269737954133399,0.388034780356592,0.72064085926449,1,1,1.00241475706862,1.00761263270278
572,"2_blimp_complete",-0.0356,0.3882,0.7108,1,1,1.0265,1.0077
572,"3_lmer_naive",-0.623591990503448,0.539945684533357,0.531238144207232,0,1,0.854742274311588,0.776321713950125
572,"4_blimp_lmc_noaux",-0.6162,0.54,0.514,0,1,0.8789,0.7778
572,"5_blimp_omc_aux",-0.1095,0.4441,0.7807,1,0,0.9768,1.0683
572,"6_blimp_rescue",-0.019,0.3944,0.7829,1,1,1.0203,1.0294
573,"1_lmer_complete",-0.101203359280777,0.384101336143705,0.598617078057292,1,1,0.884002759579576,1.02155634766487
573,"2_blimp_complete",-0.1078,0.3838,0.6011,1,1,0.9052,1.0218
573,"3_lmer_naive",-0.655146783629586,0.51600591973956,0.405190434342383,0,0,0.670340191077108,0.810503830515658
573,"4_blimp_lmc_noaux",-0.6509,0.5158,0.4086,0,0,0.6922,0.8117
573,"5_blimp_omc_aux",-0.1599,0.4351,0.6435,1,1,0.8836,1.0551
573,"6_blimp_rescue",-0.1135,0.3899,0.5859,1,1,0.8941,1.0194
574,"1_lmer_complete",0.109268679156625,0.368339903607531,0.714252630586616,0,1,0.818462799736233,0.98044855050217
574,"2_blimp_complete",0.1017,0.3683,0.727,0,1,0.8394,0.9812
574,"3_lmer_naive",-0.473126829431696,0.480176394572763,0.439162920944423,0,0,0.651041812172825,0.772934037204596
574,"4_blimp_lmc_noaux",-0.4612,0.4801,0.4315,0,1,0.6725,0.7732
574,"5_blimp_omc_aux",0.0239,0.3818,0.6948,1,1,0.7991,1.0054
574,"6_blimp_rescue",0.0798,0.3474,0.6654,0,1,0.8118,0.9735
575,"1_lmer_complete",-0.0298156554730258,0.420626933441993,0.536591126412858,1,1,1.02021678048129,0.993401568714716
575,"2_blimp_complete",-0.0454,0.4207,0.5328,1,1,1.052,0.9939
575,"3_lmer_naive",-0.597586495364482,0.561803939677485,0.424006411504197,0,0,0.752175543179899,0.751276506781161
575,"4_blimp_lmc_noaux",-0.5844,0.5621,0.3915,0,0,0.7656,0.7522
575,"5_blimp_omc_aux",-0.0739,0.4635,0.664,0,1,1.0173,1.0174
575,"6_blimp_rescue",-0.0192,0.4277,0.5883,1,1,1.0374,0.9894
576,"1_lmer_complete",0.0503650958986343,0.382009460218216,0.772580708583264,1,0,0.79842579994566,1.01886010804262
576,"2_blimp_complete",0.0536,0.3819,0.7642,1,0,0.8196,1.0191
576,"3_lmer_naive",-0.552257555623898,0.513154670629887,0.555359962296433,0,1,0.66205190096565,0.783404111029123
576,"4_blimp_lmc_noaux",-0.5496,0.5131,0.556,0,1,0.682,0.7842
576,"5_blimp_omc_aux",-0.0385,0.4296,0.7948,1,0,0.7948,1.0507
576,"6_blimp_rescue",0.0592,0.3855,0.7834,1,0,0.8296,1.015
577,"1_lmer_complete",0.0266661894440078,0.394778726068925,0.561966442133267,1,1,1.0674856844138,0.993915683196033
577,"2_blimp_complete",0.0236,0.3948,0.5707,1,1,1.0973,0.9942
577,"3_lmer_naive",-0.464610574390897,0.533512396267911,0.443141103881233,0,1,0.864956155336266,0.760754500946909
577,"4_blimp_lmc_noaux",-0.4755,0.533,0.4278,0,1,0.8898,0.7614
577,"5_blimp_omc_aux",-0.0071,0.4326,0.6373,1,1,1.0762,1.0014
577,"6_blimp_rescue",0.043,0.4019,0.6074,1,1,1.1213,0.9775
578,"1_lmer_complete",0.0397117944435731,0.412948274496933,0.545746062319549,1,1,1.03291004350182,1.00546068024986
578,"2_blimp_complete",0.0507,0.4129,0.55,1,1,1.0624,1.0063
578,"3_lmer_naive",-0.449527685980751,0.536441234819333,0.461901491910902,0,1,0.820921501794607,0.782028010063248
578,"4_blimp_lmc_noaux",-0.4439,0.5361,0.4635,0,1,0.8439,0.7828
578,"5_blimp_omc_aux",0.0316,0.4351,0.6315,1,1,1.0283,1.0217
578,"6_blimp_rescue",0.0208,0.4033,0.531,1,1,1.0365,0.9929
579,"1_lmer_complete",0.0894904456048646,0.407084010776403,0.67038322636757,1,1,1.1077605473652,1.00419551906089
579,"2_blimp_complete",0.0919,0.4072,0.6832,1,1,1.1398,1.0051
579,"3_lmer_naive",-0.462766338617238,0.546004192809888,0.49532560410191,0,1,0.848659897774306,0.799232768435737
579,"4_blimp_lmc_noaux",-0.4559,0.5466,0.4773,0,1,0.8697,0.8002
579,"5_blimp_omc_aux",0.0679,0.4525,0.7673,0,1,1.1366,1.0829
579,"6_blimp_rescue",0.1271,0.4091,0.7227,1,1,1.1976,1.0451
580,"1_lmer_complete",0.0613077746140156,0.407074917728835,0.483996932645438,1,1,1.04636719740706,0.998778106187286
580,"2_blimp_complete",0.0677,0.4073,0.4922,1,1,1.0698,0.999
580,"3_lmer_naive",-0.470575678397053,0.533515778651832,0.336025059699549,0,0,0.864578605376381,0.752745098368476
580,"4_blimp_lmc_noaux",-0.4711,0.5331,0.3308,0,0,0.887,0.7536
580,"5_blimp_omc_aux",0.0435,0.4282,0.5526,1,1,1.0751,1.0201
580,"6_blimp_rescue",0.0582,0.3873,0.4873,1,1,1.0943,0.9842
581,"1_lmer_complete",0.225780900278573,0.385676497618115,0.369629911995245,1,0,0.856664833919159,0.956033838811318
581,"2_blimp_complete",0.2061,0.3856,0.377,1,0,0.8828,0.9568
581,"3_lmer_naive",-0.276596635599484,0.511764496579229,0.294874980680987,0,0,0.728050430257172,0.725123049097347
581,"4_blimp_lmc_noaux",-0.2893,0.5108,0.2985,0,0,0.7497,0.7267
581,"5_blimp_omc_aux",0.2138,0.4099,0.466,1,1,0.9158,0.9622
581,"6_blimp_rescue",0.2499,0.3748,0.3765,1,0,0.9016,0.9308
582,"1_lmer_complete",-0.0489516518345238,0.401511224697989,0.47636630737039,1,1,0.793965865584567,1.00551510685342
582,"2_blimp_complete",-0.0561,0.4013,0.4842,1,1,0.8155,1.006
582,"3_lmer_naive",-0.549977824943986,0.573925048487785,0.354433562086245,0,0,0.705878576405144,0.761785712693483
582,"4_blimp_lmc_noaux",-0.5534,0.5742,0.3402,0,0,0.7236,0.7624
582,"5_blimp_omc_aux",-0.0501,0.4689,0.5465,0,1,0.8453,1.0443
582,"6_blimp_rescue",-0.0497,0.4381,0.4913,1,1,0.8505,1.0195
583,"1_lmer_complete",0.179305045082145,0.404517372809657,0.809412458489477,1,0,0.778705979338711,0.994503642824038
583,"2_blimp_complete",0.1768,0.4045,0.8034,1,0,0.7975,0.9953
583,"3_lmer_naive",-0.348108076793302,0.527502284665567,0.576933772304729,0,1,0.685582901265067,0.786423134336332
583,"4_blimp_lmc_noaux",-0.3516,0.5272,0.5811,0,1,0.7048,0.787
583,"5_blimp_omc_aux",0.126,0.4281,0.8152,1,0,0.8036,1.0509
583,"6_blimp_rescue",0.202,0.3899,0.7811,1,1,0.8349,1.0173
584,"1_lmer_complete",-0.0732145198010106,0.409110326295579,0.686143380322738,1,1,0.900082842557882,0.964262260995774
584,"2_blimp_complete",-0.0684,0.4095,0.6932,1,1,0.9229,0.965
584,"3_lmer_naive",-0.635775358375657,0.541256314352962,0.524264757822656,0,1,0.778459942077079,0.751516110285733
584,"4_blimp_lmc_noaux",-0.6342,0.5415,0.513,0,1,0.8018,0.752
584,"5_blimp_omc_aux",-0.136,0.4499,0.753,0,1,0.9243,0.9963
584,"6_blimp_rescue",-0.0914,0.4141,0.6997,1,1,0.9548,0.9663
585,"1_lmer_complete",0.137088283607331,0.397425356918352,0.785612311775543,1,1,1.16549605112808,1.0031136877909
585,"2_blimp_complete",0.1338,0.3972,0.7746,1,1,1.2004,1.0038
585,"3_lmer_naive",-0.457283055545053,0.532763713490821,0.603575364426277,0,1,0.842779372541841,0.78589574726887
585,"4_blimp_lmc_noaux",-0.4548,0.5329,0.6167,0,1,0.8696,0.7868
585,"5_blimp_omc_aux",0.0828,0.4518,0.857,0,0,1.1308,1.0176
585,"6_blimp_rescue",0.1557,0.4137,0.8181,1,0,1.2029,0.9865
586,"1_lmer_complete",0.00489455080577824,0.38264447099025,0.725273613117362,1,1,0.99736627055472,1.00177228540211
586,"2_blimp_complete",0.0117,0.3826,0.7236,1,1,1.0152,1.0026
586,"3_lmer_naive",-0.559642438555667,0.506930573554162,0.484671655930142,0,1,0.786173423574951,0.791578911226091
586,"4_blimp_lmc_noaux",-0.5514,0.5067,0.4935,0,1,0.8083,0.7928
586,"5_blimp_omc_aux",-0.0458,0.408,0.7749,1,1,0.9476,1.0675
586,"6_blimp_rescue",0.0302,0.3675,0.7591,1,1,1.0057,1.0322
587,"1_lmer_complete",0.103815227064672,0.407533610312282,0.677914745144363,1,1,1.2286567869775,1.00339802795267
587,"2_blimp_complete",0.1166,0.4079,0.6925,1,1,1.2665,1.004
587,"3_lmer_naive",-0.43866010319756,0.518775893079738,0.449934927437324,0,1,1.03577270114409,0.809822405538064
587,"4_blimp_lmc_noaux",-0.4438,0.5188,0.4657,0,1,1.0669,0.8106
587,"5_blimp_omc_aux",0.0846,0.4352,0.6796,1,1,1.2169,1.046
587,"6_blimp_rescue",0.1327,0.3995,0.6335,1,1,1.2578,1.0108
588,"1_lmer_complete",-0.145805905844005,0.395536581237994,0.479277751017163,1,1,0.863336993083071,0.969766959029733
588,"2_blimp_complete",-0.1761,0.3955,0.4861,1,1,0.8872,0.9704
588,"3_lmer_naive",-0.611957563040795,0.571447204178312,0.338530601670029,0,0,0.68437155694332,0.736577583158558
588,"4_blimp_lmc_noaux",-0.6141,0.5718,0.3152,0,0,0.6987,0.7374
588,"5_blimp_omc_aux",-0.1605,0.4764,0.5226,0,1,0.7866,0.9891
588,"6_blimp_rescue",-0.1619,0.449,0.4905,0,1,0.8104,0.9706
589,"1_lmer_complete",0.040714531223384,0.389138464500048,0.633327980441022,1,1,0.733662180483251,1.00245405160056
589,"2_blimp_complete",0.0437,0.3893,0.6347,1,1,0.7522,1.0034
589,"3_lmer_naive",-0.488910766303327,0.518883610686045,0.474516352152765,0,0,0.565463079571275,0.810023092275966
589,"4_blimp_lmc_noaux",-0.4904,0.5194,0.4691,0,1,0.5823,0.8111
589,"5_blimp_omc_aux",0.0471,0.4311,0.7074,1,1,0.78,1.0824
589,"6_blimp_rescue",0.107,0.3861,0.6744,1,1,0.8043,1.044
590,"1_lmer_complete",0.0131196659736486,0.404173602078866,0.67988440675383,1,1,1.0700276051355,1.01005232887258
590,"2_blimp_complete",0.024,0.4039,0.6895,1,1,1.0988,1.0106
590,"3_lmer_naive",-0.572310339272778,0.531757240977531,0.554333613999705,0,1,0.846083772036936,0.798468919619642
590,"4_blimp_lmc_noaux",-0.5599,0.5314,0.5563,0,1,0.87,0.7992
590,"5_blimp_omc_aux",-0.0251,0.4385,0.7674,1,1,1.079,1.06
590,"6_blimp_rescue",0.0253,0.4043,0.7085,1,1,1.119,1.0325
591,"1_lmer_complete",-0.128615219222385,0.407020737994225,0.769995835831655,1,1,1.08380052842008,0.989764462057308
591,"2_blimp_complete",-0.1185,0.407,0.7775,1,1,1.1092,0.9903
591,"3_lmer_naive",-0.68456137504086,0.514161222921926,0.573877211074897,0,1,0.81911387517189,0.793712728042471
591,"4_blimp_lmc_noaux",-0.6995,0.5145,0.5709,0,1,0.8434,0.7943
591,"5_blimp_omc_aux",-0.207,0.4228,0.8265,1,0,1.0437,1.0443
591,"6_blimp_rescue",-0.1226,0.3855,0.7845,1,1,1.097,1.0142
592,"1_lmer_complete",-0.110415064478763,0.403838236036918,0.626615555068408,1,1,0.81244479056441,0.987675724359861
592,"2_blimp_complete",-0.1221,0.4039,0.6457,1,1,0.8353,0.988
592,"3_lmer_naive",-0.664665590553226,0.538043542219698,0.502482497573895,0,1,0.601805167494762,0.756401916498386
592,"4_blimp_lmc_noaux",-0.6695,0.538,0.5114,0,1,0.6209,0.757
592,"5_blimp_omc_aux",-0.1709,0.4335,0.7172,1,1,0.7755,1.0155
592,"6_blimp_rescue",-0.1095,0.3963,0.6493,1,1,0.7926,0.9812
593,"1_lmer_complete",0.0425594602304968,0.428322855812443,0.658555848893359,1,1,1.16416641703849,1.03291627288866
593,"2_blimp_complete",0.0491,0.4282,0.6661,1,1,1.1972,1.0331
593,"3_lmer_naive",-0.519738786488557,0.542862755846928,0.48145169312507,0,1,0.913370016525078,0.848233812989259
593,"4_blimp_lmc_noaux",-0.5177,0.5429,0.4774,0,1,0.9422,0.849
593,"5_blimp_omc_aux",0.0103,0.4582,0.7055,0,1,1.1797,1.1017
593,"6_blimp_rescue",0.0662,0.4246,0.6431,1,1,1.2074,1.0746
594,"1_lmer_complete",-0.00718347613698059,0.407794847439082,0.726726078820687,1,1,0.823725093742837,0.980076682117405
594,"2_blimp_complete",-0.0209,0.4079,0.7444,1,1,0.8443,0.9807
594,"3_lmer_naive",-0.526810394223448,0.522134183492033,0.5864770664311,0,1,0.740991083472081,0.755852621264816
594,"4_blimp_lmc_noaux",-0.5389,0.5221,0.5891,0,1,0.7616,0.7568
594,"5_blimp_omc_aux",-0.0361,0.4196,0.7926,1,0,0.8621,1.0178
594,"6_blimp_rescue",0.0743,0.3855,0.7831,1,1,0.9017,0.9907
595,"1_lmer_complete",0.0517259782723349,0.372055865935478,0.599070473289314,0,1,1.14088651577471,0.98548999677035
595,"2_blimp_complete",0.0443,0.3722,0.6113,0,1,1.1766,0.9857
595,"3_lmer_naive",-0.508680430618145,0.485777976221588,0.465236622108589,0,1,0.840914940636391,0.798651273572871
595,"4_blimp_lmc_noaux",-0.5084,0.4853,0.4635,0,1,0.8629,0.7991
595,"5_blimp_omc_aux",0.0674,0.3977,0.6825,1,1,1.1762,1.0438
595,"6_blimp_rescue",0.0685,0.3594,0.6385,1,1,1.2208,1.0124
596,"1_lmer_complete",-0.132077969095976,0.410561527640582,0.756995811271578,1,1,0.977092938523406,1.00319556447959
596,"2_blimp_complete",-0.1279,0.4107,0.7764,1,1,1.0003,1.0036
596,"3_lmer_naive",-0.667699256009705,0.515387807211298,0.53967795194967,0,1,0.887104019779411,0.773644583007569
596,"4_blimp_lmc_noaux",-0.6767,0.5154,0.5334,0,1,0.9117,0.7746
596,"5_blimp_omc_aux",-0.1962,0.4139,0.7829,1,1,0.9954,1.0301
596,"6_blimp_rescue",-0.105,0.3824,0.7508,1,1,1.0326,1.0021
597,"1_lmer_complete",0.12731391121362,0.389863458470044,0.529823412576946,1,1,0.832151534874637,1.01217102048655
597,"2_blimp_complete",0.1342,0.3902,0.518,1,1,0.8578,1.013
597,"3_lmer_naive",-0.405612931401756,0.515530846034756,0.380432401249466,0,0,0.708132775380772,0.797609218603159
597,"4_blimp_lmc_noaux",-0.4034,0.5153,0.3726,0,0,0.7273,0.7987
597,"5_blimp_omc_aux",0.1196,0.4186,0.5795,1,1,0.8235,1.0785
597,"6_blimp_rescue",0.1334,0.3792,0.5365,1,1,0.8332,1.0425
598,"1_lmer_complete",-0.0986368206924013,0.421213830417022,0.588648998852224,1,1,0.986644328456225,0.99050746596774
598,"2_blimp_complete",-0.0987,0.4211,0.6065,1,1,1.0229,0.9911
598,"3_lmer_naive",-0.572323519648577,0.535579044531708,0.442282803663593,0,0,0.775401155272823,0.796167164365567
598,"4_blimp_lmc_noaux",-0.5696,0.536,0.4167,0,0,0.7991,0.7967
598,"5_blimp_omc_aux",-0.145,0.46,0.6268,0,1,0.9935,1.0167
598,"6_blimp_rescue",-0.1086,0.4265,0.5653,1,1,0.9996,0.9884
599,"1_lmer_complete",-0.0997908654192097,0.408939695315534,0.631102317941924,1,1,0.958690023387517,0.98895490242437
599,"2_blimp_complete",-0.0872,0.4091,0.6291,1,1,0.9826,0.9891
599,"3_lmer_naive",-0.623265110662479,0.523593209846332,0.443294105636672,0,1,0.815098954633421,0.789167923578226
599,"4_blimp_lmc_noaux",-0.6193,0.5235,0.4253,0,1,0.837,0.7897
599,"5_blimp_omc_aux",-0.1499,0.4324,0.6692,1,1,0.9794,1.0324
599,"6_blimp_rescue",-0.0993,0.3944,0.6591,1,1,1.0023,0.9997
600,"1_lmer_complete",-0.0687657785950277,0.392879332908078,0.582280210788095,1,1,1.20172617892377,0.981803535941896
600,"2_blimp_complete",-0.0724,0.393,0.581,1,1,1.2392,0.9826
600,"3_lmer_naive",-0.602521301680062,0.525441331850722,0.444119386270905,0,1,0.991218758131354,0.783169955763986
600,"4_blimp_lmc_noaux",-0.6051,0.5259,0.4411,0,1,1.0206,0.7838
600,"5_blimp_omc_aux",-0.0709,0.4267,0.6842,1,1,1.2031,1.0441
600,"6_blimp_rescue",0.0124,0.3925,0.6795,1,1,1.2599,1.021
601,"1_lmer_complete",-0.179917561385942,0.387696657763953,0.65646170427891,1,1,1.18635268386477,0.998276557232153
601,"2_blimp_complete",-0.1699,0.3877,0.6606,1,1,1.2171,0.9994
601,"3_lmer_naive",-0.751825945152179,0.513205746322878,0.404343802359064,0,0,0.780729821921655,0.766675985795246
601,"4_blimp_lmc_noaux",-0.7554,0.5136,0.3948,0,0,0.8021,0.7676
601,"5_blimp_omc_aux",-0.2253,0.4266,0.6604,1,1,1.1339,0.9906
601,"6_blimp_rescue",-0.2057,0.3875,0.5845,1,1,1.1567,0.959
602,"1_lmer_complete",-0.0538392570458101,0.385411222161491,0.764994413706907,1,1,0.994915970114186,0.992677565626764
602,"2_blimp_complete",-0.0314,0.3855,0.7736,1,1,1.0183,0.9936
602,"3_lmer_naive",-0.621412768623584,0.516376422810227,0.586480261462171,0,1,0.791286604997339,0.737058439096501
602,"4_blimp_lmc_noaux",-0.6177,0.5164,0.607,0,1,0.8157,0.7381
602,"5_blimp_omc_aux",-0.1526,0.4252,0.8498,1,0,0.9769,0.9622
602,"6_blimp_rescue",-0.0385,0.3871,0.8611,1,0,1.0421,0.9314
603,"1_lmer_complete",0.00489082371942412,0.422264306555494,0.577969265942523,1,1,0.955179228151211,1.01783908279443
603,"2_blimp_complete",0.0014,0.4226,0.5953,1,1,0.9816,1.0185
603,"3_lmer_naive",-0.533234286255124,0.552337869173589,0.396682524809711,0,0,0.785702019956261,0.802676022276506
603,"4_blimp_lmc_noaux",-0.535,0.5525,0.3782,0,0,0.8052,0.8028
603,"5_blimp_omc_aux",0.0381,0.4469,0.6579,0,1,1.0096,1.1009
603,"6_blimp_rescue",0.038,0.4062,0.5847,1,1,1.0534,1.0637
604,"1_lmer_complete",-0.156892862608195,0.395133017096154,0.636395094517229,1,1,0.861489802244725,0.994642523193057
604,"2_blimp_complete",-0.1618,0.3952,0.6396,1,1,0.8841,0.9949
604,"3_lmer_naive",-0.629159837303911,0.540559106217053,0.481346966149704,0,1,0.745776328759043,0.797323745620064
604,"4_blimp_lmc_noaux",-0.6208,0.5406,0.4867,0,1,0.7692,0.7983
604,"5_blimp_omc_aux",-0.1822,0.438,0.6796,1,1,0.8801,1.0526
604,"6_blimp_rescue",-0.1469,0.4074,0.6597,1,1,0.8926,1.0273
605,"1_lmer_complete",0.150619671296032,0.386244531626672,0.584683581104453,1,1,1.22979472031592,1.00860941150017
605,"2_blimp_complete",0.1403,0.3863,0.5675,1,1,1.2664,1.0093
605,"3_lmer_naive",-0.398045658978984,0.544742720405234,0.445895726687924,0,1,0.927832321234399,0.762626790862499
605,"4_blimp_lmc_noaux",-0.3869,0.5449,0.428,0,1,0.9519,0.763
605,"5_blimp_omc_aux",0.1163,0.4365,0.6449,1,1,1.2139,1.0463
605,"6_blimp_rescue",0.145,0.3994,0.5643,1,1,1.2356,1.0154
606,"1_lmer_complete",-0.137980339730651,0.3763613425029,0.57939554504948,1,1,1.27331281998672,1.00903630518174
606,"2_blimp_complete",-0.1577,0.3765,0.5628,1,1,1.3128,1.0096
606,"3_lmer_naive",-0.679492324210153,0.52292043061352,0.409234417764044,0,0,0.992917105409376,0.780239070075023
606,"4_blimp_lmc_noaux",-0.6706,0.5228,0.3791,0,0,1.0193,0.7807
606,"5_blimp_omc_aux",-0.1965,0.4191,0.6285,1,1,1.2243,1.0486
606,"6_blimp_rescue",-0.1538,0.3803,0.5567,1,1,1.2291,1.0153
607,"1_lmer_complete",0.104199834540664,0.367932602973539,0.567890600325941,0,1,1.04724953877503,0.98241930975742
607,"2_blimp_complete",0.0886,0.3679,0.5587,0,1,1.0734,0.9827
607,"3_lmer_naive",-0.439985788334037,0.503847446377177,0.440967040089554,0,1,0.840478907321289,0.745376744451764
607,"4_blimp_lmc_noaux",-0.4345,0.504,0.4417,0,1,0.8643,0.7463
607,"5_blimp_omc_aux",0.0322,0.3936,0.6279,1,1,1.0629,0.991
607,"6_blimp_rescue",0.0956,0.3589,0.5419,0,1,1.081,0.9504
608,"1_lmer_complete",-0.0816102877817887,0.38423082083218,0.518844145573507,1,1,0.841600563499119,0.988764231940399
608,"2_blimp_complete",-0.0828,0.3843,0.5158,1,1,0.8661,0.9897
608,"3_lmer_naive",-0.58348528296561,0.528676808508481,0.388455564209646,0,0,0.673541545685355,0.758229578461421
608,"4_blimp_lmc_noaux",-0.5946,0.5278,0.388,0,0,0.6969,0.7594
608,"5_blimp_omc_aux",-0.0977,0.4223,0.5871,1,1,0.8875,1.028
608,"6_blimp_rescue",-0.0784,0.3808,0.5288,1,1,0.8918,0.986
609,"1_lmer_complete",0.13901182683888,0.390026111773742,0.449979588894524,1,1,0.945747210928734,0.986395470224671
609,"2_blimp_complete",0.1313,0.39,0.4724,1,1,0.9722,0.9869
609,"3_lmer_naive",-0.349903850041566,0.537906743157618,0.314180634748879,0,0,0.777552549686553,0.746076605192617
609,"4_blimp_lmc_noaux",-0.3514,0.5384,0.2919,0,0,0.7937,0.7468
609,"5_blimp_omc_aux",0.1493,0.42,0.5339,1,1,0.943,1.0373
609,"6_blimp_rescue",0.1576,0.388,0.4375,1,1,0.9473,1.0112
610,"1_lmer_complete",-0.0815869747118617,0.387708097595133,0.647736735424611,1,1,0.976084313913788,1.01004058679177
610,"2_blimp_complete",-0.0913,0.3875,0.6533,1,1,1.0007,1.0107
610,"3_lmer_naive",-0.635660113819765,0.506917295214314,0.498763577242061,0,1,0.785989276620751,0.767210069514667
610,"4_blimp_lmc_noaux",-0.6306,0.5069,0.5055,0,1,0.8061,0.7679
610,"5_blimp_omc_aux",-0.1296,0.4042,0.7096,1,1,1.0219,1.0234
610,"6_blimp_rescue",-0.0649,0.368,0.684,1,1,1.0514,0.9911
611,"1_lmer_complete",-0.0617996459122723,0.380369770130583,0.54853811857917,1,1,0.701148416177748,1.02177264429766
611,"2_blimp_complete",-0.0591,0.3801,0.5582,1,1,0.7194,1.0223
611,"3_lmer_naive",-0.587316932786307,0.523178449680649,0.381595456197759,0,0,0.616891528905734,0.758537707741144
611,"4_blimp_lmc_noaux",-0.5865,0.5233,0.3756,0,0,0.6339,0.759
611,"5_blimp_omc_aux",-0.0971,0.4322,0.6015,1,1,0.716,1.0144
611,"6_blimp_rescue",-0.0575,0.3938,0.5793,1,1,0.7267,0.9873
612,"1_lmer_complete",-0.0573611276676174,0.407636305476441,0.689059350410527,1,1,1.10956598997231,1.00851172060932
612,"2_blimp_complete",-0.0544,0.4079,0.6859,1,1,1.1367,1.0091
612,"3_lmer_naive",-0.623552047380517,0.51923865104893,0.482218983312251,0,1,0.938571544633335,0.773292620060183
612,"4_blimp_lmc_noaux",-0.637,0.5194,0.4732,0,1,0.9662,0.7739
612,"5_blimp_omc_aux",-0.088,0.427,0.7253,1,1,1.2071,1.0395
612,"6_blimp_rescue",0.0025,0.3867,0.7196,1,1,1.2838,1.007
613,"1_lmer_complete",0.0347031490925591,0.378816645255713,0.504924908939745,1,1,1.04346063025782,0.96205585877965
613,"2_blimp_complete",0.0326,0.3785,0.5016,1,1,1.0742,0.9623
613,"3_lmer_naive",-0.470482632833603,0.495511020084221,0.379771558345531,0,0,0.743376961442776,0.775552273557494
613,"4_blimp_lmc_noaux",-0.481,0.4957,0.3675,0,0,0.7628,0.7758
613,"5_blimp_omc_aux",0.0326,0.4077,0.613,1,1,1.0978,1.0005
613,"6_blimp_rescue",0.0392,0.3702,0.5272,1,1,1.1166,0.9682
614,"1_lmer_complete",-0.112956943408634,0.406617824090713,0.559985828675775,1,1,0.951145473461031,0.967960199745466
614,"2_blimp_complete",-0.1166,0.4066,0.5729,1,1,0.981,0.9686
614,"3_lmer_naive",-0.603527432672407,0.539111155047299,0.451955232697944,0,1,0.827739763340304,0.751497148453809
614,"4_blimp_lmc_noaux",-0.5972,0.5396,0.4419,0,1,0.8497,0.7522
614,"5_blimp_omc_aux",-0.1364,0.4482,0.6233,0,1,1.0064,0.9999
614,"6_blimp_rescue",-0.1027,0.4171,0.5796,1,1,1.0214,0.9798
615,"1_lmer_complete",-0.0438532631398783,0.382722543654216,0.565795922040481,1,1,1.04817392698167,1.02354599922289
615,"2_blimp_complete",-0.0525,0.3825,0.5896,1,1,1.0719,1.0238
615,"3_lmer_naive",-0.573044934910386,0.500064484209433,0.379584163010583,0,0,0.871042035188063,0.788015344995491
615,"4_blimp_lmc_noaux",-0.5638,0.5003,0.3675,0,0,0.8932,0.7886
615,"5_blimp_omc_aux",-0.0493,0.4039,0.6169,1,1,1.0917,1.043
615,"6_blimp_rescue",-0.0409,0.3668,0.551,1,1,1.1001,1.0088
616,"1_lmer_complete",-0.0289663476637942,0.375103664638533,0.577443657230322,1,1,1.04444744473113,1.01924842044695
616,"2_blimp_complete",-0.0298,0.3753,0.6034,1,1,1.0767,1.0193
616,"3_lmer_naive",-0.581019505344823,0.496348158577261,0.406871535866508,0,0,0.813622649121045,0.794750514235367
616,"4_blimp_lmc_noaux",-0.5755,0.4967,0.392,0,0,0.836,0.7957
616,"5_blimp_omc_aux",-0.0677,0.393,0.684,1,1,1.0835,1.0483
616,"6_blimp_rescue",-0.0127,0.3563,0.5582,0,1,1.11,1.0136
617,"1_lmer_complete",0.0950233367444262,0.376139856688629,0.58774692352644,1,1,0.974551549723019,1.01542237698699
617,"2_blimp_complete",0.0858,0.3761,0.6034,1,1,0.9996,1.0162
617,"3_lmer_naive",-0.488715082213943,0.52249659059174,0.390869584415304,0,0,0.728369032597101,0.765672461806742
617,"4_blimp_lmc_noaux",-0.4872,0.5226,0.373,0,0,0.7484,0.7662
617,"5_blimp_omc_aux",0.0668,0.4063,0.6257,1,1,0.9306,1.0569
617,"6_blimp_rescue",0.1264,0.3636,0.5742,1,1,0.9601,1.0176
618,"1_lmer_complete",0.0374306192656836,0.389778020680988,0.747285741830476,1,1,0.929503807937982,0.997514126098867
618,"2_blimp_complete",0.0364,0.3898,0.7626,1,0,0.9511,0.9982
618,"3_lmer_naive",-0.512948323719662,0.524386055024098,0.551822186407581,0,1,0.797104235446443,0.80606338966294
618,"4_blimp_lmc_noaux",-0.5134,0.5242,0.5534,0,1,0.8183,0.8071
618,"5_blimp_omc_aux",-0.0419,0.4514,0.7699,0,0,0.9322,1.0405
618,"6_blimp_rescue",0.009,0.4071,0.7734,1,0,0.9647,1.0058
619,"1_lmer_complete",-0.0299232674390932,0.38210790074865,0.528670738983427,1,1,1.15050026785064,1.01294056406591
619,"2_blimp_complete",-0.0393,0.3822,0.5404,1,1,1.1806,1.014
619,"3_lmer_naive",-0.578089501546399,0.530197122280883,0.40234793841567,0,0,0.93943427087521,0.778400918157448
619,"4_blimp_lmc_noaux",-0.5738,0.5299,0.3823,0,1,0.9687,0.7791
619,"5_blimp_omc_aux",-0.103,0.4305,0.6212,1,1,1.1601,1.0399
619,"6_blimp_rescue",-0.061,0.3919,0.524,1,1,1.174,1.0089
620,"1_lmer_complete",0.0733573432177915,0.418978272939792,0.500514015146937,1,1,1.1504610708678,0.992951951124877
620,"2_blimp_complete",0.0843,0.4188,0.4939,1,1,1.1834,0.9938
620,"3_lmer_naive",-0.44538671218971,0.5398735126985,0.434519845646256,0,0,0.937966634361564,0.759883067837119
620,"4_blimp_lmc_noaux",-0.4449,0.5407,0.407,0,0,0.9597,0.7605
620,"5_blimp_omc_aux",0.047,0.4414,0.6452,1,1,1.2592,0.9911
620,"6_blimp_rescue",0.0953,0.4121,0.5681,1,1,1.2814,0.9684
621,"1_lmer_complete",0.0839669244096165,0.409780843540402,0.464505372573027,1,1,0.855053978419181,1.01124608193168
621,"2_blimp_complete",0.094,0.4099,0.478,1,1,0.8798,1.0119
621,"3_lmer_naive",-0.396576281495678,0.552752832112475,0.344845377493431,0,0,0.685275303358963,0.793955220363458
621,"4_blimp_lmc_noaux",-0.3986,0.5525,0.3283,0,0,0.7025,0.7945
621,"5_blimp_omc_aux",0.0945,0.4602,0.565,0,1,0.8757,1.0469
621,"6_blimp_rescue",0.0996,0.4247,0.4747,1,1,0.8719,1.0182
622,"1_lmer_complete",0.142960558392246,0.40704646163587,0.401751829258536,1,1,0.807519011516762,1.03779294816016
622,"2_blimp_complete",0.1405,0.407,0.3924,1,1,0.8279,1.0384
622,"3_lmer_naive",-0.383039804865328,0.543287202173927,0.308237091396978,0,0,0.644397164575916,0.777079801045434
622,"4_blimp_lmc_noaux",-0.3752,0.5436,0.2845,0,0,0.6573,0.7777
622,"5_blimp_omc_aux",0.1419,0.4252,0.5718,1,1,0.8701,1.0916
622,"6_blimp_rescue",0.1887,0.3798,0.4562,1,1,0.8651,1.0495
623,"1_lmer_complete",0.0410579892206537,0.398850850644541,0.477284507130554,1,1,0.986246119462203,1.02020476633667
623,"2_blimp_complete",0.0571,0.3988,0.4881,1,1,1.0138,1.0209
623,"3_lmer_naive",-0.428481508832715,0.549588138082658,0.393547925925222,0,0,0.855952544938244,0.779326200666496
623,"4_blimp_lmc_noaux",-0.4246,0.5498,0.3877,0,0,0.8801,0.7792
623,"5_blimp_omc_aux",0.0453,0.4304,0.5441,1,1,1.0539,1.0542
623,"6_blimp_rescue",0.0667,0.4007,0.4987,1,1,1.0947,1.0297
624,"1_lmer_complete",0.0769452413467566,0.394681244879673,0.618238134819931,1,1,1.25783060074201,0.978828439945051
624,"2_blimp_complete",0.0802,0.3944,0.6278,1,1,1.2919,0.9794
624,"3_lmer_naive",-0.418243168326615,0.526375759197766,0.447042106984864,0,0,1.04695937840269,0.795520443983318
624,"4_blimp_lmc_noaux",-0.4212,0.5267,0.448,0,1,1.073,0.7959
624,"5_blimp_omc_aux",0.0709,0.435,0.6633,1,1,1.2506,1.0535
624,"6_blimp_rescue",0.1356,0.4045,0.6376,1,1,1.2897,1.0294
625,"1_lmer_complete",-0.0142461039173244,0.39930089011781,0.616967103570196,1,1,1.19050599151332,1.00499716946921
625,"2_blimp_complete",-0.0209,0.3993,0.6365,1,1,1.2226,1.0051
625,"3_lmer_naive",-0.56408534586861,0.518526495819078,0.397187331809915,0,0,0.933751213668958,0.835697245440097
625,"4_blimp_lmc_noaux",-0.5712,0.5186,0.392,0,0,0.9584,0.8364
625,"5_blimp_omc_aux",-0.0813,0.438,0.6785,1,1,1.2408,1.0879
625,"6_blimp_rescue",0.0072,0.3956,0.6117,1,1,1.2584,1.0536
626,"1_lmer_complete",-0.220959527401345,0.396953473132782,0.719994759742258,1,1,1.06765625931413,0.961995568434005
626,"2_blimp_complete",-0.2307,0.3969,0.717,1,1,1.0922,0.962
626,"3_lmer_naive",-0.692249056056566,0.514514361487791,0.505587058970219,0,1,0.919795374581405,0.7468040394743
626,"4_blimp_lmc_noaux",-0.6949,0.5144,0.515,0,1,0.9453,0.7477
626,"5_blimp_omc_aux",-0.271,0.4134,0.7102,1,1,1.0658,0.97
626,"6_blimp_rescue",-0.2108,0.3847,0.6883,1,1,1.0979,0.9401
627,"1_lmer_complete",0.0804261656287993,0.398865197900584,0.605839397533525,1,1,1.17270459075846,1.00507620814771
627,"2_blimp_complete",0.0822,0.3989,0.6222,1,1,1.2028,1.0057
627,"3_lmer_naive",-0.466842873022927,0.549151093539375,0.446395745066555,0,1,0.978065983010378,0.739674706779675
627,"4_blimp_lmc_noaux",-0.4756,0.5491,0.4453,0,1,1.0039,0.7407
627,"5_blimp_omc_aux",0.0241,0.4363,0.6377,1,1,1.1344,1.0226
627,"6_blimp_rescue",0.0643,0.4038,0.6285,1,1,1.1662,0.9942
628,"1_lmer_complete",0.0344930874126804,0.389385084956733,0.576366446427296,1,1,1.08989323762494,1.01504010075801
628,"2_blimp_complete",0.0384,0.3891,0.5799,1,1,1.116,1.0158
628,"3_lmer_naive",-0.514936221400354,0.532497671021499,0.439892288453875,0,1,0.807805821221084,0.782270036053468
628,"4_blimp_lmc_noaux",-0.5024,0.5324,0.4266,0,1,0.8348,0.7834
628,"5_blimp_omc_aux",-0.0284,0.4241,0.6741,1,1,1.0946,1.0547
628,"6_blimp_rescue",0.0607,0.3894,0.6017,1,1,1.1235,1.0223
629,"1_lmer_complete",0.120011172736058,0.397738229249861,0.589470550437368,1,1,1.23999509922728,1.00572702849885
629,"2_blimp_complete",0.1084,0.3977,0.5757,1,1,1.2729,1.0064
629,"3_lmer_naive",-0.472629639501425,0.526170505528846,0.38145194987413,0,0,1.00579396358669,0.790408025755337
629,"4_blimp_lmc_noaux",-0.4815,0.5268,0.3633,0,0,1.0303,0.7912
629,"5_blimp_omc_aux",0.1123,0.432,0.6469,1,1,1.2508,1.0847
629,"6_blimp_rescue",0.1582,0.3854,0.5919,1,1,1.294,1.0469
630,"1_lmer_complete",0.0762515901864897,0.36569645770377,0.737217729780187,0,1,1.00128790060393,0.987196926154983
630,"2_blimp_complete",0.0809,0.3657,0.7544,0,1,1.0237,0.9877
630,"3_lmer_naive",-0.533969294007932,0.512478859300342,0.580186464076141,0,1,0.771618900451586,0.763334673859629
630,"4_blimp_lmc_noaux",-0.5493,0.5122,0.5899,0,1,0.7941,0.7643
630,"5_blimp_omc_aux",-8e-04,0.4116,0.8285,1,0,1.0169,1.0287
630,"6_blimp_rescue",0.1106,0.3688,0.7986,1,1,1.0789,0.9925
631,"1_lmer_complete",-0.0289033433201268,0.409709763753779,0.490752246632002,1,1,0.923399181036495,0.979864086199769
631,"2_blimp_complete",-0.0363,0.4099,0.4759,1,1,0.9515,0.9802
631,"3_lmer_naive",-0.539752059484541,0.545417170388381,0.394562251382503,0,0,0.71028415492057,0.754549937802518
631,"4_blimp_lmc_noaux",-0.5447,0.5459,0.3595,0,0,0.7224,0.7555
631,"5_blimp_omc_aux",-0.0299,0.4497,0.5807,0,1,0.9537,0.9937
631,"6_blimp_rescue",-0.0349,0.4201,0.4956,1,1,0.97,0.971
632,"1_lmer_complete",-0.0811926862307946,0.390533431746216,0.64073383238952,1,1,0.909125773700618,0.964886241723474
632,"2_blimp_complete",-0.084,0.3906,0.644,1,1,0.9302,0.9653
632,"3_lmer_naive",-0.611881252890698,0.501175095154955,0.498660355328003,0,1,0.685311860159356,0.741707046207305
632,"4_blimp_lmc_noaux",-0.6324,0.5007,0.5043,0,1,0.7074,0.742
632,"5_blimp_omc_aux",-0.1716,0.4133,0.7272,1,1,0.9083,0.9627
632,"6_blimp_rescue",-0.099,0.3739,0.6732,1,1,0.9365,0.9274
633,"1_lmer_complete",0.0890359314743036,0.405723651477252,0.503007686050736,1,1,1.02933160341054,1.01618090988938
633,"2_blimp_complete",0.0942,0.4058,0.498,1,1,1.0607,1.0167
633,"3_lmer_naive",-0.442221767785726,0.565190057997827,0.315276380962939,0,0,0.766086685809141,0.757557871101201
633,"4_blimp_lmc_noaux",-0.4354,0.5654,0.2923,0,0,0.7844,0.7585
633,"5_blimp_omc_aux",0.0574,0.471,0.5266,0,1,0.9818,1.0144
633,"6_blimp_rescue",0.034,0.4338,0.409,1,1,0.9627,0.9826
634,"1_lmer_complete",0.0608179352993759,0.403180131099942,0.592134994865099,1,1,0.900160473771872,1.01079499287844
634,"2_blimp_complete",0.0586,0.4029,0.6156,1,1,0.9281,1.0115
634,"3_lmer_naive",-0.449074120003831,0.531372320947336,0.450489485802879,0,0,0.63270463898479,0.826575444209587
634,"4_blimp_lmc_noaux",-0.4523,0.5318,0.4541,0,0,0.6521,0.8273
634,"5_blimp_omc_aux",0.0539,0.4441,0.65,0,1,0.8956,1.0735
634,"6_blimp_rescue",0.0775,0.4037,0.5877,1,1,0.9079,1.0392
635,"1_lmer_complete",0.00489382851757009,0.39391383543863,0.778936331663484,1,1,0.905279112190855,0.978082337815615
635,"2_blimp_complete",0.0028,0.3938,0.7942,1,1,0.9264,0.9784
635,"3_lmer_naive",-0.598011827883298,0.529978204404306,0.560676785611512,0,1,0.75963480452584,0.772397686627807
635,"4_blimp_lmc_noaux",-0.6007,0.5307,0.5583,0,1,0.7867,0.7735
635,"5_blimp_omc_aux",-0.0733,0.4509,0.8605,0,0,0.9572,1.0184
635,"6_blimp_rescue",0.0398,0.4023,0.8562,1,0,1.0217,0.9842
636,"1_lmer_complete",-0.066821670287487,0.413556675690296,0.749802206449773,1,1,1.20125339295249,1.01063193194463
636,"2_blimp_complete",-0.0601,0.4136,0.7712,1,1,1.2322,1.0116
636,"3_lmer_naive",-0.65474832230269,0.552366710603539,0.550998795135339,0,1,0.921242950504752,0.762550901658712
636,"4_blimp_lmc_noaux",-0.6466,0.5524,0.5513,0,1,0.95,0.7634
636,"5_blimp_omc_aux",-0.1304,0.4488,0.7983,0,1,1.2201,1.0692
636,"6_blimp_rescue",-0.0424,0.4118,0.7997,1,1,1.3082,1.0423
637,"1_lmer_complete",-0.153743452164736,0.382987020769305,0.624304595270953,1,1,0.957724571329636,1.0256985112834
637,"2_blimp_complete",-0.1528,0.3829,0.6137,1,1,0.9817,1.0259
637,"3_lmer_naive",-0.710833509407582,0.547602941774638,0.368899001436723,0,0,0.745343773157418,0.800038000892222
637,"4_blimp_lmc_noaux",-0.7172,0.5475,0.3573,0,0,0.7671,0.801
637,"5_blimp_omc_aux",-0.156,0.4573,0.6426,0,1,0.9575,1.0895
637,"6_blimp_rescue",-0.1386,0.4134,0.5578,1,1,0.9671,1.0549
638,"1_lmer_complete",-0.0596371689206545,0.389246513076271,0.728249954672458,1,1,0.91843091872456,0.988569575754957
638,"2_blimp_complete",-0.0453,0.3896,0.742,1,1,0.9465,0.9885
638,"3_lmer_naive",-0.59178560137175,0.511395059500448,0.578890225306721,0,1,0.808532744005049,0.769054286313259
638,"4_blimp_lmc_noaux",-0.5876,0.5118,0.5787,0,1,0.8333,0.7704
638,"5_blimp_omc_aux",-0.1361,0.4194,0.7641,1,0,0.9296,0.9871
638,"6_blimp_rescue",-0.0676,0.3886,0.749,1,1,0.9714,0.9614
639,"1_lmer_complete",0.0338053039020664,0.407816076871627,0.509412649859293,1,1,1.24191722005992,1.02136104628521
639,"2_blimp_complete",0.0505,0.4078,0.5229,1,1,1.2686,1.0216
639,"3_lmer_naive",-0.467191961184365,0.552705284545751,0.431413344246502,0,1,0.9935856660947,0.793814716860303
639,"4_blimp_lmc_noaux",-0.465,0.5527,0.4352,0,1,1.0181,0.794
639,"5_blimp_omc_aux",0.0506,0.4454,0.609,0,1,1.2549,1.0649
639,"6_blimp_rescue",0.0482,0.4166,0.5253,1,1,1.2702,1.0416
640,"1_lmer_complete",0.1399170017247,0.396207430275874,0.453915773481627,1,1,1.07940260485708,1.00809008235682
640,"2_blimp_complete",0.142,0.3965,0.4579,1,1,1.1092,1.0082
640,"3_lmer_naive",-0.385764937147623,0.559377403113037,0.397616946667167,0,0,0.883955265817934,0.758969406468917
640,"4_blimp_lmc_noaux",-0.3761,0.5597,0.3659,0,0,0.9056,0.7594
640,"5_blimp_omc_aux",0.1133,0.4533,0.609,0,1,1.0852,1.0139
640,"6_blimp_rescue",0.1389,0.4205,0.5413,1,1,1.1162,0.9851
641,"1_lmer_complete",-0.0513519917249479,0.404790432112103,0.593718625375939,1,1,1.05484705361806,0.996104391762099
641,"2_blimp_complete",-0.0534,0.405,0.6022,1,1,1.0795,0.9969
641,"3_lmer_naive",-0.575768527616998,0.540381015668276,0.445153348793295,0,0,0.871282459891464,0.77748211160976
641,"4_blimp_lmc_noaux",-0.573,0.5404,0.449,0,1,0.8964,0.7788
641,"5_blimp_omc_aux",-0.0896,0.4598,0.6687,0,1,1.0512,1.031
641,"6_blimp_rescue",-0.061,0.4188,0.605,1,1,1.0724,0.9975
642,"1_lmer_complete",-0.0904333125965663,0.403854242120031,0.623604897694148,1,1,1.02855091162302,1.01250534424382
642,"2_blimp_complete",-0.0777,0.4037,0.6481,1,1,1.0576,1.0132
642,"3_lmer_naive",-0.637308796213538,0.510349375889283,0.396094194765967,0,0,0.71729829055588,0.779486980750741
642,"4_blimp_lmc_noaux",-0.6379,0.5106,0.3919,0,0,0.7371,0.7797
642,"5_blimp_omc_aux",-0.1578,0.4229,0.6448,1,1,0.9599,1.0019
642,"6_blimp_rescue",-0.1319,0.3921,0.5705,1,1,1.0047,0.9762
643,"1_lmer_complete",-0.0884305791428866,0.384870142662515,0.681487121187167,1,1,0.809610788979233,1.0131025649261
643,"2_blimp_complete",-0.0837,0.3851,0.68,1,1,0.8312,1.0136
643,"3_lmer_naive",-0.646639229469275,0.510988768738467,0.40333761785937,0,0,0.645436923199105,0.802159875055039
643,"4_blimp_lmc_noaux",-0.6502,0.5106,0.4009,0,0,0.6669,0.8027
643,"5_blimp_omc_aux",-0.122,0.4063,0.6781,1,1,0.8175,1.0779
643,"6_blimp_rescue",-0.0512,0.3652,0.6333,1,1,0.8673,1.0415
644,"1_lmer_complete",0.314053977665779,0.372658693540624,0.479046286427779,1,1,0.802626040374844,1.00783465337442
644,"2_blimp_complete",0.3003,0.3727,0.477,1,1,0.8246,1.0082
644,"3_lmer_naive",-0.191708589914807,0.516028486812632,0.303277273135938,0,0,0.671910516404459,0.765972346439273
644,"4_blimp_lmc_noaux",-0.1819,0.5161,0.2907,0,0,0.6921,0.7667
644,"5_blimp_omc_aux",0.3081,0.4125,0.5346,1,1,0.8035,1.0597
644,"6_blimp_rescue",0.3242,0.3705,0.4728,1,1,0.8086,1.0264
645,"1_lmer_complete",-0.0154970570169882,0.378044114817208,0.591448504796789,1,1,1.18464584362045,0.994545691815388
645,"2_blimp_complete",-0.0122,0.3779,0.5992,1,1,1.2193,0.9949
645,"3_lmer_naive",-0.566987703743171,0.499388172610525,0.409380749329326,0,0,0.933301391399654,0.777801002150875
645,"4_blimp_lmc_noaux",-0.5597,0.4993,0.4033,0,1,0.9575,0.7785
645,"5_blimp_omc_aux",-0.068,0.3984,0.6447,1,1,1.178,1.0412
645,"6_blimp_rescue",0.0143,0.3579,0.6063,0,1,1.213,1.0063
646,"1_lmer_complete",-0.0836450461088661,0.411173573909924,0.446724276419935,1,1,1.01290791346137,0.975743255626693
646,"2_blimp_complete",-0.0848,0.4112,0.4501,1,1,1.046,0.9763
646,"3_lmer_naive",-0.611109350066756,0.535978469091078,0.336010555926355,0,0,0.754333993350748,0.7475834714785
646,"4_blimp_lmc_noaux",-0.6196,0.536,0.3153,0,0,0.7716,0.7486
646,"5_blimp_omc_aux",-0.1009,0.4433,0.5441,1,1,1.0519,1
646,"6_blimp_rescue",-0.0819,0.4019,0.4662,1,1,1.05,0.9662
647,"1_lmer_complete",0.142475727573176,0.36759397539047,0.648364815031715,0,1,1.0474795070192,0.997585119072963
647,"2_blimp_complete",0.1301,0.3676,0.6863,0,1,1.0751,0.9981
647,"3_lmer_naive",-0.443832102690569,0.495267839152181,0.51904623265969,0,1,0.834013042939224,0.791760147477279
647,"4_blimp_lmc_noaux",-0.4516,0.4954,0.5253,0,1,0.8554,0.7932
647,"5_blimp_omc_aux",0.0532,0.41,0.7932,1,1,1.0672,1.0443
647,"6_blimp_rescue",0.1783,0.3694,0.7638,1,1,1.1404,1.0098
648,"1_lmer_complete",0.127402207161865,0.402700286090791,0.445979494872788,1,1,0.95165472199806,1.01119694679392
648,"2_blimp_complete",0.1222,0.4023,0.4481,1,1,0.9808,1.012
648,"3_lmer_naive",-0.388576972497137,0.533398683470558,0.353888068547638,0,0,0.770165266543903,0.786036283501724
648,"4_blimp_lmc_noaux",-0.3979,0.5336,0.3334,0,0,0.7855,0.7867
648,"5_blimp_omc_aux",0.133,0.4501,0.5868,0,1,1.0168,1.0433
648,"6_blimp_rescue",0.1543,0.407,0.4523,1,1,1.0221,1.0049
649,"1_lmer_complete",-0.295333482294908,0.416152314044429,0.44591920382697,1,1,1.15720474547705,0.982059747875293
649,"2_blimp_complete",-0.3113,0.4162,0.4324,1,1,1.1903,0.9827
649,"3_lmer_naive",-0.722123598579094,0.53504302521312,0.278295925379027,0,0,0.93342855086074,0.775344886092912
649,"4_blimp_lmc_noaux",-0.7408,0.5354,0.2639,0,0,0.9578,0.7763
649,"5_blimp_omc_aux",-0.2875,0.4535,0.5133,0,1,1.1825,0.9878
649,"6_blimp_rescue",-0.2873,0.4244,0.4605,1,1,1.2199,0.9686
650,"1_lmer_complete",-0.0395793041044432,0.415590155661262,0.4623188512566,1,1,1.02631116181348,0.959760998561145
650,"2_blimp_complete",-0.044,0.4155,0.4478,1,1,1.0528,0.96
650,"3_lmer_naive",-0.536191098854402,0.55735000677143,0.325994774245446,0,0,0.866462280350507,0.728220100712973
650,"4_blimp_lmc_noaux",-0.5237,0.5577,0.2991,0,0,0.8865,0.7291
650,"5_blimp_omc_aux",-0.0652,0.4708,0.54,0,1,1.0449,0.9701
650,"6_blimp_rescue",-0.0698,0.4302,0.4351,1,1,1.0313,0.9422
651,"1_lmer_complete",0.0623885022525595,0.394366422561186,0.575874340406382,1,1,1.09819508712944,0.999092760664264
651,"2_blimp_complete",0.0518,0.3941,0.5774,1,1,1.1272,0.9999
651,"3_lmer_naive",-0.486228753235934,0.518536891476976,0.395793671415847,0,0,1.02792548606571,0.775478763842824
651,"4_blimp_lmc_noaux",-0.4993,0.5184,0.391,0,0,1.062,0.7765
651,"5_blimp_omc_aux",0.0639,0.4331,0.6133,1,1,1.1392,1.049
651,"6_blimp_rescue",0.1066,0.3888,0.5781,1,1,1.1645,1.0152
652,"1_lmer_complete",0.0020857009715368,0.378943539472918,0.750167160745428,1,1,1.37506811340397,0.987400313310571
652,"2_blimp_complete",-0.0189,0.3788,0.7572,1,1,1.4157,0.9875
652,"3_lmer_naive",-0.598776652044896,0.506594363445833,0.52534910720644,0,1,1.0702150991157,0.762509626184821
652,"4_blimp_lmc_noaux",-0.5994,0.5067,0.5183,0,1,1.1009,0.7634
652,"5_blimp_omc_aux",-0.0939,0.413,0.7676,1,1,1.354,1.0158
652,"6_blimp_rescue",-0.0096,0.3732,0.6679,1,1,1.422,0.9829
653,"1_lmer_complete",0.273454774351256,0.395786463159845,0.348173563417113,1,0,0.955203675992502,0.996488456464347
653,"2_blimp_complete",0.2738,0.3955,0.3352,1,0,0.9794,0.997
653,"3_lmer_naive",-0.222429761182689,0.56639595528717,0.234130419592173,0,0,0.781372809694008,0.757796917065224
653,"4_blimp_lmc_noaux",-0.2104,0.5663,0.194,0,0,0.7947,0.7586
653,"5_blimp_omc_aux",0.3067,0.4645,0.4802,0,1,1.0414,1.0796
653,"6_blimp_rescue",0.3133,0.42,0.3657,1,0,1.0202,1.0464
654,"1_lmer_complete",0.0390409794125663,0.393325335968176,0.494376367434526,1,1,1.0578199455643,1.00982913907317
654,"2_blimp_complete",0.0463,0.3935,0.5026,1,1,1.0905,1.0105
654,"3_lmer_naive",-0.49719265929651,0.542723965151075,0.38667571455348,0,0,0.866344095930195,0.800269553481011
654,"4_blimp_lmc_noaux",-0.5081,0.5434,0.3526,0,0,0.886,0.8014
654,"5_blimp_omc_aux",0.0669,0.4538,0.6149,0,1,1.1297,1.0764
654,"6_blimp_rescue",0.0976,0.4124,0.5471,1,1,1.1446,1.0424
655,"1_lmer_complete",0.0732936680340573,0.391409728649713,0.687767839435992,1,1,0.829948524493914,1.03120093365912
655,"2_blimp_complete",0.0738,0.3914,0.7068,1,1,0.8504,1.0321
655,"3_lmer_naive",-0.525144235979755,0.537769080739902,0.477314157880816,0,1,0.632575201073755,0.773697103098182
655,"4_blimp_lmc_noaux",-0.5205,0.537,0.4726,0,1,0.6522,0.7745
655,"5_blimp_omc_aux",-0.0236,0.4294,0.7037,1,1,0.7805,1.0507
655,"6_blimp_rescue",0.0319,0.3944,0.6618,1,1,0.81,1.022
656,"1_lmer_complete",0.253800706968391,0.413401681736006,0.55584221932318,1,1,0.872559353536613,0.999854663973567
656,"2_blimp_complete",0.2445,0.4135,0.5591,1,1,0.8996,1.0002
656,"3_lmer_naive",-0.278872307668311,0.558153814348582,0.390959087832173,0,0,0.706041063194947,0.728292517790366
656,"4_blimp_lmc_noaux",-0.2695,0.5579,0.3795,0,0,0.7193,0.7288
656,"5_blimp_omc_aux",0.2134,0.4613,0.5883,0,1,0.9591,0.9612
656,"6_blimp_rescue",0.223,0.4314,0.534,1,1,0.9768,0.9372
657,"1_lmer_complete",-0.00614312198645801,0.411802377671647,0.641045744991421,1,1,0.871550397979777,1.01317229568448
657,"2_blimp_complete",-0.0051,0.4118,0.6255,1,1,0.8949,1.0134
657,"3_lmer_naive",-0.558673453759198,0.529903870931509,0.468597810102882,0,0,0.604224596824523,0.780738450616917
657,"4_blimp_lmc_noaux",-0.5521,0.5299,0.4607,0,1,0.6209,0.7815
657,"5_blimp_omc_aux",-0.0755,0.4375,0.7075,1,1,0.8001,1.0414
657,"6_blimp_rescue",-0.0041,0.3954,0.6332,1,1,0.8304,1.0086
658,"1_lmer_complete",0.0298205789219631,0.39086183792356,0.424720327795891,1,1,1.08199255962822,0.99300745789607
658,"2_blimp_complete",0.0197,0.3911,0.4394,1,1,1.1104,0.9932
658,"3_lmer_naive",-0.475882065566516,0.513116950088105,0.382287950014737,0,0,0.99483007663647,0.772331045031022
658,"4_blimp_lmc_noaux",-0.4611,0.5132,0.3693,0,0,1.0216,0.7727
658,"5_blimp_omc_aux",0.0394,0.4004,0.532,1,1,1.1464,1.032
658,"6_blimp_rescue",0.0617,0.3766,0.4798,1,1,1.1697,1.01
659,"1_lmer_complete",-0.00826738689108164,0.400741412982768,0.739771073132813,1,1,0.930432546727146,0.993532373470028
659,"2_blimp_complete",-0.0019,0.4008,0.7359,1,1,0.954,0.994
659,"3_lmer_naive",-0.581473016452431,0.495864201294364,0.531050384511936,0,1,0.707343232980445,0.826599618943609
659,"4_blimp_lmc_noaux",-0.5851,0.497,0.5256,0,1,0.7306,0.8276
659,"5_blimp_omc_aux",-0.0755,0.4111,0.7767,1,0,0.8958,1.0488
659,"6_blimp_rescue",0.007,0.3744,0.7454,1,1,0.9405,1.0146
660,"1_lmer_complete",0.0432969203357613,0.40191555924529,0.473662388545262,1,1,1.14640337948256,1.02280809547679
660,"2_blimp_complete",0.0552,0.402,0.4934,1,1,1.1822,1.023
660,"3_lmer_naive",-0.458720229788126,0.527955658123899,0.326683077401023,0,0,0.930275375326306,0.790074457099259
660,"4_blimp_lmc_noaux",-0.4774,0.529,0.2928,0,0,0.9421,0.7912
660,"5_blimp_omc_aux",0.0623,0.4204,0.5454,1,1,1.2371,1.0604
660,"6_blimp_rescue",0.1193,0.3947,0.5215,1,1,1.3146,1.04
661,"1_lmer_complete",-0.096643241889349,0.402422186331158,0.608083070654548,1,1,0.986186509091226,1.00065647513299
661,"2_blimp_complete",-0.0847,0.4023,0.6117,1,1,1.0109,1.0013
661,"3_lmer_naive",-0.59055450239132,0.547699669263568,0.413626781622817,0,0,0.800649075868195,0.783759701399891
661,"4_blimp_lmc_noaux",-0.5663,0.5481,0.3854,0,0,0.8236,0.7844
661,"5_blimp_omc_aux",-0.1171,0.4463,0.6593,0,1,1.0108,1.0679
661,"6_blimp_rescue",-0.0579,0.4041,0.5981,1,1,1.0438,1.0345
662,"1_lmer_complete",-0.0123253201335789,0.409335397710569,0.609714255057653,1,1,0.905143657445903,0.981387613189769
662,"2_blimp_complete",-0.0206,0.4094,0.6076,1,1,0.9302,0.9817
662,"3_lmer_naive",-0.552996596014055,0.530123908410639,0.427642490064715,0,0,0.769737724731839,0.777828357238877
662,"4_blimp_lmc_noaux",-0.5573,0.5296,0.4412,0,1,0.7939,0.7786
662,"5_blimp_omc_aux",-0.0441,0.4421,0.6284,0,1,0.9044,1.0247
662,"6_blimp_rescue",-0.0209,0.4098,0.6108,1,1,0.9147,0.9984
663,"1_lmer_complete",0.0801813366152318,0.408031030601707,0.634170609957435,1,1,0.999761715382594,1.0123124582968
663,"2_blimp_complete",0.0738,0.4078,0.615,1,1,1.0298,1.0126
663,"3_lmer_naive",-0.512002318831998,0.546673970568501,0.472871468178492,0,1,0.797692780532057,0.791621020471652
663,"4_blimp_lmc_noaux",-0.5214,0.5468,0.4753,0,1,0.8209,0.7929
663,"5_blimp_omc_aux",0.0736,0.4591,0.7231,0,1,1.0009,1.0683
663,"6_blimp_rescue",0.0893,0.4174,0.6694,1,1,1.0296,1.033
664,"1_lmer_complete",-0.00982620810542698,0.400562564695176,0.800988486807484,1,1,1.13338634016001,0.974372756195971
664,"2_blimp_complete",-0.0229,0.4006,0.7961,1,0,1.1586,0.9744
664,"3_lmer_naive",-0.578983231651498,0.528963770959372,0.617336433195726,0,1,0.897035701151148,0.760612745247895
664,"4_blimp_lmc_noaux",-0.5561,0.5293,0.6096,0,1,0.9241,0.7616
664,"5_blimp_omc_aux",-0.1165,0.4329,0.7894,1,0,1.1194,0.9991
664,"6_blimp_rescue",-0.0056,0.3972,0.7843,1,1,1.163,0.9666
665,"1_lmer_complete",0.156303919464323,0.383516736399068,0.541362039528722,1,1,0.964854139596691,0.987677040319005
665,"2_blimp_complete",0.1344,0.3832,0.5446,1,1,0.9944,0.9881
665,"3_lmer_naive",-0.382070605365845,0.55499846876232,0.414944407935307,0,0,0.791060930062359,0.733002144176429
665,"4_blimp_lmc_noaux",-0.3766,0.5546,0.4153,0,0,0.813,0.7335
665,"5_blimp_omc_aux",0.1421,0.454,0.6408,0,1,0.9938,1.0069
665,"6_blimp_rescue",0.1874,0.4151,0.5526,1,1,1.0046,0.9832
666,"1_lmer_complete",0.069864720735454,0.400192843230716,0.680118347151456,1,1,0.919527349217744,1.02688590125288
666,"2_blimp_complete",0.0693,0.4,0.6763,1,1,0.9443,1.0272
666,"3_lmer_naive",-0.505343713802479,0.54601124083194,0.48425539595815,0,1,0.744975651121826,0.802608274499949
666,"4_blimp_lmc_noaux",-0.5121,0.5463,0.4875,0,1,0.7666,0.8033
666,"5_blimp_omc_aux",0.0464,0.4565,0.7448,0,1,0.9205,1.0864
666,"6_blimp_rescue",0.1041,0.4129,0.6969,1,1,0.9495,1.0529
667,"1_lmer_complete",-0.00412555190938243,0.386827008388989,0.65302860025594,1,1,0.914882738967167,0.997521978366906
667,"2_blimp_complete",-0.0091,0.387,0.6658,1,1,0.9394,0.9981
667,"3_lmer_naive",-0.581550482933529,0.525614412633182,0.47418366848816,0,1,0.82231853703971,0.793311806502627
667,"4_blimp_lmc_noaux",-0.5865,0.5255,0.4776,0,1,0.8452,0.7943
667,"5_blimp_omc_aux",-0.0501,0.425,0.7234,1,1,0.8953,1.0761
667,"6_blimp_rescue",-0.0272,0.3835,0.6908,1,1,0.9165,1.0432
668,"1_lmer_complete",0.0369688813125242,0.399256268124412,0.459513363099583,1,1,1.11326581538696,0.949310530803619
668,"2_blimp_complete",0.047,0.3994,0.4629,1,1,1.1436,0.9503
668,"3_lmer_naive",-0.492965205109967,0.529194124113965,0.41053753744739,0,1,0.895319038700966,0.738510139882959
668,"4_blimp_lmc_noaux",-0.5005,0.5286,0.4246,0,1,0.9253,0.7397
668,"5_blimp_omc_aux",0.0236,0.4433,0.6185,0,1,1.208,0.9995
668,"6_blimp_rescue",0.0802,0.3975,0.4593,1,1,1.2128,0.9608
669,"1_lmer_complete",0.170231270966013,0.41446766306432,0.53233101250041,1,1,1.05796808761371,1.01824719426544
669,"2_blimp_complete",0.1821,0.4145,0.5318,1,1,1.0928,1.0186
669,"3_lmer_naive",-0.388409456484457,0.54002894563239,0.445089023203859,0,1,0.848256052187603,0.815978715459606
669,"4_blimp_lmc_noaux",-0.3927,0.5402,0.4392,0,1,0.8735,0.8166
669,"5_blimp_omc_aux",0.1552,0.4537,0.6358,0,1,1.0779,1.0895
669,"6_blimp_rescue",0.2031,0.4152,0.591,1,1,1.0915,1.0606
670,"1_lmer_complete",-0.104517462801249,0.422086814833663,0.493083905533846,1,1,1.19322708655708,1.0180415042945
670,"2_blimp_complete",-0.0964,0.4222,0.4983,1,1,1.2274,1.0182
670,"3_lmer_naive",-0.609825280742826,0.556736830771461,0.384476341986504,0,0,0.979003693622823,0.780460353908738
670,"4_blimp_lmc_noaux",-0.6157,0.5568,0.3795,0,1,1.0066,0.7812
670,"5_blimp_omc_aux",-0.1267,0.461,0.6127,0,1,1.2465,1.0427
670,"6_blimp_rescue",-0.1004,0.423,0.5346,1,1,1.256,1.0174
671,"1_lmer_complete",-0.0212311955573572,0.412799511580106,0.728844840708029,1,1,0.775544711588075,0.977529479870135
671,"2_blimp_complete",-0.0342,0.413,0.7489,1,1,0.7916,0.9781
671,"3_lmer_naive",-0.563658572217745,0.552068236175709,0.506593541441269,0,1,0.748230175251321,0.802953147293622
671,"4_blimp_lmc_noaux",-0.5703,0.5514,0.5157,0,1,0.7729,0.8034
671,"5_blimp_omc_aux",-0.0518,0.4649,0.7138,0,1,0.8442,1.0655
671,"6_blimp_rescue",0.0059,0.4321,0.7075,1,1,0.8636,1.0428
672,"1_lmer_complete",0.105739422417199,0.401308570265588,0.512870155713649,1,1,0.923652210064288,1.00181272402022
672,"2_blimp_complete",0.0945,0.4012,0.5217,1,1,0.952,1.0021
672,"3_lmer_naive",-0.436310089189885,0.554939728183806,0.371791012173877,0,0,0.790594982950173,0.766985772817912
672,"4_blimp_lmc_noaux",-0.425,0.5549,0.3694,0,0,0.8142,0.7681
672,"5_blimp_omc_aux",0.1168,0.4663,0.6186,0,1,0.962,1.0402
672,"6_blimp_rescue",0.1331,0.4221,0.5528,1,1,0.9653,1.0071
673,"1_lmer_complete",0.1028187712466,0.403474977388647,0.630099333032205,1,1,1.06874813282134,1.0030594046031
673,"2_blimp_complete",0.1157,0.4036,0.6306,1,1,1.1023,1.0031
673,"3_lmer_naive",-0.427372334115448,0.540635256496212,0.439097225866332,0,1,0.882770737152781,0.799574853289606
673,"4_blimp_lmc_noaux",-0.416,0.5409,0.4309,0,1,0.9085,0.8002
673,"5_blimp_omc_aux",0.0598,0.4418,0.6883,1,1,1.1124,1.06
673,"6_blimp_rescue",0.1441,0.4063,0.6196,1,1,1.1477,1.029
674,"1_lmer_complete",0.0197828969823265,0.40486437233046,0.752886772467804,1,1,1.16433039530913,1.02874304226974
674,"2_blimp_complete",0.0201,0.4049,0.7708,1,1,1.1953,1.0293
674,"3_lmer_naive",-0.60530026988793,0.529004604481069,0.580379868019413,0,1,0.891826722829035,0.826387073331711
674,"4_blimp_lmc_noaux",-0.6116,0.5291,0.5809,0,1,0.9189,0.8277
674,"5_blimp_omc_aux",-0.031,0.4474,0.7984,0,0,1.1779,1.0854
674,"6_blimp_rescue",3e-04,0.4056,0.745,1,1,1.2315,1.0514
675,"1_lmer_complete",-0.173783487871462,0.422425112596868,0.560904911626021,1,1,0.968902136143137,0.971209664771289
675,"2_blimp_complete",-0.1594,0.4224,0.5664,1,1,0.994,0.972
675,"3_lmer_naive",-0.67120329887595,0.551610079278226,0.418390867960226,0,0,0.756585079679175,0.759210852302812
675,"4_blimp_lmc_noaux",-0.6814,0.5518,0.4014,0,0,0.7779,0.7593
675,"5_blimp_omc_aux",-0.1725,0.453,0.6009,0,1,1.0131,1.0066
675,"6_blimp_rescue",-0.1503,0.4225,0.5294,1,1,1.0477,0.9818
676,"1_lmer_complete",-0.000685160928032664,0.391894256705433,0.545697279624849,1,1,1.26371054744666,1.01678191818027
676,"2_blimp_complete",0.0193,0.3922,0.5612,1,1,1.3023,1.0171
676,"3_lmer_naive",-0.531468014636587,0.520944050201703,0.468142515699258,0,1,0.986530351913082,0.787668678068028
676,"4_blimp_lmc_noaux",-0.5199,0.521,0.452,0,1,1.0121,0.789
676,"5_blimp_omc_aux",-0.0338,0.4229,0.5974,1,1,1.2811,1.0537
676,"6_blimp_rescue",0.0178,0.3929,0.5304,1,1,1.3065,1.0302
677,"1_lmer_complete",0.17380861949237,0.391090537824646,0.589063808114258,1,1,1.35857029558919,0.991466569385496
677,"2_blimp_complete",0.1904,0.3907,0.5658,1,1,1.3963,0.9916
677,"3_lmer_naive",-0.464742203790872,0.527583822481851,0.437488076261594,0,1,1.00782182682922,0.740171936641443
677,"4_blimp_lmc_noaux",-0.4665,0.5279,0.4173,0,1,1.0342,0.7413
677,"5_blimp_omc_aux",0.1112,0.4133,0.6407,1,1,1.3516,1.0057
677,"6_blimp_rescue",0.1783,0.3835,0.5572,1,1,1.4655,0.9762
678,"1_lmer_complete",-0.162846287319579,0.381778569621847,0.647570647106613,1,1,1.07708382417458,0.996145565318482
678,"2_blimp_complete",-0.1682,0.382,0.6739,1,1,1.1069,0.9969
678,"3_lmer_naive",-0.689268402203639,0.511326179627105,0.507636392323622,0,1,0.857563855615901,0.783552132627015
678,"4_blimp_lmc_noaux",-0.6866,0.5117,0.4936,0,1,0.8838,0.7842
678,"5_blimp_omc_aux",-0.1692,0.4185,0.7143,1,1,1.113,1.0165
678,"6_blimp_rescue",-0.1354,0.3889,0.6772,1,1,1.158,0.9941
679,"1_lmer_complete",0.0409454401499923,0.422376114966222,0.657099881992053,1,1,0.951706190519571,1.00992320487573
679,"2_blimp_complete",0.0521,0.4225,0.6725,1,1,0.9794,1.0103
679,"3_lmer_naive",-0.505221196460872,0.544593124864418,0.480492659364028,0,1,0.778342456026138,0.796380810003087
679,"4_blimp_lmc_noaux",-0.4984,0.5448,0.463,0,1,0.7998,0.7967
679,"5_blimp_omc_aux",0.017,0.4479,0.7228,0,1,1.0196,1.0878
679,"6_blimp_rescue",0.0643,0.4021,0.6846,1,1,1.0546,1.0479
680,"1_lmer_complete",-0.0285102645273308,0.393536530870228,0.732046518338194,1,1,0.860983745732758,1.02301179382346
680,"2_blimp_complete",-0.026,0.3935,0.7216,1,1,0.8857,1.0235
680,"3_lmer_naive",-0.643279805578983,0.545504777142165,0.516755264651854,0,1,0.644597842085632,0.7537946142954
680,"4_blimp_lmc_noaux",-0.6427,0.5455,0.5138,0,1,0.6636,0.7549
680,"5_blimp_omc_aux",-0.1382,0.4517,0.7611,0,0,0.8053,1.0204
680,"6_blimp_rescue",-0.0719,0.4109,0.7301,1,1,0.8394,0.989
681,"1_lmer_complete",0.172006581143979,0.40067939298968,0.59129507212737,1,1,1.08285511504453,0.973811043709798
681,"2_blimp_complete",0.1653,0.4008,0.6078,1,1,1.1138,0.9745
681,"3_lmer_naive",-0.369046834138838,0.542955624676219,0.476581022706491,0,1,0.913531520957932,0.760716654063643
681,"4_blimp_lmc_noaux",-0.3694,0.5423,0.4747,0,1,0.9403,0.7613
681,"5_blimp_omc_aux",0.1626,0.4551,0.6694,0,1,1.1418,0.9974
681,"6_blimp_rescue",0.2252,0.4249,0.6624,1,1,1.188,0.9751
682,"1_lmer_complete",-0.0262966982499064,0.418335590717006,0.590452999749149,1,1,0.843600540299149,1.01431870097506
682,"2_blimp_complete",-0.026,0.4183,0.5805,1,1,0.8683,1.0147
682,"3_lmer_naive",-0.562192052515131,0.558316178370878,0.387274196306384,0,0,0.740168794856688,0.795197809959695
682,"4_blimp_lmc_noaux",-0.5713,0.5581,0.3833,0,0,0.7635,0.7955
682,"5_blimp_omc_aux",-0.0044,0.4671,0.6451,0,1,0.8565,1.071
682,"6_blimp_rescue",0.012,0.4284,0.6208,1,1,0.8706,1.0431
683,"1_lmer_complete",-0.0988235767482586,0.393875101558773,0.429175497959423,1,1,0.936032769220853,0.988860643631475
683,"2_blimp_complete",-0.0851,0.3936,0.4217,1,1,0.9652,0.9896
683,"3_lmer_naive",-0.57626160009295,0.525142097072396,0.285306028948839,0,0,0.840985402508123,0.75961349507243
683,"4_blimp_lmc_noaux",-0.5729,0.5259,0.2591,0,0,0.8605,0.7603
683,"5_blimp_omc_aux",-0.0788,0.4191,0.5257,1,1,1.0102,0.9902
683,"6_blimp_rescue",-0.0738,0.3887,0.4631,1,1,1.0524,0.9629
684,"1_lmer_complete",-0.112981995866663,0.393109091240342,0.590631119828065,1,1,0.739003387797804,1.0372294064781
684,"2_blimp_complete",-0.1109,0.393,0.6005,1,1,0.7578,1.0375
684,"3_lmer_naive",-0.704095163284833,0.538280519440337,0.443622218154713,0,0,0.609064486754054,0.78354461577596
684,"4_blimp_lmc_noaux",-0.6976,0.5384,0.432,0,1,0.6268,0.784
684,"5_blimp_omc_aux",-0.1522,0.437,0.6292,1,1,0.6837,1.0621
684,"6_blimp_rescue",-0.1195,0.398,0.5977,1,1,0.6907,1.0272
685,"1_lmer_complete",-0.163275039589503,0.40988468498981,0.73262913565408,1,1,1.26867878867025,0.997841067285973
685,"2_blimp_complete",-0.1709,0.4098,0.7603,1,1,1.3017,0.9981
685,"3_lmer_naive",-0.772512086180411,0.543826146529056,0.551508183034761,0,1,0.907079661434115,0.771826179148731
685,"4_blimp_lmc_noaux",-0.7728,0.5445,0.541,0,1,0.9356,0.7728
685,"5_blimp_omc_aux",-0.292,0.4642,0.8183,0,0,1.1789,1.023
685,"6_blimp_rescue",-0.1491,0.417,0.7573,1,1,1.2427,0.9882
686,"1_lmer_complete",-0.0382671123948115,0.421364476643918,0.69766353975906,1,1,0.81138425391264,1.03255371157778
686,"2_blimp_complete",-0.0345,0.4211,0.7172,1,1,0.8316,1.0335
686,"3_lmer_naive",-0.600472186240348,0.560512013278961,0.510122966869994,0,1,0.656311860863945,0.814004521618735
686,"4_blimp_lmc_noaux",-0.6111,0.5603,0.5202,0,1,0.6783,0.8148
686,"5_blimp_omc_aux",-0.0871,0.4698,0.7506,0,1,0.8169,1.0801
686,"6_blimp_rescue",-0.0429,0.4305,0.71,1,1,0.8412,1.0512
687,"1_lmer_complete",0.144554816583684,0.412238911090423,0.602823700761603,1,1,1.16283243519106,1.00096826591482
687,"2_blimp_complete",0.1181,0.4119,0.6062,1,1,1.1943,1.0016
687,"3_lmer_naive",-0.448114260594436,0.545780551340481,0.474133985691332,0,1,0.996254333266002,0.731993338801989
687,"4_blimp_lmc_noaux",-0.4508,0.5462,0.4666,0,1,1.0247,0.7328
687,"5_blimp_omc_aux",0.0878,0.4197,0.6581,1,1,1.1741,1.0299
687,"6_blimp_rescue",0.1592,0.387,0.6219,1,1,1.2049,1.0013
688,"1_lmer_complete",-0.0142889962503641,0.390998225508751,0.606405969159307,1,1,0.873587168894886,0.998676827804399
688,"2_blimp_complete",-0.0221,0.3911,0.6112,1,1,0.8999,0.9993
688,"3_lmer_naive",-0.534714371508613,0.547976483925818,0.489534912734111,0,1,0.751410068465217,0.795470991364633
688,"4_blimp_lmc_noaux",-0.5389,0.5478,0.4986,0,1,0.7751,0.7966
688,"5_blimp_omc_aux",-0.0498,0.4441,0.7495,1,1,0.938,1.0717
688,"6_blimp_rescue",0.0456,0.4118,0.7043,1,1,0.9897,1.0482
689,"1_lmer_complete",-0.090355626458836,0.383425167203581,0.69947762524043,1,1,1.0441778657905,0.999224067827744
689,"2_blimp_complete",-0.0901,0.3832,0.7024,1,1,1.0724,0.9994
689,"3_lmer_naive",-0.595928692339998,0.509049131960161,0.532179976434465,0,1,0.847372946662039,0.778333736600621
689,"4_blimp_lmc_noaux",-0.5987,0.5091,0.5332,0,1,0.8735,0.7792
689,"5_blimp_omc_aux",-0.1468,0.4034,0.7312,1,1,1.053,1.0211
689,"6_blimp_rescue",-0.0968,0.3777,0.6763,1,1,1.0819,0.9933
690,"1_lmer_complete",-0.0128524791306238,0.411778139472517,0.571373779137378,1,1,1.14969543205662,1.03147267218709
690,"2_blimp_complete",-0.0035,0.412,0.5632,1,1,1.1824,1.0319
690,"3_lmer_naive",-0.501366435439131,0.561099454574486,0.352946160564174,0,0,0.957529522122289,0.803049752689245
690,"4_blimp_lmc_noaux",-0.4872,0.5607,0.3341,0,0,0.9894,0.804
690,"5_blimp_omc_aux",0.0053,0.4566,0.5523,0,1,1.187,1.0955
690,"6_blimp_rescue",0.0279,0.4266,0.5214,1,1,1.3018,1.0704
691,"1_lmer_complete",-0.185172996409376,0.427227399546556,0.700270589592155,1,1,1.06836339381617,0.969338680997835
691,"2_blimp_complete",-0.1696,0.4269,0.7043,1,1,1.0939,0.9702
691,"3_lmer_naive",-0.683560685334763,0.55681456606186,0.537467661642463,0,1,0.890448122211589,0.753329479864634
691,"4_blimp_lmc_noaux",-0.6709,0.5568,0.535,0,1,0.9184,0.7538
691,"5_blimp_omc_aux",-0.2522,0.4647,0.7448,0,1,1.0567,0.9808
691,"6_blimp_rescue",-0.1976,0.4355,0.6982,1,1,1.0848,0.9561
692,"1_lmer_complete",0.0803239066454369,0.399888662332819,0.628267680129906,1,1,1.09682186294533,1.00549924018386
692,"2_blimp_complete",0.1028,0.4001,0.6377,1,1,1.1256,1.0062
692,"3_lmer_naive",-0.447060361147297,0.515062728340511,0.485696437402844,0,1,0.900602862194291,0.780730512687067
692,"4_blimp_lmc_noaux",-0.4604,0.5155,0.488,0,1,0.925,0.7818
692,"5_blimp_omc_aux",0.0588,0.4241,0.7418,1,1,1.1573,1.0368
692,"6_blimp_rescue",0.1175,0.3798,0.6864,1,1,1.2107,0.9956
693,"1_lmer_complete",0.0047386105584958,0.389195367464626,0.4998327171813,1,1,0.887160285481716,0.993288349689232
693,"2_blimp_complete",-0.0045,0.3891,0.4919,1,1,0.9131,0.9938
693,"3_lmer_naive",-0.532185973546775,0.542434315724964,0.300342141207991,0,0,0.72621226003861,0.758942435676307
693,"4_blimp_lmc_noaux",-0.5292,0.5433,0.2866,0,0,0.7406,0.7598
693,"5_blimp_omc_aux",0.0077,0.4385,0.5649,1,1,1.0053,1.0286
693,"6_blimp_rescue",0.0593,0.4052,0.4954,1,1,1.0603,1.0024
694,"1_lmer_complete",0.0658385649874635,0.379048444313539,0.664333945516362,1,1,1.10630626458379,0.999683924622808
694,"2_blimp_complete",0.0363,0.379,0.6731,1,1,1.1348,1.0004
694,"3_lmer_naive",-0.536223688198583,0.516745343795028,0.430233029111752,0,1,0.884831443247432,0.743293730968837
694,"4_blimp_lmc_noaux",-0.5321,0.5171,0.4345,0,1,0.9128,0.7443
694,"5_blimp_omc_aux",-0.0542,0.4203,0.685,1,1,1.0832,1.0049
694,"6_blimp_rescue",0.0175,0.3782,0.6335,1,1,1.123,0.9685
695,"1_lmer_complete",-0.0077853577141015,0.411288863316778,0.641521222407538,1,1,0.923166638129358,0.97499306628588
695,"2_blimp_complete",0.0018,0.4112,0.637,1,1,0.948,0.976
695,"3_lmer_naive",-0.56218594811022,0.537404480314362,0.476107018691776,0,1,0.716857831866866,0.751213030321683
695,"4_blimp_lmc_noaux",-0.5626,0.5377,0.4587,0,1,0.7349,0.7522
695,"5_blimp_omc_aux",-0.0758,0.4469,0.6952,0,1,0.9352,0.9953
695,"6_blimp_rescue",-0.0118,0.4142,0.637,1,1,0.9678,0.9719
696,"1_lmer_complete",-0.0227693944834486,0.39542338203563,0.697354121672732,1,1,0.953377982721908,1.01865752043027
696,"2_blimp_complete",-0.0171,0.3953,0.6942,1,1,0.9779,1.0188
696,"3_lmer_naive",-0.511070184858334,0.542632652586237,0.443941288220602,0,1,0.779024462854852,0.824840774073365
696,"4_blimp_lmc_noaux",-0.5106,0.5427,0.4378,0,1,0.8024,0.826
696,"5_blimp_omc_aux",-0.0663,0.4501,0.7103,0,1,0.9908,1.0799
696,"6_blimp_rescue",-0.0027,0.4197,0.673,1,1,1.0387,1.0596
697,"1_lmer_complete",0.0584569637164633,0.37768877884262,0.471166532683234,1,1,1.12987872431412,1.00996820518626
697,"2_blimp_complete",0.0641,0.3774,0.4823,1,1,1.159,1.0106
697,"3_lmer_naive",-0.443042900425182,0.519898153808828,0.304663674527665,0,0,0.955320557913374,0.789457311111048
697,"4_blimp_lmc_noaux",-0.4497,0.5195,0.2914,0,0,0.9756,0.7901
697,"5_blimp_omc_aux",0.0652,0.4251,0.5193,1,1,1.1862,1.0644
697,"6_blimp_rescue",0.0558,0.3872,0.4762,1,1,1.2341,1.0366
698,"1_lmer_complete",-0.00397688712271976,0.368233160182964,0.474985295359034,0,1,0.956737659117203,1.01310049303364
698,"2_blimp_complete",0.0024,0.3681,0.4735,0,1,0.982,1.0136
698,"3_lmer_naive",-0.536036238470031,0.484742527382383,0.369712607140106,0,0,0.800147481056198,0.768472418989612
698,"4_blimp_lmc_noaux",-0.533,0.485,0.355,0,0,0.8175,0.769
698,"5_blimp_omc_aux",-0.0485,0.3611,0.6173,1,1,0.9568,1.0511
698,"6_blimp_rescue",0.0014,0.3245,0.4908,0,1,0.9611,1.0133
699,"1_lmer_complete",-0.0124729048639417,0.383455656515565,0.578418032635728,1,1,0.994872206397873,0.9941676821172
699,"2_blimp_complete",-0.0105,0.3836,0.5704,1,1,1.0221,0.9945
699,"3_lmer_naive",-0.49945741060312,0.500196216477587,0.353212714884443,0,0,0.717894760098997,0.801023073578553
699,"4_blimp_lmc_noaux",-0.5011,0.5006,0.3304,0,0,0.7403,0.8021
699,"5_blimp_omc_aux",-0.0471,0.3985,0.6123,1,1,0.9358,1.0415
699,"6_blimp_rescue",-0.0057,0.3709,0.5861,1,1,0.984,1.0121
700,"1_lmer_complete",0.081862939912388,0.383013988584378,0.68322460909686,1,1,1.36947365043718,1.00766686864738
700,"2_blimp_complete",0.0835,0.3828,0.6912,1,1,1.4106,1.0086
700,"3_lmer_naive",-0.504033753857395,0.519285428749082,0.56505628044164,0,1,1.04722868712182,0.813184322702738
700,"4_blimp_lmc_noaux",-0.5093,0.5201,0.5599,0,1,1.0731,0.8137
700,"5_blimp_omc_aux",0.0029,0.432,0.8033,1,1,1.3377,1.0697
700,"6_blimp_rescue",0.0703,0.3977,0.7361,1,1,1.397,1.0449
701,"1_lmer_complete",0.00954661105436262,0.409524103940943,0.606298982625128,1,1,0.946343783176733,1.01252747231798
701,"2_blimp_complete",0.0316,0.4096,0.6262,1,1,0.9731,1.0129
701,"3_lmer_naive",-0.556400284083566,0.539046834735681,0.467395442923624,0,1,0.728124467049998,0.803831397181855
701,"4_blimp_lmc_noaux",-0.572,0.5389,0.4653,0,1,0.7511,0.8044
701,"5_blimp_omc_aux",0.0199,0.4369,0.6966,1,1,0.9797,1.0859
701,"6_blimp_rescue",0.057,0.3977,0.6064,1,1,1.0168,1.0563
702,"1_lmer_complete",-0.0399480876308354,0.42485078595457,0.508947845116331,1,1,1.00186536611205,0.978468273540134
702,"2_blimp_complete",-0.037,0.4245,0.4921,1,1,1.0322,0.9787
702,"3_lmer_naive",-0.538919715677531,0.557574004306499,0.400895930907877,0,0,0.78697130762299,0.764998804981155
702,"4_blimp_lmc_noaux",-0.5554,0.5576,0.3964,0,0,0.8112,0.7656
702,"5_blimp_omc_aux",-0.0173,0.4665,0.5804,0,1,0.9975,1.0279
702,"6_blimp_rescue",-0.0344,0.422,0.5209,1,1,0.998,0.9879
703,"1_lmer_complete",-0.0783830171892325,0.400543115843058,0.587910966875578,1,1,0.980311111530654,1.01523680651472
703,"2_blimp_complete",-0.0535,0.4005,0.5902,1,1,1.0057,1.0163
703,"3_lmer_naive",-0.629758753464631,0.536065466885505,0.423255735903997,0,0,0.684923170418607,0.791765090704489
703,"4_blimp_lmc_noaux",-0.6315,0.5364,0.411,0,0,0.7049,0.7928
703,"5_blimp_omc_aux",-0.102,0.4354,0.6127,1,1,0.9962,1.0647
703,"6_blimp_rescue",-0.0721,0.4005,0.5426,1,1,0.9951,1.0357
704,"1_lmer_complete",0.122438661289639,0.37491805920759,0.703402787696437,1,1,0.97076588875381,0.98325052738575
704,"2_blimp_complete",0.1425,0.3749,0.6918,1,1,0.9944,0.9836
704,"3_lmer_naive",-0.461159358460379,0.499075149828074,0.46961247305034,0,1,0.743849353961345,0.763264825880036
704,"4_blimp_lmc_noaux",-0.4658,0.4993,0.4632,0,1,0.7645,0.7636
704,"5_blimp_omc_aux",0.0463,0.3915,0.7313,1,1,1.0081,1.0165
704,"6_blimp_rescue",0.1434,0.3534,0.684,0,1,1.0504,0.9833
705,"1_lmer_complete",-0.0384957714367578,0.383732236318271,0.506695603209167,1,1,1.03839427978326,0.982537468680864
705,"2_blimp_complete",-0.0422,0.3837,0.4899,1,1,1.0672,0.9833
705,"3_lmer_naive",-0.557935995776667,0.519884312979828,0.369944559834553,0,0,0.832420501093206,0.768034034369058
705,"4_blimp_lmc_noaux",-0.5645,0.52,0.372,0,0,0.8573,0.7687
705,"5_blimp_omc_aux",-0.0519,0.4242,0.5504,1,1,1.0316,1.0377
705,"6_blimp_rescue",-0.0338,0.3806,0.4831,1,1,1.0294,0.9967
706,"1_lmer_complete",-0.160777757661137,0.388270109546416,0.59368549559507,1,1,1.05310123536811,0.996803848556388
706,"2_blimp_complete",-0.1669,0.3881,0.5932,1,1,1.0828,0.997
706,"3_lmer_naive",-0.682483297524212,0.52262367381635,0.386122219126743,0,0,0.782580016953758,0.801365639624523
706,"4_blimp_lmc_noaux",-0.6796,0.523,0.3647,0,0,0.8062,0.8018
706,"5_blimp_omc_aux",-0.1887,0.4241,0.6332,1,1,1.002,1.0556
706,"6_blimp_rescue",-0.1665,0.393,0.5546,1,1,1.0231,1.0289
707,"1_lmer_complete",0.0698815896546919,0.409488578837632,0.578792835664949,1,1,0.996949822182269,1.00846564295602
707,"2_blimp_complete",0.0719,0.4094,0.5882,1,1,1.0222,1.0091
707,"3_lmer_naive",-0.428443533051998,0.54673717137559,0.422289759319465,0,0,0.796385742618121,0.804711683502857
707,"4_blimp_lmc_noaux",-0.4423,0.5472,0.412,0,0,0.8144,0.8051
707,"5_blimp_omc_aux",0.0529,0.456,0.6565,0,1,1.0434,1.0536
707,"6_blimp_rescue",0.0903,0.4245,0.57,1,1,1.0749,1.0311
708,"1_lmer_complete",0.0298524269106217,0.403266996089552,0.697043203960228,1,1,0.953462992153841,1.00726405055386
708,"2_blimp_complete",0.0479,0.4032,0.69,1,1,0.9785,1.0078
708,"3_lmer_naive",-0.602794923203685,0.537106771028837,0.494902806825397,0,1,0.748055595357661,0.740548327397079
708,"4_blimp_lmc_noaux",-0.5853,0.5371,0.489,0,1,0.7701,0.7417
708,"5_blimp_omc_aux",-0.089,0.434,0.739,1,1,0.916,1.0227
708,"6_blimp_rescue",0.0188,0.3875,0.6549,1,1,0.9449,0.9801
709,"1_lmer_complete",-0.186579416440764,0.409188860463077,0.690563144771809,1,1,0.889055750276659,1.0030319723025
709,"2_blimp_complete",-0.1992,0.4089,0.6719,1,1,0.9134,1.0035
709,"3_lmer_naive",-0.67074403314244,0.518580136463459,0.502587008767711,0,1,0.716504963820661,0.786049004432984
709,"4_blimp_lmc_noaux",-0.6645,0.519,0.4959,0,1,0.7335,0.7867
709,"5_blimp_omc_aux",-0.2323,0.4298,0.7232,1,1,0.8996,1.0064
709,"6_blimp_rescue",-0.1713,0.3997,0.6861,1,1,0.9267,0.9864
710,"1_lmer_complete",0.099456169406012,0.379626584486341,0.576152002906178,1,1,1.0242943443277,1.01004196612958
710,"2_blimp_complete",0.1234,0.3796,0.5749,1,1,1.0548,1.0102
710,"3_lmer_naive",-0.405873683694252,0.514115626025749,0.475040767539953,0,1,0.873068960349174,0.778584887004132
710,"4_blimp_lmc_noaux",-0.4205,0.5141,0.4728,0,1,0.8983,0.7796
710,"5_blimp_omc_aux",0.0856,0.3957,0.6792,1,1,1.1085,1.0406
710,"6_blimp_rescue",0.1458,0.3696,0.6452,1,1,1.1867,1.0136
711,"1_lmer_complete",-0.241257441345619,0.401670859984297,0.753587017674386,1,1,1.01110447481215,0.992144710136266
711,"2_blimp_complete",-0.2468,0.4017,0.7394,1,1,1.0365,0.9926
711,"3_lmer_naive",-0.768018233227488,0.534153712139259,0.606681063664874,0,1,0.816671667031784,0.787972925609205
711,"4_blimp_lmc_noaux",-0.775,0.5337,0.6089,0,1,0.8406,0.7887
711,"5_blimp_omc_aux",-0.2934,0.4308,0.8109,1,0,1.0162,1.0449
711,"6_blimp_rescue",-0.206,0.3991,0.7783,1,1,1.0788,1.0177
712,"1_lmer_complete",0.183259137651091,0.396115124359195,0.590641283672853,1,1,1.21375557042196,1.01767168411476
712,"2_blimp_complete",0.1843,0.3963,0.5636,1,1,1.2513,1.0182
712,"3_lmer_naive",-0.423801096441638,0.528778948444895,0.503588198044766,0,1,0.90986216360257,0.762895596526526
712,"4_blimp_lmc_noaux",-0.4211,0.5286,0.4981,0,1,0.9356,0.7637
712,"5_blimp_omc_aux",0.1165,0.4237,0.6706,1,1,1.1868,1.0588
712,"6_blimp_rescue",0.1867,0.3828,0.5907,1,1,1.2087,1.0282
713,"1_lmer_complete",0.0219618384989769,0.391269440910026,0.601041825504346,1,1,0.89906453711702,1.01472482627585
713,"2_blimp_complete",0.0256,0.3913,0.6121,1,1,0.9223,1.015
713,"3_lmer_naive",-0.489353343730738,0.520870893622801,0.443235864697311,0,0,0.759965080159822,0.739144020525336
713,"4_blimp_lmc_noaux",-0.5016,0.5205,0.4458,0,0,0.7819,0.7403
713,"5_blimp_omc_aux",-0.019,0.4079,0.6291,1,1,0.9469,0.9986
713,"6_blimp_rescue",0.0124,0.3724,0.6024,1,1,0.9742,0.9624
714,"1_lmer_complete",0.081738401094642,0.374631325283988,0.862421759700749,1,0,0.994560207610263,0.999254192999197
714,"2_blimp_complete",0.0712,0.3747,0.8768,1,0,1.02,0.9996
714,"3_lmer_naive",-0.513412722505824,0.504584135977272,0.633728008426154,0,1,0.802560636487502,0.805936112807649
714,"4_blimp_lmc_noaux",-0.5073,0.5054,0.6247,0,1,0.8278,0.8069
714,"5_blimp_omc_aux",0.0115,0.4149,0.8452,1,0,1.0241,1.0483
714,"6_blimp_rescue",0.1067,0.3836,0.8678,1,0,1.0882,1.0178
715,"1_lmer_complete",0.0514645200736398,0.384480116189499,0.559203171355195,1,1,1.21240967891848,1.00774139452921
715,"2_blimp_complete",0.0464,0.3847,0.5583,1,1,1.2471,1.0081
715,"3_lmer_naive",-0.502211971984037,0.557688417903083,0.376908291794474,0,0,0.992293872735563,0.8077077388606
715,"4_blimp_lmc_noaux",-0.5031,0.5577,0.3541,0,0,1.017,0.8083
715,"5_blimp_omc_aux",0.0523,0.4709,0.6443,0,1,1.2394,1.0812
715,"6_blimp_rescue",0.0587,0.4277,0.5454,1,1,1.2544,1.0511
716,"1_lmer_complete",0.17260207844186,0.4155921932668,0.583337976473584,1,1,0.827670945203907,0.96355733105751
716,"2_blimp_complete",0.1749,0.4156,0.5745,1,1,0.8492,0.964
716,"3_lmer_naive",-0.360885795015168,0.552896529864569,0.452170263104407,0,0,0.61102019017175,0.725647793590664
716,"4_blimp_lmc_noaux",-0.3565,0.553,0.4445,0,0,0.6278,0.7262
716,"5_blimp_omc_aux",0.1169,0.4655,0.636,0,1,0.8076,0.9423
716,"6_blimp_rescue",0.1266,0.4292,0.5489,1,1,0.8201,0.9104
717,"1_lmer_complete",0.0486000494093482,0.415420434438839,0.586945352470472,1,1,0.830046461704371,1.0175728701684
717,"2_blimp_complete",0.0459,0.4158,0.5998,1,1,0.8525,1.0184
717,"3_lmer_naive",-0.498813569093855,0.562485891109808,0.406594173197683,0,0,0.752662120722971,0.791338721099169
717,"4_blimp_lmc_noaux",-0.4861,0.5623,0.3937,0,0,0.7724,0.7926
717,"5_blimp_omc_aux",0.0257,0.4554,0.6104,0,1,0.8643,1.0486
717,"6_blimp_rescue",0.0662,0.4312,0.6302,1,1,0.8893,1.0317
718,"1_lmer_complete",-0.0171759688860645,0.418305100616189,0.673056628678771,1,1,1.2396969671711,0.994924975001265
718,"2_blimp_complete",-0.0396,0.418,0.6492,1,1,1.2712,0.9952
718,"3_lmer_naive",-0.538516561312065,0.588528344644375,0.56078183923995,0,1,1.00765204237212,0.773573471516882
718,"4_blimp_lmc_noaux",-0.5371,0.5883,0.5512,0,1,1.0354,0.7747
718,"5_blimp_omc_aux",-0.0475,0.4906,0.7517,0,1,1.2386,1.0248
718,"6_blimp_rescue",-0.0217,0.4674,0.7006,0,1,1.2723,1.0085
719,"1_lmer_complete",0.126559810789564,0.383973767592637,0.630567627199123,1,1,1.0046401194287,1.01332584748637
719,"2_blimp_complete",0.1208,0.3842,0.6426,1,1,1.0288,1.0138
719,"3_lmer_naive",-0.486164815624976,0.559870423016408,0.517147214173012,0,1,0.751791436598431,0.769601713092151
719,"4_blimp_lmc_noaux",-0.4861,0.5594,0.521,0,1,0.7732,0.7705
719,"5_blimp_omc_aux",0.0712,0.4663,0.7399,0,1,0.9684,1.069
719,"6_blimp_rescue",0.1319,0.4175,0.6833,1,1,1.0057,1.034
720,"1_lmer_complete",0.0724327908039443,0.427133119644066,0.506982537852886,1,1,1.16921857070584,0.995574895309832
720,"2_blimp_complete",0.0708,0.427,0.5153,1,1,1.1974,0.9958
720,"3_lmer_naive",-0.449655516336761,0.530290836870435,0.310391149202632,0,0,0.932969985451524,0.801507541047504
720,"4_blimp_lmc_noaux",-0.4668,0.5304,0.3079,0,0,0.9528,0.802
720,"5_blimp_omc_aux",0.0686,0.447,0.5974,0,1,1.2557,1.0648
720,"6_blimp_rescue",0.1096,0.4059,0.5487,1,1,1.2693,1.0315
721,"1_lmer_complete",-0.0631029235511729,0.386352221625189,0.501064428020263,1,1,0.787425553314886,0.941240341266611
721,"2_blimp_complete",-0.067,0.3864,0.506,1,1,0.8111,0.942
721,"3_lmer_naive",-0.562770702830232,0.531650715603056,0.40846951500718,0,0,0.641342800270646,0.742412300625515
721,"4_blimp_lmc_noaux",-0.5568,0.532,0.3923,0,0,0.6553,0.7432
721,"5_blimp_omc_aux",-0.0742,0.4382,0.6039,1,1,0.8001,0.9665
721,"6_blimp_rescue",-0.091,0.4051,0.5206,1,1,0.7928,0.9362
722,"1_lmer_complete",0.101537602031545,0.383361416635042,0.756631677001028,1,1,0.872000054141829,0.986730823238428
722,"2_blimp_complete",0.082,0.3835,0.7673,1,1,0.9002,0.9874
722,"3_lmer_naive",-0.463031030785533,0.486646564743177,0.532116153796849,0,1,0.746546701452511,0.763938580481851
722,"4_blimp_lmc_noaux",-0.4619,0.487,0.5309,0,1,0.7681,0.7642
722,"5_blimp_omc_aux",0.0232,0.3965,0.7596,1,0,0.868,1.0013
722,"6_blimp_rescue",0.1117,0.3573,0.7464,0,1,0.9071,0.9688
723,"1_lmer_complete",-0.0910741949216802,0.373468781060783,0.51036707169685,1,1,1.12773778439509,0.982598642321276
723,"2_blimp_complete",-0.1118,0.3735,0.5106,1,1,1.157,0.9832
723,"3_lmer_naive",-0.587186628544602,0.517955147591272,0.380999697052632,0,0,0.97662377227888,0.762159756579861
723,"4_blimp_lmc_noaux",-0.6016,0.5183,0.3889,0,0,1.0021,0.7633
723,"5_blimp_omc_aux",-0.1178,0.418,0.5946,1,1,1.1755,1.0153
723,"6_blimp_rescue",-0.092,0.3834,0.5184,1,1,1.1872,0.9864
724,"1_lmer_complete",0.0287546662158013,0.399795324399167,0.577040144039008,1,1,1.10081401158057,0.997576282765913
724,"2_blimp_complete",0.0466,0.3998,0.5823,1,1,1.1356,0.9983
724,"3_lmer_naive",-0.545166554897423,0.526315610732472,0.464610120288211,0,1,0.864278573340907,0.774986046198357
724,"4_blimp_lmc_noaux",-0.5422,0.5264,0.4586,0,1,0.89,0.7755
724,"5_blimp_omc_aux",-0.039,0.431,0.6755,1,1,1.1144,1.0444
724,"6_blimp_rescue",0.007,0.3909,0.5755,1,1,1.1426,1.0114
725,"1_lmer_complete",0.0166036198428291,0.402463581038695,0.605398473116998,1,1,0.844963133109347,0.986416212722625
725,"2_blimp_complete",0.0237,0.4025,0.6042,1,1,0.8682,0.9871
725,"3_lmer_naive",-0.502732912467026,0.528809285525137,0.473286295910983,0,1,0.711755517120384,0.745513879667978
725,"4_blimp_lmc_noaux",-0.4995,0.5289,0.4662,0,1,0.7332,0.7463
725,"5_blimp_omc_aux",-0.0384,0.4292,0.6504,1,1,0.8174,0.9871
725,"6_blimp_rescue",0.0067,0.4034,0.6327,1,1,0.8307,0.9667
726,"1_lmer_complete",0.0420278873075719,0.393299328732123,0.753358437112821,1,1,0.930453971098849,0.956420370969115
726,"2_blimp_complete",0.0677,0.3931,0.7484,1,1,0.9535,0.9562
726,"3_lmer_naive",-0.444689004162787,0.508276182030885,0.540069479196678,0,1,0.815202277766544,0.768413072123917
726,"4_blimp_lmc_noaux",-0.4369,0.5084,0.5341,0,1,0.8407,0.7693
726,"5_blimp_omc_aux",-0.0185,0.4132,0.7835,1,1,0.9285,0.9907
726,"6_blimp_rescue",0.0716,0.3832,0.7767,1,1,0.961,0.9627
727,"1_lmer_complete",0.077083641261568,0.416391471910636,0.511402075892401,1,1,1.057986552508,0.983038256972394
727,"2_blimp_complete",0.0849,0.4165,0.5148,1,1,1.0893,0.9836
727,"3_lmer_naive",-0.450803472590917,0.569589348593482,0.352304287748274,0,0,0.879882085944757,0.742069809722041
727,"4_blimp_lmc_noaux",-0.4601,0.5698,0.3504,0,0,0.9049,0.7429
727,"5_blimp_omc_aux",0.0755,0.4673,0.5234,0,1,1.0514,1.0226
727,"6_blimp_rescue",0.0694,0.4305,0.4542,1,1,1.0504,0.9931
728,"1_lmer_complete",-0.0870228291341472,0.403959497768617,0.57048406771466,1,1,0.939037546541386,0.961433652659039
728,"2_blimp_complete",-0.1069,0.404,0.5718,1,1,0.9687,0.9621
728,"3_lmer_naive",-0.6058914210695,0.549287124836878,0.363405657078086,0,0,0.764422056649312,0.765032273257456
728,"4_blimp_lmc_noaux",-0.6028,0.5496,0.365,0,0,0.7848,0.7664
728,"5_blimp_omc_aux",-0.1032,0.4639,0.6013,0,1,0.9622,1.0223
728,"6_blimp_rescue",-0.0712,0.4227,0.5003,1,1,0.9699,0.9915
729,"1_lmer_complete",-0.00477286999916587,0.402511066366201,0.561476276117993,1,1,0.926254391585912,1.01195262495458
729,"2_blimp_complete",0.0038,0.4026,0.566,1,1,0.9534,1.0127
729,"3_lmer_naive",-0.553992523152291,0.533760759571996,0.434753402856574,0,0,0.755594338735237,0.762363318976128
729,"4_blimp_lmc_noaux",-0.557,0.5334,0.4489,0,1,0.778,0.7635
729,"5_blimp_omc_aux",-0.0557,0.4224,0.6474,1,1,0.9198,1.0481
729,"6_blimp_rescue",-0.0215,0.3861,0.6183,1,1,0.9363,1.0161
730,"1_lmer_complete",0.203141276236379,0.398320026168647,0.772104077539017,1,1,1.21947414327874,0.9871817556013
730,"2_blimp_complete",0.2111,0.3984,0.7785,1,1,1.2487,0.9875
730,"3_lmer_naive",-0.373003541705637,0.512423559675927,0.55417840567887,0,1,0.940244407557694,0.765130745253588
730,"4_blimp_lmc_noaux",-0.3753,0.5129,0.5387,0,1,0.9625,0.7658
730,"5_blimp_omc_aux",0.1372,0.4162,0.8424,1,0,1.2392,1.0091
730,"6_blimp_rescue",0.2562,0.3787,0.8069,1,1,1.3312,0.9744
731,"1_lmer_complete",0.0957028593941899,0.416168953537083,0.448706357540867,1,1,1.3228621808574,1.01837249554079
731,"2_blimp_complete",0.0968,0.4162,0.4562,1,1,1.3579,1.0191
731,"3_lmer_naive",-0.45142916594034,0.55922591715445,0.335669802800303,0,0,1.04209208357654,0.787925652443999
731,"4_blimp_lmc_noaux",-0.442,0.5596,0.3116,0,0,1.0635,0.7886
731,"5_blimp_omc_aux",0.0738,0.4604,0.5527,0,1,1.3254,1.0883
731,"6_blimp_rescue",0.1014,0.4259,0.5026,1,1,1.4215,1.0637
732,"1_lmer_complete",-0.215650096475873,0.388261973260551,0.600068900990761,1,1,1.14493841596001,1.00040330859599
732,"2_blimp_complete",-0.2081,0.3886,0.608,1,1,1.1748,1.0004
732,"3_lmer_naive",-0.696684839965275,0.523745381514177,0.469191073006797,0,1,1.01859205206669,0.803757137154613
732,"4_blimp_lmc_noaux",-0.7003,0.5245,0.4584,0,1,1.0474,0.8044
732,"5_blimp_omc_aux",-0.26,0.4165,0.6701,1,1,1.1967,1.0434
732,"6_blimp_rescue",-0.1831,0.3898,0.6396,1,1,1.2203,1.0178
733,"1_lmer_complete",0.0446039871239541,0.395838005168672,0.823374251794833,1,0,0.774607095161013,0.999081223422928
733,"2_blimp_complete",0.0518,0.3959,0.8271,1,0,0.7934,0.9997
733,"3_lmer_naive",-0.561062821237907,0.5349157565698,0.630471330505201,0,1,0.609688483027329,0.765688448291925
733,"4_blimp_lmc_noaux",-0.5655,0.535,0.6338,0,1,0.6289,0.7671
733,"5_blimp_omc_aux",-0.0475,0.4361,0.8794,1,0,0.7577,1.054
733,"6_blimp_rescue",0.0552,0.3998,0.8731,1,0,0.8024,1.0271
734,"1_lmer_complete",0.0987415739613233,0.413547588538892,0.52881683571225,1,1,0.936397243432596,0.995498924653914
734,"2_blimp_complete",0.1003,0.4136,0.524,1,1,0.9615,0.9963
734,"3_lmer_naive",-0.419877875716821,0.522404814689084,0.377373296935637,0,0,0.812844344094332,0.787489281333183
734,"4_blimp_lmc_noaux",-0.4177,0.5224,0.3718,0,0,0.8365,0.7878
734,"5_blimp_omc_aux",0.0707,0.4263,0.5801,1,1,0.9809,1.0458
734,"6_blimp_rescue",0.1139,0.3935,0.5495,1,1,0.9995,1.0139
735,"1_lmer_complete",-0.0829876049465721,0.399764188422492,0.630112926591045,1,1,0.998365401285716,1.00966156308373
735,"2_blimp_complete",-0.0813,0.3998,0.6278,1,1,1.0278,1.0102
735,"3_lmer_naive",-0.620019008372298,0.537420591100179,0.508910174766103,0,1,0.846882705500382,0.757289618260383
735,"4_blimp_lmc_noaux",-0.6183,0.5377,0.5121,0,1,0.8727,0.7583
735,"5_blimp_omc_aux",-0.149,0.4353,0.6893,1,1,1.0538,1.0092
735,"6_blimp_rescue",-0.0365,0.404,0.6639,1,1,1.0876,0.9849
736,"1_lmer_complete",0.0164285434112047,0.389687714078329,0.702992602958484,1,1,1.19391713626494,1.01025157735235
736,"2_blimp_complete",0.0125,0.3898,0.6811,1,1,1.2214,1.0112
736,"3_lmer_naive",-0.582942123113252,0.535793828160782,0.48893501664622,0,1,1.10249806996438,0.773371920674724
736,"4_blimp_lmc_noaux",-0.5897,0.5357,0.4884,0,1,1.1317,0.7747
736,"5_blimp_omc_aux",-0.0371,0.4434,0.707,1,1,1.2379,1.0312
736,"6_blimp_rescue",0.0495,0.4061,0.7304,1,1,1.3038,1
737,"1_lmer_complete",0.00935577283724501,0.376791918878947,0.586108276120294,1,1,0.695457801482046,1.01605483159577
737,"2_blimp_complete",-2e-04,0.3767,0.5862,1,1,0.7164,1.0169
737,"3_lmer_naive",-0.532565566396994,0.521032101744243,0.410734694195168,0,0,0.535554641522515,0.822749213814866
737,"4_blimp_lmc_noaux",-0.526,0.5217,0.389,0,0,0.5491,0.8231
737,"5_blimp_omc_aux",0.0134,0.4294,0.6801,1,1,0.7361,1.107
737,"6_blimp_rescue",0.0354,0.3796,0.5907,1,1,0.7623,1.0611
738,"1_lmer_complete",0.0522311489935365,0.374707864299516,0.678872077085212,1,1,1.28944819031127,0.95924331597305
738,"2_blimp_complete",0.0341,0.3749,0.6695,1,1,1.3239,0.9602
738,"3_lmer_naive",-0.539044141367491,0.479800304491904,0.519255790306527,0,1,1.02715235313082,0.767897473756298
738,"4_blimp_lmc_noaux",-0.5262,0.48,0.5208,0,1,1.0577,0.7685
738,"5_blimp_omc_aux",-0.0201,0.3886,0.72,1,1,1.322,0.9969
738,"6_blimp_rescue",0.0535,0.352,0.6829,0,1,1.3698,0.9642
739,"1_lmer_complete",0.0938474571182785,0.386624706597909,0.606558165578972,1,1,1.22776866537389,0.989952194523929
739,"2_blimp_complete",0.113,0.3866,0.6275,1,1,1.2651,0.9905
739,"3_lmer_naive",-0.451851503137749,0.527123321403459,0.464741794695615,0,1,0.928470058425233,0.803230351981807
739,"4_blimp_lmc_noaux",-0.4352,0.527,0.4515,0,1,0.9546,0.8041
739,"5_blimp_omc_aux",0.0815,0.4291,0.6547,1,1,1.2474,1.0689
739,"6_blimp_rescue",0.1325,0.3978,0.6313,1,1,1.2996,1.045
740,"1_lmer_complete",0.0355482141101894,0.393057860399563,0.607606559582892,1,1,0.924479778120483,0.98814569423864
740,"2_blimp_complete",0.044,0.3931,0.6088,1,1,0.9446,0.9887
740,"3_lmer_naive",-0.536738491394023,0.538232185928742,0.492175400738855,0,1,0.741532675904742,0.769838545076915
740,"4_blimp_lmc_noaux",-0.5252,0.5382,0.4816,0,1,0.7615,0.771
740,"5_blimp_omc_aux",-0.0171,0.4221,0.7205,1,1,0.989,1.0398
740,"6_blimp_rescue",0.0798,0.3851,0.6664,1,1,1.0222,0.9989
741,"1_lmer_complete",-0.100835927547419,0.393832439438829,0.550253247442792,1,1,0.947983213310407,1.0243690099313
741,"2_blimp_complete",-0.0981,0.3935,0.5607,1,1,0.975,1.025
741,"3_lmer_naive",-0.648497251180445,0.520697270092426,0.349058776068457,0,0,0.684016515690917,0.806067674942188
741,"4_blimp_lmc_noaux",-0.6547,0.5211,0.3368,0,0,0.6998,0.8074
741,"5_blimp_omc_aux",-0.1411,0.4272,0.6212,1,1,0.948,1.0636
741,"6_blimp_rescue",-0.1104,0.3946,0.5472,1,1,0.9585,1.032
742,"1_lmer_complete",0.082478325427723,0.397079088649237,0.531438152507443,1,1,0.929075343604894,1.0164035982616
742,"2_blimp_complete",0.0725,0.397,0.5359,1,1,0.9519,1.0171
742,"3_lmer_naive",-0.478849762482672,0.553876134796875,0.426737211793313,0,0,0.810647533808058,0.819129827412062
742,"4_blimp_lmc_noaux",-0.4765,0.5541,0.4168,0,0,0.8359,0.8201
742,"5_blimp_omc_aux",0.0879,0.4635,0.6284,0,1,1.0236,1.1077
742,"6_blimp_rescue",0.1594,0.4196,0.6299,1,1,1.0763,1.0715
743,"1_lmer_complete",0.0755645252581228,0.385041832377091,0.843007283289395,1,0,1.12382740283118,0.989693690559005
743,"2_blimp_complete",0.0907,0.3849,0.8653,1,0,1.1526,0.9903
743,"3_lmer_naive",-0.535642784194917,0.530271599989487,0.6039961877581,0,1,0.941979966161169,0.759809301873904
743,"4_blimp_lmc_noaux",-0.5504,0.5308,0.6095,0,1,0.9679,0.7606
743,"5_blimp_omc_aux",-0.0185,0.4449,0.8397,1,0,1.1207,1.0266
743,"6_blimp_rescue",0.0874,0.4004,0.8441,1,0,1.1869,0.9928
744,"1_lmer_complete",0.0931868715247219,0.402219242460833,0.454105551741403,1,1,0.974077650861664,0.97969946852377
744,"2_blimp_complete",0.0836,0.4021,0.4693,1,1,1.0003,0.9807
744,"3_lmer_naive",-0.358174056884959,0.500886005384247,0.264860995076728,0,0,0.879484169085867,0.777590027854123
744,"4_blimp_lmc_noaux",-0.3662,0.5006,0.2571,0,0,0.9057,0.7786
744,"5_blimp_omc_aux",0.1635,0.4123,0.5353,1,1,0.9831,1.0424
744,"6_blimp_rescue",0.156,0.3704,0.466,1,1,0.9867,1.0103
745,"1_lmer_complete",0.0490181909122095,0.386958214474347,0.472540994872148,1,1,0.990872629360627,0.999145997405218
745,"2_blimp_complete",0.0505,0.3869,0.4664,1,1,1.0179,0.9999
745,"3_lmer_naive",-0.452497649441558,0.494981502461181,0.273680935880076,0,0,0.772665957117313,0.795527314435683
745,"4_blimp_lmc_noaux",-0.4358,0.4951,0.2463,0,0,0.7941,0.7957
745,"5_blimp_omc_aux",0.0465,0.395,0.5267,1,1,1.017,1.0563
745,"6_blimp_rescue",0.0682,0.3571,0.4538,0,1,1.0235,1.0218
746,"1_lmer_complete",0.0544698094504207,0.387402797035946,0.624974797824994,1,1,0.775441110553902,1.02380535999738
746,"2_blimp_complete",0.0536,0.3873,0.6179,1,1,0.7977,1.0242
746,"3_lmer_naive",-0.455321847759089,0.542471429370993,0.434488713107734,0,0,0.668004060880905,0.776574072107092
746,"4_blimp_lmc_noaux",-0.4497,0.5421,0.4243,0,0,0.6876,0.7772
746,"5_blimp_omc_aux",0.0511,0.4393,0.7127,1,1,0.8156,1.0895
746,"6_blimp_rescue",0.1185,0.4012,0.6929,1,1,0.8524,1.0625
747,"1_lmer_complete",0.0161613472042719,0.415266701051575,0.800943644948588,1,1,0.935203124624335,0.958698831349024
747,"2_blimp_complete",0.0204,0.4152,0.8152,1,0,0.9543,0.9593
747,"3_lmer_naive",-0.589482027944701,0.553907017859448,0.581434693799956,0,1,0.698470270032131,0.751019345220658
747,"4_blimp_lmc_noaux",-0.5776,0.554,0.5794,0,1,0.7198,0.7519
747,"5_blimp_omc_aux",-0.0446,0.4683,0.8229,0,0,0.8925,0.9899
747,"6_blimp_rescue",0.0227,0.4316,0.7929,1,1,0.9305,0.962
748,"1_lmer_complete",-0.110452476854568,0.41649749572646,0.60628767987351,1,1,1.19063447406376,1.00752572524648
748,"2_blimp_complete",-0.1374,0.4164,0.6154,1,1,1.2199,1.0082
748,"3_lmer_naive",-0.670888225020952,0.534927105701432,0.535634819510946,0,1,0.895980343115426,0.758466717546953
748,"4_blimp_lmc_noaux",-0.664,0.536,0.5062,0,1,0.9199,0.7598
748,"5_blimp_omc_aux",-0.197,0.4181,0.7066,1,1,1.2046,1.0236
748,"6_blimp_rescue",-0.1022,0.3878,0.5426,1,1,1.2333,0.9921
749,"1_lmer_complete",-0.091593990071178,0.405136598376348,0.636756184657472,1,1,1.04537956117268,0.966802170713727
749,"2_blimp_complete",-0.0953,0.4052,0.643,1,1,1.0696,0.9677
749,"3_lmer_naive",-0.587071911002926,0.535769877891373,0.466246849717255,0,1,0.843465033433443,0.777644727832434
749,"4_blimp_lmc_noaux",-0.5852,0.536,0.4667,0,1,0.8658,0.7784
749,"5_blimp_omc_aux",-0.1146,0.4456,0.6846,0,1,1.0767,1.0198
749,"6_blimp_rescue",-0.0887,0.4101,0.6344,1,1,1.0951,0.9893
750,"1_lmer_complete",-0.0913471576080515,0.41920736890615,0.419032346229647,1,1,0.876363865234198,0.978870167765717
750,"2_blimp_complete",-0.0762,0.4192,0.3978,1,1,0.9027,0.9797
750,"3_lmer_naive",-0.536857213641254,0.573532417187167,0.276779548122556,0,0,0.717114661741964,0.738918366571869
750,"4_blimp_lmc_noaux",-0.5333,0.5735,0.2653,0,0,0.7359,0.7401
750,"5_blimp_omc_aux",-0.0601,0.4617,0.4586,0,1,0.8892,1.0156
750,"6_blimp_rescue",-0.0906,0.4299,0.3865,1,0,0.8822,0.9865
751,"1_lmer_complete",0.0516343876367746,0.40338268498973,0.619347848193943,1,1,0.871366818530522,0.989483695360654
751,"2_blimp_complete",0.0528,0.4033,0.6316,1,1,0.8911,0.9896
751,"3_lmer_naive",-0.527482813261453,0.511211087086284,0.475911940208109,0,1,0.711375610874227,0.757594228889412
751,"4_blimp_lmc_noaux",-0.5215,0.5116,0.4623,0,1,0.7327,0.7583
751,"5_blimp_omc_aux",0.0137,0.415,0.7306,1,1,0.9274,1.0384
751,"6_blimp_rescue",0.0851,0.3626,0.6393,1,1,0.9544,0.997
752,"1_lmer_complete",0.0764782972189378,0.403434593764131,0.513525046541546,1,1,1.05769222095795,0.997274972447511
752,"2_blimp_complete",0.0626,0.4033,0.5149,1,1,1.0822,0.9981
752,"3_lmer_naive",-0.454109493954559,0.558139727836138,0.396000106771978,0,0,0.810594613678088,0.790390337933342
752,"4_blimp_lmc_noaux",-0.4483,0.5581,0.3804,0,0,0.8326,0.7916
752,"5_blimp_omc_aux",0.0717,0.4589,0.5969,0,1,1.1018,1.063
752,"6_blimp_rescue",0.1176,0.4232,0.5184,1,1,1.1117,1.0331
753,"1_lmer_complete",0.0138950934496049,0.385969919108433,0.518835422255185,1,1,1.22331846469828,0.996058398007624
753,"2_blimp_complete",0.0127,0.3855,0.5361,1,1,1.261,0.9966
753,"3_lmer_naive",-0.569298746349138,0.529192672623539,0.365890981122464,0,0,1.01156800505909,0.77098050614225
753,"4_blimp_lmc_noaux",-0.5721,0.5288,0.3465,0,0,1.0396,0.7717
753,"5_blimp_omc_aux",0.0104,0.4147,0.5861,1,1,1.2739,1.0495
753,"6_blimp_rescue",0.017,0.379,0.503,1,1,1.3091,1.0118
754,"1_lmer_complete",-0.136436027031341,0.401812506661264,0.628945893740455,1,1,0.829923642353531,1.03835506939501
754,"2_blimp_complete",-0.1351,0.4017,0.632,1,1,0.8522,1.0385
754,"3_lmer_naive",-0.687029060402022,0.519090630361083,0.415383028221422,0,0,0.609417686475428,0.852027649775103
754,"4_blimp_lmc_noaux",-0.7007,0.5192,0.4225,0,0,0.6266,0.8528
754,"5_blimp_omc_aux",-0.1389,0.4256,0.6598,1,1,0.8138,1.1323
754,"6_blimp_rescue",-0.1056,0.3805,0.6255,1,1,0.8341,1.0941
755,"1_lmer_complete",0.264443867258069,0.379879097758047,0.468420469409045,1,1,1.05103134400157,1.01010361817283
755,"2_blimp_complete",0.2526,0.3802,0.4783,1,1,1.0855,1.0103
755,"3_lmer_naive",-0.279031262461181,0.539672533803562,0.290852108361603,0,0,0.819348146174667,0.74557618108047
755,"4_blimp_lmc_noaux",-0.2632,0.5398,0.268,0,0,0.8351,0.7464
755,"5_blimp_omc_aux",0.2655,0.4324,0.524,1,1,1.0776,1.0315
755,"6_blimp_rescue",0.295,0.3929,0.4587,1,1,1.0956,0.9999
756,"1_lmer_complete",0.073315642058197,0.394683861397425,0.526535946152275,1,1,1.17143921744563,0.99928551884057
756,"2_blimp_complete",0.0941,0.3947,0.5398,1,1,1.2059,0.9998
756,"3_lmer_naive",-0.474873041072577,0.51025283820953,0.400246261450182,0,0,0.87582253994673,0.789221430566885
756,"4_blimp_lmc_noaux",-0.4941,0.5108,0.3949,0,0,0.899,0.7901
756,"5_blimp_omc_aux",0.0314,0.4209,0.6428,1,1,1.1558,1.0349
756,"6_blimp_rescue",0.0797,0.3808,0.5424,1,1,1.1807,1.0011
757,"1_lmer_complete",-0.063914098528666,0.404235317955588,0.520468047055438,1,1,0.964654433376563,1.00847438267181
757,"2_blimp_complete",-0.0586,0.4046,0.5195,1,1,0.9898,1.0087
757,"3_lmer_naive",-0.585917284332502,0.539785869748674,0.391447927208088,0,0,0.761947134509959,0.781476387711992
757,"4_blimp_lmc_noaux",-0.5975,0.5399,0.3768,0,0,0.7838,0.7822
757,"5_blimp_omc_aux",-0.0743,0.4529,0.6164,0,1,0.9763,1.03
757,"6_blimp_rescue",-0.0649,0.4135,0.4952,1,1,0.9765,1.0015
758,"1_lmer_complete",-0.102795943983974,0.37294851955119,0.697389242222478,1,1,0.875582664388183,0.975245982248686
758,"2_blimp_complete",-0.107,0.373,0.6969,1,1,0.8982,0.9756
758,"3_lmer_naive",-0.652456085221242,0.526614485109604,0.571561404813464,0,1,0.704513504086939,0.756302927882102
758,"4_blimp_lmc_noaux",-0.6458,0.5267,0.5838,0,1,0.7248,0.7573
758,"5_blimp_omc_aux",-0.1216,0.4223,0.7697,1,1,0.8945,1.0143
758,"6_blimp_rescue",-0.0778,0.3869,0.7365,1,1,0.9291,0.9854
759,"1_lmer_complete",0.145345624431192,0.420460043359485,0.611447452149765,1,1,0.951314340585579,1.0005426444278
759,"2_blimp_complete",0.1332,0.4206,0.6237,1,1,0.9736,1.0007
759,"3_lmer_naive",-0.420307275082903,0.555606269889644,0.466779823203844,0,1,0.807388941121431,0.814204588346275
759,"4_blimp_lmc_noaux",-0.4205,0.5558,0.4458,0,1,0.8297,0.8149
759,"5_blimp_omc_aux",0.138,0.4703,0.6493,0,1,0.9872,1.062
759,"6_blimp_rescue",0.1573,0.4409,0.6125,1,1,1.0152,1.037
760,"1_lmer_complete",-0.0356798179489173,0.414866480477509,0.589857852325535,1,1,1.20117012940093,1.01444352777412
760,"2_blimp_complete",-0.0342,0.4149,0.5904,1,1,1.2359,1.0152
760,"3_lmer_naive",-0.567975203025116,0.5327407101677,0.427630449075495,0,0,0.886071979447421,0.764179062434419
760,"4_blimp_lmc_noaux",-0.568,0.5328,0.4257,0,0,0.9079,0.765
760,"5_blimp_omc_aux",-0.11,0.4416,0.6482,0,1,1.1563,1.0124
760,"6_blimp_rescue",-0.0833,0.4033,0.5713,1,1,1.1716,0.979
761,"1_lmer_complete",-0.0598172839431366,0.393028275750759,0.684972652383178,1,1,0.817775412020489,0.973691194155796
761,"2_blimp_complete",-0.0762,0.393,0.6796,1,1,0.8373,0.9742
761,"3_lmer_naive",-0.571373259564424,0.509975606846444,0.51073009050952,0,1,0.750857478600775,0.742836230399136
761,"4_blimp_lmc_noaux",-0.5828,0.5096,0.5122,0,1,0.7729,0.7436
761,"5_blimp_omc_aux",-0.1035,0.4133,0.7075,1,1,0.828,0.9885
761,"6_blimp_rescue",-0.0449,0.381,0.7047,1,1,0.8469,0.962
762,"1_lmer_complete",0.014830177073957,0.391801305446847,0.677831294241593,1,1,0.996904994600689,1.02763214968092
762,"2_blimp_complete",0.0052,0.3918,0.7024,1,1,1.0261,1.028
762,"3_lmer_naive",-0.566072510230074,0.53439540663154,0.507225843201155,0,1,0.796400336005081,0.773823207795049
762,"4_blimp_lmc_noaux",-0.5681,0.5343,0.509,0,1,0.8196,0.7745
762,"5_blimp_omc_aux",-0.0797,0.4373,0.7402,1,1,0.9695,1.0391
762,"6_blimp_rescue",-0.0016,0.3971,0.7061,1,1,1.0087,1.0041
763,"1_lmer_complete",0.0542839116343646,0.403149641893728,0.457243816222033,1,1,1.04901000536329,0.991563915567568
763,"2_blimp_complete",0.0392,0.403,0.4795,1,1,1.0778,0.9921
763,"3_lmer_naive",-0.45147073196162,0.550296675208336,0.354241706549535,0,0,0.851841935520864,0.774564052340548
763,"4_blimp_lmc_noaux",-0.4481,0.5503,0.3245,0,0,0.8744,0.7755
763,"5_blimp_omc_aux",0.069,0.4482,0.5597,0,1,1.1055,1.0487
763,"6_blimp_rescue",0.0686,0.4138,0.4757,1,1,1.117,1.0187
764,"1_lmer_complete",0.0500279969110713,0.434489080511201,0.638631011759046,0,1,0.926724421534361,0.995499347219014
764,"2_blimp_complete",0.0485,0.4346,0.6341,0,1,0.9497,0.9961
764,"3_lmer_naive",-0.526260958245182,0.577424427611999,0.468779952473109,0,1,0.709509224880397,0.749515256001356
764,"4_blimp_lmc_noaux",-0.5177,0.577,0.4497,0,1,0.7304,0.7503
764,"5_blimp_omc_aux",0.0139,0.4689,0.6773,0,1,0.9013,1.0272
764,"6_blimp_rescue",0.0458,0.4297,0.5992,1,1,0.9262,0.9962
765,"1_lmer_complete",-0.0241172607695164,0.411285145629889,0.747941658583405,1,1,0.951620272469941,1.02917509483736
765,"2_blimp_complete",-0.0486,0.4112,0.7356,1,1,0.9717,1.0302
765,"3_lmer_naive",-0.610738824317988,0.561484605125565,0.493805422382536,0,1,0.663688536039017,0.791509959997456
765,"4_blimp_lmc_noaux",-0.61,0.5613,0.4982,0,1,0.6832,0.7922
765,"5_blimp_omc_aux",-0.1043,0.477,0.7658,0,1,0.9103,1.035
765,"6_blimp_rescue",-0.0554,0.4426,0.7431,0,1,0.951,1.0092
766,"1_lmer_complete",-0.00903253905568038,0.384162985769548,0.585793230085553,1,1,1.06357846917137,1.01864253728655
766,"2_blimp_complete",0.0064,0.3843,0.601,1,1,1.0954,1.019
766,"3_lmer_naive",-0.569376478014303,0.517984410745467,0.437172194630436,0,0,0.925128470452531,0.752864204040538
766,"4_blimp_lmc_noaux",-0.5672,0.5175,0.45,0,0,0.9528,0.7542
766,"5_blimp_omc_aux",-0.0312,0.4062,0.6308,1,1,1.0369,1.0196
766,"6_blimp_rescue",-0.0242,0.3717,0.6099,1,1,1.0705,0.9887
767,"1_lmer_complete",-0.0424382102122298,0.400102109914261,0.543362470326171,1,1,1.04578541817835,1.00877057382284
767,"2_blimp_complete",-0.0398,0.3995,0.5354,1,1,1.0747,1.0094
767,"3_lmer_naive",-0.559346928722895,0.546172818733884,0.418022712411824,0,0,0.938835982486978,0.782838829463184
767,"4_blimp_lmc_noaux",-0.5629,0.546,0.4133,0,1,0.9646,0.7838
767,"5_blimp_omc_aux",-0.054,0.4554,0.6288,0,1,1.0663,1.042
767,"6_blimp_rescue",-0.0433,0.4156,0.5691,1,1,1.0757,1.0101
768,"1_lmer_complete",-0.103495036251258,0.423469688656021,0.662444551536983,1,1,0.949806874067587,0.974398821514959
768,"2_blimp_complete",-0.1158,0.4234,0.6671,1,1,0.9743,0.9748
768,"3_lmer_naive",-0.612964256828805,0.541822918121804,0.499216433764744,0,1,0.698111836974843,0.768408493821697
768,"4_blimp_lmc_noaux",-0.6247,0.5417,0.4904,0,1,0.7168,0.7695
768,"5_blimp_omc_aux",-0.152,0.4552,0.7318,0,1,0.9429,1.0109
768,"6_blimp_rescue",-0.1149,0.4192,0.6918,1,1,0.9995,0.9815
769,"1_lmer_complete",-0.0553756954812094,0.399850964534856,0.533347940458141,1,1,0.837041845172768,1.0143065088182
769,"2_blimp_complete",-0.0537,0.3996,0.5429,1,1,0.8628,1.0149
769,"3_lmer_naive",-0.545237010210557,0.514518140296096,0.392642622854569,0,0,0.675190012655864,0.824291240829402
769,"4_blimp_lmc_noaux",-0.5578,0.5144,0.3883,0,0,0.6938,0.8256
769,"5_blimp_omc_aux",-0.0502,0.4269,0.588,1,1,0.8698,1.0627
769,"6_blimp_rescue",-0.0402,0.39,0.5107,1,1,0.8636,1.0274
770,"1_lmer_complete",0.0684984700292797,0.389845280033956,0.535004794878231,1,1,1.12972547007195,0.998586345712544
770,"2_blimp_complete",0.0589,0.3898,0.5542,1,1,1.1611,0.9994
770,"3_lmer_naive",-0.450390739730949,0.528023848909326,0.441194343925467,0,1,0.836713481326467,0.771430445448023
770,"4_blimp_lmc_noaux",-0.4433,0.5281,0.4377,0,1,0.8568,0.7721
770,"5_blimp_omc_aux",0.0666,0.419,0.6195,1,1,1.1771,1.042
770,"6_blimp_rescue",0.0933,0.3827,0.5604,1,1,1.2118,1.0134
771,"1_lmer_complete",0.0248600739204182,0.40879444362601,0.547540117586414,1,1,1.2204146230313,0.98887249143112
771,"2_blimp_complete",0.03,0.4087,0.541,1,1,1.2513,0.9893
771,"3_lmer_naive",-0.527062882372811,0.546375415062667,0.402080136609582,0,0,0.892801927979986,0.789044256025668
771,"4_blimp_lmc_noaux",-0.5264,0.5465,0.3903,0,0,0.9195,0.79
771,"5_blimp_omc_aux",-0.0024,0.4574,0.6112,0,1,1.2419,1.0376
771,"6_blimp_rescue",0.0172,0.417,0.5312,1,1,1.242,1.0037
772,"1_lmer_complete",0.0461000984537465,0.390570395068559,0.397539138365417,1,1,1.01846971131738,0.983113543247194
772,"2_blimp_complete",0.0383,0.3906,0.3947,1,1,1.0471,0.9833
772,"3_lmer_naive",-0.445348091528257,0.556461074706227,0.294512902362779,0,0,0.826167160247283,0.752284181634989
772,"4_blimp_lmc_noaux",-0.4374,0.5565,0.2717,0,0,0.8476,0.7532
772,"5_blimp_omc_aux",0.057,0.4371,0.5217,1,1,1.0794,1.0457
772,"6_blimp_rescue",0.0935,0.3991,0.4093,1,1,1.0768,1.0128
773,"1_lmer_complete",0.223842760673188,0.401228474820752,0.65140008488624,1,1,0.87978210790032,1.03138828845661
773,"2_blimp_complete",0.2176,0.4011,0.6426,1,1,0.8981,1.0321
773,"3_lmer_naive",-0.356386496572764,0.554692995893291,0.476414075846675,0,1,0.726560664191799,0.802683164319328
773,"4_blimp_lmc_noaux",-0.3457,0.5545,0.4711,0,1,0.7469,0.8033
773,"5_blimp_omc_aux",0.1952,0.4648,0.7053,0,1,0.8613,1.1011
773,"6_blimp_rescue",0.2528,0.4254,0.6788,1,1,0.8907,1.0685
774,"1_lmer_complete",-0.0502669643705019,0.418988787849546,0.648517079861938,1,1,0.957558152547065,0.977915065340849
774,"2_blimp_complete",-0.0549,0.419,0.6552,1,1,0.9806,0.9784
774,"3_lmer_naive",-0.584761720923877,0.550390686535328,0.440677996580418,0,0,0.785704540938561,0.752405083812635
774,"4_blimp_lmc_noaux",-0.5807,0.5518,0.4057,0,0,0.8045,0.7533
774,"5_blimp_omc_aux",-0.1011,0.4584,0.6902,0,1,0.9396,1.0011
774,"6_blimp_rescue",-0.0519,0.4247,0.6336,1,1,0.9739,0.9786
775,"1_lmer_complete",-0.0074044454277568,0.414397386799682,0.566334466613743,1,1,1.26390016335153,1.00146504516268
775,"2_blimp_complete",0.0049,0.4143,0.576,1,1,1.298,1.002
775,"3_lmer_naive",-0.528988241144734,0.567445666175275,0.402031770958994,0,1,1.05000513575055,0.751491395707852
775,"4_blimp_lmc_noaux",-0.5275,0.5679,0.3858,0,0,1.0745,0.7521
775,"5_blimp_omc_aux",-0.0294,0.4623,0.598,0,1,1.3158,1.0247
775,"6_blimp_rescue",-0.0106,0.4282,0.5114,1,1,1.3331,1.0011
776,"1_lmer_complete",-0.158179157206446,0.405851377547354,0.625533403159353,1,1,0.787067527393353,0.986769339312756
776,"2_blimp_complete",-0.1564,0.406,0.6323,1,1,0.8072,0.9873
776,"3_lmer_naive",-0.637441346769952,0.558182526968503,0.452776609921571,0,0,0.689014062539257,0.771469309433471
776,"4_blimp_lmc_noaux",-0.6383,0.5581,0.4468,0,0,0.7065,0.7726
776,"5_blimp_omc_aux",-0.1546,0.4618,0.6575,0,1,0.7959,1.0316
776,"6_blimp_rescue",-0.1317,0.4293,0.6454,1,1,0.821,1.0047
777,"1_lmer_complete",-0.0380322665125212,0.377289087842346,0.646412007090836,1,1,1.00298373303147,1.01075419415746
777,"2_blimp_complete",-0.0397,0.3772,0.6629,1,1,1.0287,1.0115
777,"3_lmer_naive",-0.562731820800609,0.493366581197933,0.51170544163204,0,1,0.800194275501526,0.784785451561886
777,"4_blimp_lmc_noaux",-0.5583,0.4931,0.5106,0,1,0.819,0.7855
777,"5_blimp_omc_aux",-0.0488,0.393,0.7374,1,1,1.0627,1.0224
777,"6_blimp_rescue",0.016,0.3649,0.7137,1,1,1.1331,0.9992
778,"1_lmer_complete",0.0209074773712909,0.399782417714202,0.515182714700331,1,1,0.990371528761886,0.970527911558259
778,"2_blimp_complete",0.0368,0.4,0.5026,1,1,1.0218,0.9712
778,"3_lmer_naive",-0.507339683729164,0.505059033331508,0.359535012169991,0,0,0.826795027396051,0.7591052061424
778,"4_blimp_lmc_noaux",-0.5252,0.505,0.3553,0,0,0.8502,0.7597
778,"5_blimp_omc_aux",-0.0067,0.4051,0.5676,1,1,0.9888,1.0038
778,"6_blimp_rescue",0.0149,0.3678,0.5087,1,1,0.9912,0.9706
779,"1_lmer_complete",0.0699578099776222,0.383763527442498,0.547556536976014,1,1,1.34650426551134,1.0119419634652
779,"2_blimp_complete",0.0383,0.3838,0.5467,1,1,1.3853,1.0126
779,"3_lmer_naive",-0.486842597185909,0.532686751917899,0.371913963907964,0,0,1.00853495301439,0.781706753484549
779,"4_blimp_lmc_noaux",-0.4873,0.5327,0.3481,0,0,1.0309,0.7824
779,"5_blimp_omc_aux",0.0663,0.4335,0.5735,1,1,1.3242,1.0549
779,"6_blimp_rescue",0.0855,0.398,0.4645,1,1,1.3405,1.0248
780,"1_lmer_complete",0.0933562313880957,0.426300383938865,0.606306273744896,1,1,0.950621222336203,0.969386022565973
780,"2_blimp_complete",0.1013,0.4263,0.6022,1,1,0.9784,0.9701
780,"3_lmer_naive",-0.441865661447084,0.53598718052381,0.372638167045619,0,0,0.80769764949891,0.74205511538786
780,"4_blimp_lmc_noaux",-0.4558,0.5357,0.3794,0,0,0.834,0.7431
780,"5_blimp_omc_aux",0.0659,0.4401,0.639,1,1,0.9295,1.0058
780,"6_blimp_rescue",0.1143,0.4035,0.592,1,1,0.9543,0.9788
781,"1_lmer_complete",-0.111089541428383,0.393489157335618,0.53218060615141,1,1,1.08897262319348,1.02202834106515
781,"2_blimp_complete",-0.1204,0.3935,0.5366,1,1,1.1179,1.0221
781,"3_lmer_naive",-0.6202432080512,0.537797844707609,0.34596815904348,0,0,0.958405407717429,0.809221169167218
781,"4_blimp_lmc_noaux",-0.6203,0.5378,0.3328,0,0,0.9908,0.8102
781,"5_blimp_omc_aux",-0.1096,0.4397,0.5748,1,1,1.1178,1.0924
781,"6_blimp_rescue",-0.0747,0.3998,0.5083,1,1,1.1272,1.0537
782,"1_lmer_complete",0.150139983831042,0.376911714885799,0.485224616848167,1,1,1.13807671237905,1.00153523382246
782,"2_blimp_complete",0.1393,0.377,0.4815,1,1,1.1698,1.0018
782,"3_lmer_naive",-0.414115711065439,0.493501785896707,0.30416685869979,0,0,0.971516977065625,0.760645067444206
782,"4_blimp_lmc_noaux",-0.4254,0.4942,0.2796,0,0,0.994,0.7611
782,"5_blimp_omc_aux",0.152,0.3931,0.5664,1,1,1.191,1.0013
782,"6_blimp_rescue",0.1669,0.3616,0.4777,1,1,1.2237,0.9717
783,"1_lmer_complete",-0.162347886523365,0.404229269102402,0.631987512221997,1,1,0.836906401021811,0.981904137071744
783,"2_blimp_complete",-0.1619,0.4042,0.6342,1,1,0.8568,0.9829
783,"3_lmer_naive",-0.661967260393286,0.564757698543813,0.452396692049726,0,1,0.680298413264535,0.766893205146658
783,"4_blimp_lmc_noaux",-0.6745,0.5648,0.4524,0,1,0.6996,0.768
783,"5_blimp_omc_aux",-0.2052,0.4585,0.6734,0,1,0.8319,1.0301
783,"6_blimp_rescue",-0.1588,0.4222,0.6406,1,1,0.8498,0.9999
784,"1_lmer_complete",0.00746576035556511,0.416474744455582,0.451240554632743,1,1,0.974929528702436,0.973789489523596
784,"2_blimp_complete",0.0173,0.4164,0.4546,1,1,1.002,0.9744
784,"3_lmer_naive",-0.472179752511133,0.552028307967015,0.275366547600183,0,0,0.731893400223804,0.742479691506957
784,"4_blimp_lmc_noaux",-0.4712,0.5514,0.2515,0,0,0.7515,0.7432
784,"5_blimp_omc_aux",0.0133,0.4635,0.5355,0,1,0.9782,1.0121
784,"6_blimp_rescue",0.015,0.4199,0.4064,1,1,0.972,0.9808
785,"1_lmer_complete",0.0470283944245234,0.397847095196155,0.605959136427281,1,1,1.00688862584765,1.01749733621593
785,"2_blimp_complete",0.0582,0.3977,0.6141,1,1,1.034,1.018
785,"3_lmer_naive",-0.498430250257059,0.554556527432964,0.421129460133327,0,1,0.84351469328805,0.771419015278381
785,"4_blimp_lmc_noaux",-0.5117,0.5546,0.4016,0,1,0.866,0.7723
785,"5_blimp_omc_aux",0.0038,0.4561,0.6574,0,1,1.0166,1.0484
785,"6_blimp_rescue",0.0518,0.4171,0.6149,1,1,1.0694,1.0182
786,"1_lmer_complete",0.0536942792257993,0.405482128407039,0.893931837410175,1,0,1.13609780834823,0.97607940683453
786,"2_blimp_complete",0.0402,0.4057,0.9166,1,0,1.1626,0.9766
786,"3_lmer_naive",-0.576707147737602,0.539086679899931,0.612525128380058,0,1,0.922428287134844,0.765468748078997
786,"4_blimp_lmc_noaux",-0.5841,0.5392,0.6184,0,1,0.9508,0.7663
786,"5_blimp_omc_aux",-0.0906,0.4486,0.8934,0,0,1.1365,1.011
786,"6_blimp_rescue",0.0831,0.4142,0.8837,1,0,1.2204,0.9847
787,"1_lmer_complete",-0.123760009767281,0.406501664255907,0.666644684104846,1,1,1.01244852148013,1.04017911724477
787,"2_blimp_complete",-0.1191,0.4067,0.6675,1,1,1.0437,1.0404
787,"3_lmer_naive",-0.690828595644779,0.537008044894992,0.441495011834612,0,1,0.737594217589246,0.848707289483515
787,"4_blimp_lmc_noaux",-0.6808,0.5367,0.4272,0,1,0.7564,0.8495
787,"5_blimp_omc_aux",-0.142,0.4446,0.6964,0,1,1.0331,1.1335
787,"6_blimp_rescue",-0.0968,0.4066,0.647,1,1,1.0653,1.0991
788,"1_lmer_complete",-0.016879179812895,0.391703111783696,0.57009671563716,1,1,1.00889699310815,1.00774231979349
788,"2_blimp_complete",-0.0209,0.3915,0.5835,1,1,1.0368,1.0083
788,"3_lmer_naive",-0.55547869712577,0.548916683065419,0.437713676777571,0,0,0.7641783528823,0.773138085441223
788,"4_blimp_lmc_noaux",-0.5498,0.5489,0.4412,0,0,0.7885,0.7734
788,"5_blimp_omc_aux",-0.0624,0.4492,0.6552,0,1,0.9984,1.0433
788,"6_blimp_rescue",-0.0201,0.4116,0.6135,1,1,1.0266,1.0147
789,"1_lmer_complete",-0.0278741004453661,0.410075181153264,0.506224624544056,1,1,1.00803773880133,1.00041099220755
789,"2_blimp_complete",-0.0465,0.4098,0.507,1,1,1.0364,1.0012
789,"3_lmer_naive",-0.566016886613108,0.531755009963947,0.380181693791352,0,0,0.811475297234516,0.772899170405665
789,"4_blimp_lmc_noaux",-0.5643,0.5312,0.3872,0,0,0.8359,0.774
789,"5_blimp_omc_aux",-0.02,0.4337,0.5948,1,1,1.0409,1.0435
789,"6_blimp_rescue",-0.0101,0.3937,0.5513,1,1,1.0576,1.0068
790,"1_lmer_complete",-0.049996295329508,0.397227944486673,0.478860039695605,1,1,0.93228468748387,0.977725196013622
790,"2_blimp_complete",-0.0496,0.397,0.487,1,1,0.9595,0.9783
790,"3_lmer_naive",-0.559010015369564,0.524109223481447,0.325883366460072,0,0,0.723155636146744,0.758658298676226
790,"4_blimp_lmc_noaux",-0.5599,0.5239,0.3161,0,0,0.7426,0.7595
790,"5_blimp_omc_aux",-0.053,0.4194,0.5214,1,1,0.8901,1.0189
790,"6_blimp_rescue",-0.0379,0.384,0.4508,1,1,0.892,0.9884
791,"1_lmer_complete",-0.118670635290544,0.405290983978453,0.513175759276239,1,1,0.908504520789348,0.99025321992181
791,"2_blimp_complete",-0.1188,0.405,0.5093,1,1,0.933,0.9905
791,"3_lmer_naive",-0.621581991395221,0.540516959235054,0.390297921196406,0,0,0.748897999388456,0.809003725923541
791,"4_blimp_lmc_noaux",-0.635,0.5408,0.3685,0,0,0.7713,0.8095
791,"5_blimp_omc_aux",-0.0921,0.4552,0.627,0,1,0.9892,1.0797
791,"6_blimp_rescue",-0.0527,0.4112,0.5063,1,1,1.0109,1.0416
792,"1_lmer_complete",0.00975453461101497,0.377374429267697,0.485104988867347,1,1,1.08553008511615,0.998447545249423
792,"2_blimp_complete",0.0163,0.3774,0.489,1,1,1.1144,0.9988
792,"3_lmer_naive",-0.501476317744318,0.531758111788427,0.402721413181785,0,0,0.920267662843444,0.772406731450018
792,"4_blimp_lmc_noaux",-0.5087,0.5321,0.3962,0,0,0.9425,0.7733
792,"5_blimp_omc_aux",0.0098,0.4307,0.6184,1,1,1.1508,1.0362
792,"6_blimp_rescue",0.0431,0.3938,0.563,1,1,1.1782,1.0048
793,"1_lmer_complete",-0.0621766780136988,0.39018823002153,0.678569259912629,1,1,0.888602840526347,0.983365309422652
793,"2_blimp_complete",-0.0726,0.3902,0.677,1,1,0.9101,0.9842
793,"3_lmer_naive",-0.616326210158879,0.515616860875219,0.539405306641395,0,1,0.791861594455853,0.770131695535693
793,"4_blimp_lmc_noaux",-0.6199,0.5154,0.531,0,1,0.8194,0.7709
793,"5_blimp_omc_aux",-0.118,0.4158,0.7445,1,1,0.9408,1.0363
793,"6_blimp_rescue",-0.0488,0.3797,0.715,1,1,0.9673,1.0042
794,"1_lmer_complete",0.141732854808797,0.39078127310463,0.724319056158051,1,1,0.788543021580125,0.998150128546273
794,"2_blimp_complete",0.1235,0.3906,0.7214,1,1,0.8102,0.9988
794,"3_lmer_naive",-0.440170246317168,0.506304855296252,0.524033474835462,0,1,0.664707845179977,0.769780634426718
794,"4_blimp_lmc_noaux",-0.4406,0.5067,0.513,0,1,0.6858,0.7706
794,"5_blimp_omc_aux",0.0699,0.391,0.7581,1,1,0.7763,1.0509
794,"6_blimp_rescue",0.1681,0.3556,0.6902,0,1,0.7997,1.0158
795,"1_lmer_complete",-0.0497585890876864,0.401506912425384,0.595101935300339,1,1,0.798172662580302,1.00069412685146
795,"2_blimp_complete",-0.0581,0.4013,0.6109,1,1,0.8225,1.0012
795,"3_lmer_naive",-0.586954787312072,0.546970784782754,0.460471297631679,0,1,0.62689281601505,0.790312988728279
795,"4_blimp_lmc_noaux",-0.5887,0.5466,0.4535,0,0,0.6445,0.7911
795,"5_blimp_omc_aux",-0.0561,0.4368,0.6612,1,1,0.7608,1.0746
795,"6_blimp_rescue",-0.035,0.401,0.6094,1,1,0.7891,1.043
796,"1_lmer_complete",-0.0593767992743944,0.408681666552623,0.494846666333462,1,1,1.03111853702265,0.992856179100318
796,"2_blimp_complete",-0.0676,0.4089,0.5059,1,1,1.0569,0.9934
796,"3_lmer_naive",-0.57548185215643,0.538767499746846,0.33985593878764,0,0,0.896356125470311,0.746316689359434
796,"4_blimp_lmc_noaux",-0.5865,0.539,0.3449,0,0,0.9194,0.7471
796,"5_blimp_omc_aux",-0.068,0.4402,0.524,1,1,1.1042,0.9964
796,"6_blimp_rescue",-0.0404,0.4041,0.52,1,1,1.1478,0.9719
797,"1_lmer_complete",0.130599356074352,0.403647584245212,0.607481781693814,1,1,1.02778935223289,0.997319106486266
797,"2_blimp_complete",0.1282,0.4037,0.6086,1,1,1.0628,0.9979
797,"3_lmer_naive",-0.438816953576504,0.536480585186956,0.461031347252673,0,1,0.814744413269732,0.796880859832919
797,"4_blimp_lmc_noaux",-0.4369,0.5369,0.4575,0,1,0.839,0.7975
797,"5_blimp_omc_aux",0.1273,0.4388,0.6823,1,1,1.0519,1.0925
797,"6_blimp_rescue",0.1832,0.3936,0.6553,1,1,1.0962,1.0584
798,"1_lmer_complete",0.118557200328094,0.39975575648216,0.523284085689732,1,1,0.912986180195276,0.979191519162158
798,"2_blimp_complete",0.1221,0.3997,0.5254,1,1,0.9407,0.9794
798,"3_lmer_naive",-0.438394930975096,0.532421806072408,0.371550978880881,0,0,0.747901666225661,0.787027703135365
798,"4_blimp_lmc_noaux",-0.4499,0.5326,0.3686,0,0,0.7658,0.788
798,"5_blimp_omc_aux",0.097,0.4346,0.607,1,1,0.9556,1.0522
798,"6_blimp_rescue",0.1347,0.3953,0.5432,1,1,0.9668,1.0184
799,"1_lmer_complete",0.0116041412435753,0.403047855360648,0.662713654553084,1,1,1.10048788618546,1.01380868671226
799,"2_blimp_complete",0,0.4031,0.6845,1,1,1.132,1.0145
799,"3_lmer_naive",-0.567782219941575,0.547453156537924,0.447048913283186,0,1,0.85224802533341,0.794237969546886
799,"4_blimp_lmc_noaux",-0.5717,0.5475,0.4574,0,1,0.8763,0.795
799,"5_blimp_omc_aux",-0.0195,0.4522,0.7348,0,1,1.0602,1.0639
799,"6_blimp_rescue",0.0263,0.409,0.6342,1,1,1.0918,1.0258
800,"1_lmer_complete",0.0398385650377553,0.417279778160282,0.66340114582177,1,1,1.11041255234197,0.996860655920944
800,"2_blimp_complete",0.0425,0.4173,0.6488,1,1,1.1429,0.9972
800,"3_lmer_naive",-0.497570290413451,0.526147140029634,0.461271941053775,0,1,0.848963535653429,0.787832144242965
800,"4_blimp_lmc_noaux",-0.5101,0.5255,0.4661,0,1,0.8758,0.7884
800,"5_blimp_omc_aux",-0.0199,0.4332,0.707,1,1,0.9967,1.0308
800,"6_blimp_rescue",0.0445,0.3981,0.6852,1,1,1.0211,1.0011
801,"1_lmer_complete",-0.127472819726508,0.420804185508238,0.589245056514623,1,1,0.969790881581342,1.00595625081905
801,"2_blimp_complete",-0.1274,0.4208,0.5987,1,1,1.0024,1.0065
801,"3_lmer_naive",-0.670643000130959,0.56225989858174,0.416818527068758,0,0,0.813997329351542,0.791777471124567
801,"4_blimp_lmc_noaux",-0.6808,0.5621,0.3964,0,0,0.8333,0.7923
801,"5_blimp_omc_aux",-0.1354,0.4603,0.6595,0,1,0.9545,1.0837
801,"6_blimp_rescue",-0.1093,0.4216,0.585,1,1,0.9633,1.0444
802,"1_lmer_complete",-0.034415881897994,0.407091601920876,0.655863366662284,1,1,1.00273657334353,1.00467360896558
802,"2_blimp_complete",-0.0437,0.4071,0.665,1,1,1.023,1.0054
802,"3_lmer_naive",-0.594003766341123,0.535468451581136,0.5199745425734,0,1,0.829803435416048,0.787127422133934
802,"4_blimp_lmc_noaux",-0.5891,0.5359,0.5194,0,1,0.8534,0.7878
802,"5_blimp_omc_aux",-0.055,0.4488,0.739,0,1,1.0088,1.0483
802,"6_blimp_rescue",-0.0103,0.4103,0.6755,1,1,1.0433,1.0212
803,"1_lmer_complete",0.0911116566050299,0.414626263354722,0.592018399331263,1,1,0.847754496508361,0.99510786627532
803,"2_blimp_complete",0.0951,0.4146,0.609,1,1,0.873,0.9957
803,"3_lmer_naive",-0.453945209013537,0.546480418529384,0.398829081509728,0,0,0.73207078354779,0.768566963293889
803,"4_blimp_lmc_noaux",-0.4581,0.5458,0.3988,0,0,0.7557,0.7693
803,"5_blimp_omc_aux",0.0613,0.4492,0.6259,0,1,0.8536,1.0291
803,"6_blimp_rescue",0.0847,0.4102,0.6103,1,1,0.8818,1.0013
804,"1_lmer_complete",-0.126069876924632,0.398232952444265,0.510181355955794,1,1,0.915099934121003,1.01725464365695
804,"2_blimp_complete",-0.1397,0.3981,0.5186,1,1,0.9398,1.0177
804,"3_lmer_naive",-0.623743404180657,0.522610195247643,0.377048681266497,0,0,0.769496109168848,0.806360271593657
804,"4_blimp_lmc_noaux",-0.6238,0.5229,0.3712,0,0,0.7871,0.807
804,"5_blimp_omc_aux",-0.1449,0.4235,0.571,1,1,0.9502,1.0665
804,"6_blimp_rescue",-0.1189,0.3898,0.4716,1,1,0.9583,1.038
805,"1_lmer_complete",0.135320712858769,0.389527810642191,0.583190391868462,1,1,0.94030862990824,0.996955044659564
805,"2_blimp_complete",0.1609,0.3895,0.5662,1,1,0.9657,0.9971
805,"3_lmer_naive",-0.40418208136922,0.537278323480149,0.428258897396379,0,0,0.790568034839257,0.727472491023132
805,"4_blimp_lmc_noaux",-0.4115,0.5369,0.4278,0,0,0.8119,0.7287
805,"5_blimp_omc_aux",0.0491,0.4293,0.6798,1,1,0.9428,0.9881
805,"6_blimp_rescue",0.1306,0.3939,0.6093,1,1,0.966,0.9526
806,"1_lmer_complete",0.0631011389044968,0.409873989248492,0.566202404415519,1,1,1.00190052455332,0.977996259711349
806,"2_blimp_complete",0.0527,0.4098,0.562,1,1,1.0274,0.9786
806,"3_lmer_naive",-0.444564419954933,0.501148720298413,0.408207455218208,0,0,0.833945007190891,0.756834395464815
806,"4_blimp_lmc_noaux",-0.4388,0.5014,0.3875,0,0,0.8511,0.7577
806,"5_blimp_omc_aux",0.0238,0.3935,0.6122,1,1,1.0184,0.9857
806,"6_blimp_rescue",0.0557,0.364,0.5191,1,1,1.0378,0.9585
807,"1_lmer_complete",0.0327300327267075,0.404757018598446,0.361318668540829,1,0,0.993267547888828,0.978291200468776
807,"2_blimp_complete",0.0223,0.4045,0.3682,1,0,1.0207,0.9791
807,"3_lmer_naive",-0.422126766323832,0.538260199162701,0.251629118842826,0,0,0.833816436893488,0.735038560869109
807,"4_blimp_lmc_noaux",-0.4412,0.5381,0.2464,0,0,0.8535,0.7358
807,"5_blimp_omc_aux",0.0431,0.4389,0.4373,1,1,0.9967,0.9706
807,"6_blimp_rescue",0.022,0.4064,0.3641,1,0,0.9938,0.944
808,"1_lmer_complete",0.113009907058293,0.406684811748347,0.578228347683344,1,1,0.861213188219245,0.975949100436106
808,"2_blimp_complete",0.1159,0.407,0.596,1,1,0.8861,0.9768
808,"3_lmer_naive",-0.42868538363139,0.53480909636141,0.416387914904402,0,0,0.717754818091372,0.753587853741143
808,"4_blimp_lmc_noaux",-0.4351,0.5345,0.4123,0,0,0.7396,0.7544
808,"5_blimp_omc_aux",0.1314,0.4328,0.6072,1,1,0.9161,1.0295
808,"6_blimp_rescue",0.1625,0.3897,0.557,1,1,0.9363,0.9887
809,"1_lmer_complete",0.107393258626208,0.407879352353021,0.63954428885125,1,1,0.905843038159268,1.00573887153172
809,"2_blimp_complete",0.1239,0.4081,0.6487,1,1,0.9266,1.0064
809,"3_lmer_naive",-0.451527345249141,0.553684426732711,0.442055464430868,0,0,0.778755113970056,0.81304126861023
809,"4_blimp_lmc_noaux",-0.4614,0.5531,0.4488,0,0,0.8017,0.814
809,"5_blimp_omc_aux",0.1014,0.4716,0.7029,0,1,0.9343,1.0815
809,"6_blimp_rescue",0.1201,0.4285,0.6569,1,1,0.9534,1.0467
810,"1_lmer_complete",-0.115248867526818,0.413555457133342,0.663439230314784,1,1,0.9060458196303,0.999458473720056
810,"2_blimp_complete",-0.1318,0.4133,0.6686,1,1,0.9322,0.9998
810,"3_lmer_naive",-0.668271699375696,0.550187617037803,0.484840348185894,0,1,0.7404917086491,0.765645230444898
810,"4_blimp_lmc_noaux",-0.6621,0.5504,0.4807,0,1,0.7657,0.7663
810,"5_blimp_omc_aux",-0.1533,0.4564,0.7267,0,1,0.9203,1.0426
810,"6_blimp_rescue",-0.0865,0.4062,0.7042,1,1,0.9591,1.0056
811,"1_lmer_complete",-0.0397632208194815,0.408057057902758,0.591416310796558,1,1,0.80089016134934,0.976841218909164
811,"2_blimp_complete",-0.0375,0.4079,0.5857,1,1,0.8233,0.9772
811,"3_lmer_naive",-0.530739762105618,0.546882431105552,0.439345726192461,0,0,0.6151907632054,0.774148819469763
811,"4_blimp_lmc_noaux",-0.5449,0.547,0.4443,0,0,0.6347,0.7756
811,"5_blimp_omc_aux",-0.0726,0.4609,0.6275,0,1,0.7992,1.0137
811,"6_blimp_rescue",-0.0508,0.4182,0.5594,1,1,0.7917,0.9742
812,"1_lmer_complete",-0.05785815777499,0.382738397858505,0.498296547381361,1,1,0.925091523836585,1.01448576306442
812,"2_blimp_complete",-0.053,0.3828,0.5191,1,1,0.9462,1.0148
812,"3_lmer_naive",-0.573044016267248,0.50298561365942,0.361289538695254,0,0,0.794638900213198,0.806926932475648
812,"4_blimp_lmc_noaux",-0.5661,0.503,0.3489,0,0,0.8141,0.8078
812,"5_blimp_omc_aux",-0.0497,0.3969,0.5793,1,1,0.9399,1.0713
812,"6_blimp_rescue",-0.0232,0.3661,0.5139,1,1,0.9443,1.0458
813,"1_lmer_complete",0.0805019253611235,0.406905419061214,0.6252605794445,1,1,1.16634205489362,0.985878464549715
813,"2_blimp_complete",0.077,0.407,0.6269,1,1,1.1977,0.9862
813,"3_lmer_naive",-0.452092645071298,0.554630704478259,0.453530294638786,0,1,0.901809662177873,0.761302401913748
813,"4_blimp_lmc_noaux",-0.446,0.5545,0.4484,0,1,0.9272,0.7623
813,"5_blimp_omc_aux",-0.0096,0.4449,0.698,0,1,1.1252,1.024
813,"6_blimp_rescue",0.0719,0.4119,0.5906,1,1,1.1553,0.9915
814,"1_lmer_complete",0.0584218448360956,0.389534728897265,0.708218521230385,1,1,1.08604618716944,0.997314815577285
814,"2_blimp_complete",0.0734,0.3898,0.7214,1,1,1.1156,0.9975
814,"3_lmer_naive",-0.49435603165813,0.507127477899465,0.539027391041567,0,1,0.841924558492249,0.788820853772463
814,"4_blimp_lmc_noaux",-0.4852,0.5067,0.5469,0,1,0.8713,0.7897
814,"5_blimp_omc_aux",0.0155,0.4079,0.7954,1,0,1.0744,1.0391
814,"6_blimp_rescue",0.1198,0.3688,0.7293,1,1,1.1326,1.0043
815,"1_lmer_complete",0.091151733603212,0.394079543245275,0.522448850213134,1,1,1.21302057918521,0.992943637238058
815,"2_blimp_complete",0.096,0.3939,0.5312,1,1,1.2497,0.9937
815,"3_lmer_naive",-0.421675784422679,0.516493572881536,0.454401192398441,0,1,0.986982784114522,0.751461435164619
815,"4_blimp_lmc_noaux",-0.4319,0.517,0.4579,0,1,1.0158,0.7524
815,"5_blimp_omc_aux",0.0758,0.4054,0.6301,1,1,1.2489,1.0169
815,"6_blimp_rescue",0.1275,0.367,0.5836,1,1,1.2843,0.9825
816,"1_lmer_complete",-0.0462724057875774,0.407122763249664,0.618651837221431,1,1,0.797577834000671,0.9807900125318
816,"2_blimp_complete",-0.0494,0.4071,0.6245,1,1,0.8205,0.9814
816,"3_lmer_naive",-0.569144597534551,0.520771919578525,0.41256414406955,0,0,0.646864103661627,0.766700452727931
816,"4_blimp_lmc_noaux",-0.556,0.5215,0.3933,0,0,0.664,0.7672
816,"5_blimp_omc_aux",-0.078,0.4316,0.6303,1,1,0.7843,1.0131
816,"6_blimp_rescue",-0.0166,0.3963,0.6081,1,1,0.815,0.9845
817,"1_lmer_complete",-0.159071047912644,0.387867623921158,0.618456780684074,1,1,0.8638952392553,0.961055125196113
817,"2_blimp_complete",-0.1693,0.3878,0.6279,1,1,0.8869,0.9615
817,"3_lmer_naive",-0.608223389196287,0.498881397581989,0.479499025594111,0,1,0.798421076401364,0.781151531143361
817,"4_blimp_lmc_noaux",-0.6071,0.4988,0.4898,0,1,0.8221,0.7818
817,"5_blimp_omc_aux",-0.1763,0.4048,0.7107,1,1,0.8698,1.0126
817,"6_blimp_rescue",-0.0966,0.3757,0.7064,1,1,0.8892,0.9902
818,"1_lmer_complete",-0.168427899474895,0.409738748605528,0.659768274325215,1,1,1.13021384252835,1.0031385374369
818,"2_blimp_complete",-0.1452,0.4099,0.6737,1,1,1.1625,1.0039
818,"3_lmer_naive",-0.723812055341044,0.529039181211853,0.501713462806269,0,1,0.882092306734481,0.795314925094359
818,"4_blimp_lmc_noaux",-0.7251,0.5294,0.4928,0,1,0.9067,0.7957
818,"5_blimp_omc_aux",-0.2429,0.4547,0.7081,0,1,1.1459,1.0249
818,"6_blimp_rescue",-0.1588,0.4194,0.6674,1,1,1.1967,1.0015
819,"1_lmer_complete",-0.0623115257773493,0.412144248168304,0.565149233214942,1,1,1.10533943167547,0.994869880530652
819,"2_blimp_complete",-0.0547,0.4123,0.5405,1,1,1.1354,0.9953
819,"3_lmer_naive",-0.54474190381671,0.541259585193841,0.357022059437688,0,0,0.878542912312758,0.787257130087439
819,"4_blimp_lmc_noaux",-0.5527,0.5416,0.3332,0,0,0.896,0.7878
819,"5_blimp_omc_aux",-0.0752,0.4468,0.6221,1,1,1.1162,1.0372
819,"6_blimp_rescue",-0.053,0.4063,0.5476,1,1,1.1321,1.0009
820,"1_lmer_complete",-0.140447700765024,0.366852552880818,0.50716540962987,0,1,0.752872901438347,1.03076013520993
820,"2_blimp_complete",-0.1408,0.3669,0.5171,0,1,0.7735,1.031
820,"3_lmer_naive",-0.636892963646902,0.511739794565506,0.375993268726065,0,0,0.663690273877622,0.788363183451078
820,"4_blimp_lmc_noaux",-0.6291,0.5117,0.3681,0,0,0.6826,0.7893
820,"5_blimp_omc_aux",-0.1565,0.3983,0.5824,1,1,0.7829,1.0678
820,"6_blimp_rescue",-0.1396,0.3661,0.5295,1,1,0.787,1.0383
821,"1_lmer_complete",0.0322772101187909,0.400571176829491,0.505432585356887,1,1,1.03159295096312,0.994598524451342
821,"2_blimp_complete",0.0244,0.4005,0.5152,1,1,1.0623,0.995
821,"3_lmer_naive",-0.457878763499064,0.509506968723277,0.368530680945936,0,0,0.841340823012552,0.775119958113192
821,"4_blimp_lmc_noaux",-0.4658,0.5099,0.3521,0,0,0.8636,0.776
821,"5_blimp_omc_aux",0.0214,0.4159,0.5963,1,1,1.0596,1.0218
821,"6_blimp_rescue",0.0324,0.3777,0.4971,1,1,1.0732,0.9904
822,"1_lmer_complete",0.0327101212989692,0.413158215185497,0.70410987798303,1,1,1.34701704094672,1.01178520064164
822,"2_blimp_complete",0.0415,0.4133,0.6884,1,1,1.3789,1.0124
822,"3_lmer_naive",-0.532086949903989,0.519350464557658,0.536716517230884,0,1,1.07347799538793,0.822051362206209
822,"4_blimp_lmc_noaux",-0.5272,0.5196,0.5312,0,1,1.1024,0.8229
822,"5_blimp_omc_aux",0.0053,0.4196,0.7622,1,1,1.3895,1.0986
822,"6_blimp_rescue",0.0986,0.3799,0.6976,1,1,1.4368,1.0653
823,"1_lmer_complete",-0.0581293449375996,0.374016405811798,0.51098728050264,1,1,0.884884286131665,1.01738661323286
823,"2_blimp_complete",-0.061,0.3739,0.5119,1,1,0.9116,1.0182
823,"3_lmer_naive",-0.564901160203415,0.49255599113569,0.385098748000969,0,0,0.629343816462064,0.796214209330143
823,"4_blimp_lmc_noaux",-0.5735,0.4928,0.371,0,0,0.644,0.7963
823,"5_blimp_omc_aux",-0.0743,0.3854,0.5877,1,1,0.8998,1.0469
823,"6_blimp_rescue",-0.0635,0.3546,0.5182,0,1,0.9091,1.0185
824,"1_lmer_complete",-0.0652968437169388,0.426788718017367,0.572082674350635,1,1,0.894047962268366,0.967366696759131
824,"2_blimp_complete",-0.0769,0.4268,0.5759,1,1,0.9256,0.9678
824,"3_lmer_naive",-0.544949968919503,0.598083820237816,0.393395487280775,0,0,0.775320643148458,0.748895696176886
824,"4_blimp_lmc_noaux",-0.5401,0.5986,0.3486,0,0,0.7897,0.7498
824,"5_blimp_omc_aux",-0.0667,0.4978,0.5951,0,1,0.9092,0.9939
824,"6_blimp_rescue",-0.0782,0.4779,0.5728,0,1,0.9355,0.9776
825,"1_lmer_complete",-0.0596575566929838,0.400411571322569,0.709784653645873,1,1,1.06125258677156,1.00660769550327
825,"2_blimp_complete",-0.0517,0.4007,0.7178,1,1,1.0899,1.0069
825,"3_lmer_naive",-0.613451134940989,0.50507402719491,0.496217180611074,0,1,0.817416350369766,0.805291499929214
825,"4_blimp_lmc_noaux",-0.6241,0.5056,0.4976,0,1,0.8416,0.806
825,"5_blimp_omc_aux",-0.1109,0.4097,0.7629,1,1,1.0568,1.0782
825,"6_blimp_rescue",-0.0275,0.3658,0.731,1,1,1.0951,1.0418
826,"1_lmer_complete",-0.170891079089949,0.391642945558459,0.550805820099999,1,1,1.09337255713315,1.00707113363378
826,"2_blimp_complete",-0.1774,0.3917,0.5496,1,1,1.1267,1.0083
826,"3_lmer_naive",-0.638929721093705,0.512086671654143,0.430118052446515,0,1,0.873399798149909,0.787276203027824
826,"4_blimp_lmc_noaux",-0.6267,0.5118,0.4173,0,0,0.8949,0.7877
826,"5_blimp_omc_aux",-0.1639,0.4196,0.6252,1,1,1.0543,1.0324
826,"6_blimp_rescue",-0.1426,0.3858,0.5581,1,1,1.0639,1.0069
827,"1_lmer_complete",-0.0578865995378969,0.414326372296947,0.541997813341619,1,1,1.07176028828792,0.999656372174657
827,"2_blimp_complete",-0.0783,0.4144,0.5346,1,1,1.1006,1.0004
827,"3_lmer_naive",-0.541512372656419,0.536817799481695,0.401114763887143,0,0,0.869131577860832,0.769808939221675
827,"4_blimp_lmc_noaux",-0.5467,0.5367,0.387,0,0,0.892,0.7706
827,"5_blimp_omc_aux",-0.0779,0.4482,0.6021,0,1,1.098,1.0065
827,"6_blimp_rescue",-0.0566,0.4155,0.542,1,1,1.1093,0.9816
828,"1_lmer_complete",-0.0562040274966523,0.406651473718912,0.695621170185083,1,1,0.852665236558143,1.01336547423483
828,"2_blimp_complete",-0.0511,0.4068,0.6847,1,1,0.8739,1.0139
828,"3_lmer_naive",-0.582453044317039,0.526150253449793,0.508714435845777,0,1,0.694067247635311,0.812578707943228
828,"4_blimp_lmc_noaux",-0.5886,0.5258,0.5059,0,1,0.7161,0.8131
828,"5_blimp_omc_aux",-0.0828,0.4339,0.7552,1,1,0.8707,1.0555
828,"6_blimp_rescue",-0.006,0.3984,0.7328,1,1,0.9038,1.0219
829,"1_lmer_complete",0.133999856736654,0.39686613517501,0.481892239167254,1,1,0.742189897181443,1.00739483146782
829,"2_blimp_complete",0.1401,0.3967,0.4952,1,1,0.7676,1.0074
829,"3_lmer_naive",-0.395161404118454,0.547356901883121,0.315393223518577,0,0,0.608548469469115,0.765349179047159
829,"4_blimp_lmc_noaux",-0.397,0.5473,0.3017,0,0,0.6206,0.7659
829,"5_blimp_omc_aux",0.121,0.4487,0.5202,0,1,0.7454,1.0319
829,"6_blimp_rescue",0.1123,0.4137,0.4523,1,1,0.7398,1.0036
830,"1_lmer_complete",-0.18649088570062,0.387130146942105,0.453333009530119,1,1,1.06194163878668,0.996296833270071
830,"2_blimp_complete",-0.1825,0.3871,0.4543,1,1,1.0909,0.9968
830,"3_lmer_naive",-0.733878366618313,0.523553355223281,0.387883558366058,0,0,0.796045540963514,0.774288202252502
830,"4_blimp_lmc_noaux",-0.734,0.5241,0.371,0,0,0.8141,0.7748
830,"5_blimp_omc_aux",-0.2062,0.4276,0.5421,1,1,1.1368,1.0422
830,"6_blimp_rescue",-0.1642,0.3902,0.4697,1,1,1.1405,1.015
831,"1_lmer_complete",0.0554996313424126,0.41624903001445,0.545265363399297,1,1,0.856419811538607,1.04186911975211
831,"2_blimp_complete",0.0506,0.4161,0.5484,1,1,0.881,1.0427
831,"3_lmer_naive",-0.466333095621071,0.534772578034202,0.371714602237863,0,0,0.685388132648986,0.767742287229304
831,"4_blimp_lmc_noaux",-0.4632,0.5357,0.3467,0,0,0.7028,0.7681
831,"5_blimp_omc_aux",-0.0041,0.4284,0.5729,1,1,0.8165,1.0246
831,"6_blimp_rescue",0.0181,0.399,0.5217,1,1,0.8461,0.9963
832,"1_lmer_complete",-0.11620103578369,0.416564457968965,0.622446942815507,1,1,1.11953496571824,0.993644174734374
832,"2_blimp_complete",-0.1105,0.4166,0.6348,1,1,1.152,0.9945
832,"3_lmer_naive",-0.645537754751882,0.545330546432419,0.466631643356327,0,1,0.907349695380303,0.776238749056228
832,"4_blimp_lmc_noaux",-0.6465,0.5458,0.4694,0,1,0.9295,0.7769
832,"5_blimp_omc_aux",-0.1264,0.4481,0.6488,0,1,1.1096,1.0332
832,"6_blimp_rescue",-0.1103,0.4189,0.636,1,1,1.1667,1.008
833,"1_lmer_complete",0.101800885579475,0.398699296519128,0.55675411938826,1,1,1.47459531944423,1.00369914815664
833,"2_blimp_complete",0.0772,0.399,0.5472,1,1,1.5164,1.0042
833,"3_lmer_naive",-0.486198432016797,0.547516474867096,0.41589141567355,0,1,1.19756187746217,0.749047540945298
833,"4_blimp_lmc_noaux",-0.4641,0.5481,0.3755,0,0,1.2237,0.7501
833,"5_blimp_omc_aux",0.0748,0.4451,0.6539,1,1,1.5251,1.0433
833,"6_blimp_rescue",0.1393,0.401,0.5299,1,1,1.6281,1.0064
834,"1_lmer_complete",-0.0239565462495414,0.379655229501287,0.685093836228833,1,1,0.902554562388975,1.00484064342907
834,"2_blimp_complete",-0.0195,0.3795,0.6854,1,1,0.926,1.0055
834,"3_lmer_naive",-0.538725856948223,0.51006752205836,0.562070629492946,0,1,0.725790907982917,0.779782093807931
834,"4_blimp_lmc_noaux",-0.5461,0.5099,0.5772,0,1,0.7479,0.7803
834,"5_blimp_omc_aux",-0.0639,0.4032,0.7935,1,1,0.9361,1.034
834,"6_blimp_rescue",0.0209,0.3722,0.7316,1,1,0.9751,1.0047
835,"1_lmer_complete",0.123803839730628,0.402083369299999,0.442197445193502,1,1,1.15691827155303,0.997336827780946
835,"2_blimp_complete",0.114,0.402,0.4485,1,1,1.1931,0.9977
835,"3_lmer_naive",-0.397867804998947,0.549705288175512,0.317188353774868,0,0,0.907513396877984,0.773357844769402
835,"4_blimp_lmc_noaux",-0.3977,0.5501,0.2843,0,0,0.9252,0.7743
835,"5_blimp_omc_aux",0.1373,0.4551,0.5336,0,1,1.2076,1.0385
835,"6_blimp_rescue",0.1569,0.4193,0.4205,1,1,1.2157,1.012
836,"1_lmer_complete",-0.126390794635721,0.382345944297103,0.652111306859478,1,1,0.807559794531354,0.986540056074279
836,"2_blimp_complete",-0.1347,0.3822,0.6603,1,1,0.8318,0.9871
836,"3_lmer_naive",-0.692250332304372,0.526231020292527,0.418569189299754,0,0,0.687744698000826,0.73862016603619
836,"4_blimp_lmc_noaux",-0.6882,0.5265,0.4113,0,0,0.7057,0.7397
836,"5_blimp_omc_aux",-0.1898,0.4347,0.6266,1,1,0.8029,0.9878
836,"6_blimp_rescue",-0.1453,0.3885,0.6155,1,1,0.8265,0.9539
837,"1_lmer_complete",-0.0140668496397945,0.392202176253053,0.411518790695254,1,0,0.993274536340438,1.02920452129967
837,"2_blimp_complete",-0.001,0.3921,0.4028,1,1,1.0219,1.0297
837,"3_lmer_naive",-0.485956660243005,0.522728146487441,0.271486448183709,0,0,0.753056924697068,0.782615045948932
837,"4_blimp_lmc_noaux",-0.4821,0.5225,0.2504,0,0,0.7734,0.784
837,"5_blimp_omc_aux",-0.0159,0.4214,0.4683,1,1,1.0181,1.0412
837,"6_blimp_rescue",-0.0173,0.3864,0.4011,1,0,1.0194,1.0102
838,"1_lmer_complete",0.0376299690515605,0.405421769280272,0.558075637489356,1,1,1.04749960689008,1.02660968979659
838,"2_blimp_complete",0.0479,0.4055,0.5537,1,1,1.0749,1.0269
838,"3_lmer_naive",-0.454423594139827,0.561096903275192,0.379259242570483,0,0,0.990516561414874,0.79043649562021
838,"4_blimp_lmc_noaux",-0.4374,0.5609,0.343,0,0,1.0158,0.792
838,"5_blimp_omc_aux",0.0534,0.46,0.6011,0,1,1.0921,1.09
838,"6_blimp_rescue",0.0266,0.4249,0.6,1,1,1.107,1.0629
839,"1_lmer_complete",0.116054060124213,0.405073654565293,0.672824231534595,1,1,1.14711879418252,0.985592807405802
839,"2_blimp_complete",0.1355,0.4053,0.6694,1,1,1.1783,0.9863
839,"3_lmer_naive",-0.431903537163164,0.540496240153042,0.418292009470875,0,1,1.02906716852685,0.787081435568527
839,"4_blimp_lmc_noaux",-0.4275,0.5401,0.4064,0,1,1.0588,0.7879
839,"5_blimp_omc_aux",0.0845,0.4557,0.6938,0,1,1.1602,1.0341
839,"6_blimp_rescue",0.1413,0.4213,0.669,1,1,1.1939,1.0083
840,"1_lmer_complete",0.149354905456738,0.399428860912158,0.572944658662642,1,1,0.953941757868005,0.987935115159893
840,"2_blimp_complete",0.1349,0.3994,0.5677,1,1,0.983,0.9885
840,"3_lmer_naive",-0.414696472840356,0.524611174051367,0.404906605953254,0,0,0.875306259630143,0.746912191467659
840,"4_blimp_lmc_noaux",-0.4242,0.5244,0.3928,0,0,0.9,0.7481
840,"5_blimp_omc_aux",0.1451,0.4292,0.6258,1,1,0.9622,1.0149
840,"6_blimp_rescue",0.1446,0.3804,0.5672,1,1,0.9731,0.9753
841,"1_lmer_complete",-0.0385390023510143,0.370568127059264,0.71278254149305,0,1,1.09155949528735,0.997502426417827
841,"2_blimp_complete",-0.0398,0.3707,0.7152,0,1,1.1139,0.9981
841,"3_lmer_naive",-0.638850082980203,0.502104010595874,0.48767506478753,0,1,0.853496417326715,0.795684220611682
841,"4_blimp_lmc_noaux",-0.6282,0.502,0.4797,0,1,0.8811,0.797
841,"5_blimp_omc_aux",-0.0726,0.4044,0.7685,1,1,1.0676,1.0832
841,"6_blimp_rescue",-0.0019,0.3487,0.6804,0,1,1.1085,1.0295
842,"1_lmer_complete",0.157784639591695,0.386868564389041,0.608616943827744,1,1,1.06481118169837,1.02564390168087
842,"2_blimp_complete",0.149,0.387,0.6046,1,1,1.091,1.0264
842,"3_lmer_naive",-0.398910908111709,0.520125396042953,0.449485184076147,0,0,0.833551881591342,0.805051714711972
842,"4_blimp_lmc_noaux",-0.4013,0.5199,0.4413,0,0,0.8606,0.8057
842,"5_blimp_omc_aux",0.1489,0.4268,0.6518,1,1,1.0598,1.0789
842,"6_blimp_rescue",0.1935,0.3851,0.6274,1,1,1.0929,1.0474
843,"1_lmer_complete",-0.0867463579476878,0.399905772746573,0.565995529113744,1,1,1.06668711642177,0.980932582899171
843,"2_blimp_complete",-0.087,0.4001,0.5635,1,1,1.0947,0.9813
843,"3_lmer_naive",-0.6093757959977,0.554317754568996,0.354147533872177,0,0,0.801265516069991,0.744995367796521
843,"4_blimp_lmc_noaux",-0.6024,0.5542,0.3349,0,0,0.8229,0.7457
843,"5_blimp_omc_aux",-0.1085,0.4514,0.5893,0,1,1.0677,1.0325
843,"6_blimp_rescue",-0.0469,0.414,0.4884,1,1,1.0809,0.9955
844,"1_lmer_complete",0.0136160690757125,0.416937768287087,0.594821973814773,1,1,0.998593264745246,0.962317069703744
844,"2_blimp_complete",0.0208,0.4165,0.5976,1,1,1.0202,0.963
844,"3_lmer_naive",-0.51189332993063,0.563961979498648,0.41635064233217,0,0,0.746272469926021,0.719729976278477
844,"4_blimp_lmc_noaux",-0.5114,0.5645,0.4056,0,0,0.7639,0.7202
844,"5_blimp_omc_aux",-0.0424,0.4576,0.6001,0,1,0.9687,0.9597
844,"6_blimp_rescue",-0.008,0.4288,0.5029,1,1,0.9992,0.936
845,"1_lmer_complete",0.0492597828449461,0.380080697929739,0.794766519364238,1,1,1.09065562449898,0.965564844216752
845,"2_blimp_complete",0.0579,0.38,0.8113,1,0,1.1125,0.9661
845,"3_lmer_naive",-0.555666695370504,0.512819414501643,0.593367686146348,0,1,0.839832398129059,0.75961478928899
845,"4_blimp_lmc_noaux",-0.5453,0.5127,0.5855,0,1,0.8668,0.7605
845,"5_blimp_omc_aux",-0.065,0.4274,0.8323,1,0,1.0542,1.0108
845,"6_blimp_rescue",0.043,0.3795,0.8372,1,0,1.1099,0.9756
846,"1_lmer_complete",-0.0394357774502664,0.381173056825551,0.61111506705459,1,1,0.900561293468656,0.991539296751205
846,"2_blimp_complete",-0.0457,0.3815,0.6062,1,1,0.9279,0.992
846,"3_lmer_naive",-0.579507927829375,0.522038365350976,0.430004778965743,0,0,0.742392136149257,0.79022742717823
846,"4_blimp_lmc_noaux",-0.5851,0.522,0.4208,0,0,0.7629,0.7906
846,"5_blimp_omc_aux",-0.0239,0.4195,0.6471,1,1,0.9035,1.0793
846,"6_blimp_rescue",0.0231,0.3792,0.6069,1,1,0.9314,1.046
847,"1_lmer_complete",-0.0179997260754329,0.394732440194838,0.52702956529228,1,1,0.944869698100869,1.01576739595658
847,"2_blimp_complete",-0.017,0.3947,0.5353,1,1,0.9743,1.0157
847,"3_lmer_naive",-0.587465336776877,0.552217121919716,0.381232644214681,0,0,0.748742311869246,0.768736748865933
847,"4_blimp_lmc_noaux",-0.6013,0.552,0.3716,0,0,0.7692,0.7692
847,"5_blimp_omc_aux",-0.0194,0.4375,0.5906,1,1,0.8871,1.0572
847,"6_blimp_rescue",-0.0247,0.4009,0.5095,1,1,0.8917,1.0251
848,"1_lmer_complete",-0.00147282035032666,0.418917506514512,0.600747197483034,1,1,1.38796671018028,0.998057079079407
848,"2_blimp_complete",-0.008,0.4189,0.6209,1,1,1.4315,0.9987
848,"3_lmer_naive",-0.546863389344131,0.577483935366436,0.443179600050567,0,1,1.16367974409754,0.787296112719296
848,"4_blimp_lmc_noaux",-0.541,0.5778,0.4226,0,1,1.1944,0.7878
848,"5_blimp_omc_aux",-0.039,0.4936,0.6782,0,1,1.4523,1.0502
848,"6_blimp_rescue",0.025,0.4594,0.6422,0,1,1.4936,1.0266
849,"1_lmer_complete",0.0153582761506596,0.398473222999268,0.711889972457013,1,1,1.09019248949953,1.01601034147651
849,"2_blimp_complete",0.0313,0.3987,0.7167,1,1,1.1155,1.017
849,"3_lmer_naive",-0.542670755930104,0.539510191476853,0.509088151568143,0,1,0.838838498643977,0.816000641115443
849,"4_blimp_lmc_noaux",-0.536,0.5393,0.5189,0,1,0.8612,0.8166
849,"5_blimp_omc_aux",-0.0424,0.4389,0.7566,1,1,1.0978,1.0998
849,"6_blimp_rescue",0.0212,0.4007,0.7378,1,1,1.151,1.0683
850,"1_lmer_complete",0.0489893510128355,0.393586506796901,0.643505424587744,1,1,0.9864228939641,0.984819087802177
850,"2_blimp_complete",0.0416,0.3938,0.6446,1,1,1.0117,0.9853
850,"3_lmer_naive",-0.46581173019416,0.522700148592313,0.482663684465791,0,1,0.82432841829846,0.777688155593411
850,"4_blimp_lmc_noaux",-0.4754,0.5231,0.4926,0,1,0.8508,0.7782
850,"5_blimp_omc_aux",0.0512,0.4104,0.7088,1,1,1.0253,1.0555
850,"6_blimp_rescue",0.1018,0.3731,0.686,1,1,1.0748,1.021
851,"1_lmer_complete",-0.0918689572478419,0.416876658870157,0.590494316901141,1,1,0.902431467659962,1.02993338011159
851,"2_blimp_complete",-0.102,0.4167,0.5849,1,1,0.9296,1.0308
851,"3_lmer_naive",-0.606315300187234,0.521076481446209,0.454255203069181,0,1,0.77222440809788,0.776734032754174
851,"4_blimp_lmc_noaux",-0.603,0.5216,0.4379,0,1,0.7962,0.7775
851,"5_blimp_omc_aux",-0.1233,0.4213,0.6977,1,1,0.9833,1.0312
851,"6_blimp_rescue",-0.0433,0.384,0.6425,1,1,1.0184,0.9999
852,"1_lmer_complete",-0.0917856937744714,0.428395509434938,0.702214842763825,0,1,0.840715612212799,0.993305112456849
852,"2_blimp_complete",-0.0997,0.4282,0.7073,0,1,0.8643,0.9943
852,"3_lmer_naive",-0.59712314351397,0.550834645153161,0.531845866900654,0,1,0.633316288585167,0.798179042255418
852,"4_blimp_lmc_noaux",-0.5881,0.551,0.5278,0,1,0.6522,0.7992
852,"5_blimp_omc_aux",-0.1177,0.4597,0.7762,0,0,0.8564,1.0473
852,"6_blimp_rescue",-0.0549,0.4266,0.7278,1,1,0.8993,1.0187
853,"1_lmer_complete",-0.0217875873274923,0.417186669094065,0.431996853630453,1,1,0.86908737600455,0.970129727420879
853,"2_blimp_complete",-0.0172,0.4169,0.4315,1,1,0.8929,0.9705
853,"3_lmer_naive",-0.531749978963543,0.557591214176369,0.267337968002893,0,0,0.670551192362915,0.750072744947905
853,"4_blimp_lmc_noaux",-0.5313,0.5576,0.2517,0,0,0.6838,0.7507
853,"5_blimp_omc_aux",-0.0242,0.4675,0.4693,0,1,0.8884,0.9883
853,"6_blimp_rescue",-0.0383,0.4351,0.4468,1,1,0.9019,0.9621
854,"1_lmer_complete",-0.0539134304797312,0.408669393962464,0.657012623697974,1,1,1.3148059600926,0.996570878027716
854,"2_blimp_complete",-0.0634,0.4089,0.6545,1,1,1.3551,0.9971
854,"3_lmer_naive",-0.625568402164813,0.517035329281475,0.52289135672822,0,1,1.13054188031983,0.78376773007763
854,"4_blimp_lmc_noaux",-0.6298,0.5171,0.537,0,1,1.161,0.7847
854,"5_blimp_omc_aux",-0.0724,0.4281,0.7115,1,1,1.4333,1.0393
854,"6_blimp_rescue",-0.021,0.389,0.681,1,1,1.4787,1.0041
855,"1_lmer_complete",-0.0403871378585057,0.403097845439385,0.614230545573686,1,1,0.882736255746514,1.01768197845648
855,"2_blimp_complete",-0.0423,0.4031,0.6185,1,1,0.9037,1.0183
855,"3_lmer_naive",-0.528837284181446,0.501294278635713,0.496145496316949,0,1,0.705111718943459,0.841215571447135
855,"4_blimp_lmc_noaux",-0.5198,0.5017,0.4732,0,1,0.727,0.8424
855,"5_blimp_omc_aux",-0.0709,0.4147,0.713,1,1,0.9122,1.0649
855,"6_blimp_rescue",-0.0135,0.3837,0.6557,1,1,0.9309,1.0381
856,"1_lmer_complete",-0.0725681031417863,0.420831326937032,0.575474216300366,1,1,1.24026066232248,1.00404763563437
856,"2_blimp_complete",-0.0749,0.4209,0.6022,1,1,1.2781,1.0047
856,"3_lmer_naive",-0.610399391100739,0.555759157037057,0.424284081507176,0,1,1.13267532126251,0.781915441490654
856,"4_blimp_lmc_noaux",-0.6113,0.5556,0.4304,0,1,1.1638,0.7826
856,"5_blimp_omc_aux",-0.0812,0.4653,0.6469,0,1,1.3322,1.0473
856,"6_blimp_rescue",-0.0612,0.43,0.5829,1,1,1.3655,1.0187
857,"1_lmer_complete",0.0447445957888656,0.390549168155199,0.425475485190344,1,1,1.19114879852038,0.997242407917103
857,"2_blimp_complete",0.0782,0.3905,0.4381,1,1,1.2303,0.9975
857,"3_lmer_naive",-0.490847774077337,0.53719139827774,0.306475982840131,0,0,0.97278696769196,0.718019466709223
857,"4_blimp_lmc_noaux",-0.5024,0.5367,0.3055,0,0,0.9976,0.7185
857,"5_blimp_omc_aux",0.0335,0.4311,0.4647,1,1,1.1813,0.9888
857,"6_blimp_rescue",0.0641,0.3981,0.3865,1,1,1.1864,0.9626
858,"1_lmer_complete",0.0324672230236151,0.407506984769733,0.576835295178419,1,1,0.896567668888354,0.989962916246679
858,"2_blimp_complete",0.0265,0.4075,0.5721,1,1,0.9245,0.99
858,"3_lmer_naive",-0.465391913961628,0.531260304333312,0.477949693218392,0,1,0.725258046721204,0.767659778285174
858,"4_blimp_lmc_noaux",-0.4656,0.5313,0.4769,0,1,0.7474,0.7686
858,"5_blimp_omc_aux",0.0047,0.4364,0.6768,1,1,0.915,1.0018
858,"6_blimp_rescue",0.0409,0.4043,0.6072,1,1,0.9307,0.9731
859,"1_lmer_complete",0.0390390600512599,0.402000650799436,0.692083227993326,1,1,0.976064062094181,0.941258077730713
859,"2_blimp_complete",0.0249,0.402,0.698,1,1,1.0029,0.9418
859,"3_lmer_naive",-0.530090838457294,0.544035714523128,0.532325602941862,0,1,0.783263008671159,0.723416358765143
859,"4_blimp_lmc_noaux",-0.5342,0.5446,0.534,0,1,0.8015,0.7241
859,"5_blimp_omc_aux",-0.0119,0.4382,0.7158,1,1,1.0058,0.9704
859,"6_blimp_rescue",0.0336,0.401,0.6994,1,1,1.05,0.9375
860,"1_lmer_complete",-0.109707970812247,0.403754948569602,0.792573298056294,1,0,1.00876714319128,1.01004807866293
860,"2_blimp_complete",-0.1153,0.4038,0.8053,1,0,1.0328,1.0108
860,"3_lmer_naive",-0.675332161008074,0.548554662486358,0.605835077301992,0,1,0.808610696872331,0.827687985601109
860,"4_blimp_lmc_noaux",-0.6919,0.5481,0.6222,0,1,0.8338,0.8287
860,"5_blimp_omc_aux",-0.1711,0.4515,0.8264,0,0,1.0047,1.1065
860,"6_blimp_rescue",-0.0881,0.4118,0.8393,1,0,1.0444,1.0736
861,"1_lmer_complete",-0.044220644016566,0.40319955759783,0.498795759541732,1,1,1.01898799231102,0.993203561284275
861,"2_blimp_complete",-0.0417,0.4032,0.52,1,1,1.0483,0.9936
861,"3_lmer_naive",-0.535535978806085,0.520107928475409,0.365768266874982,0,0,0.832359791797255,0.81004629756844
861,"4_blimp_lmc_noaux",-0.5331,0.5206,0.3278,0,0,0.8525,0.8109
861,"5_blimp_omc_aux",-0.0745,0.431,0.5903,1,1,1.0463,1.0436
861,"6_blimp_rescue",-0.0448,0.3995,0.5069,1,1,1.0557,1.0166
862,"1_lmer_complete",0.154660033894355,0.39914539005044,0.59623304948924,1,1,0.823789356457219,0.976315029662115
862,"2_blimp_complete",0.1608,0.3992,0.6046,1,1,0.8459,0.9765
862,"3_lmer_naive",-0.384865757697081,0.568089936597137,0.361668231920389,0,0,0.73205086056533,0.743943216382804
862,"4_blimp_lmc_noaux",-0.3835,0.5679,0.3335,0,0,0.7495,0.7449
862,"5_blimp_omc_aux",0.1264,0.4606,0.6247,0,1,0.8266,1.0389
862,"6_blimp_rescue",0.1647,0.4179,0.5565,1,1,0.8578,1.0048
863,"1_lmer_complete",-0.0930400722873231,0.397972435867078,0.369754244477632,1,0,1.01472742646128,1.04243356773427
863,"2_blimp_complete",-0.0971,0.398,0.3807,1,0,1.0441,1.0427
863,"3_lmer_naive",-0.595059024009951,0.554970851048707,0.27661728480753,0,0,0.849954051862502,0.77253595038103
863,"4_blimp_lmc_noaux",-0.6065,0.555,0.2699,0,0,0.8714,0.7729
863,"5_blimp_omc_aux",-0.081,0.4438,0.4911,1,1,1.0878,1.07
863,"6_blimp_rescue",-0.0935,0.4135,0.3878,1,1,1.0741,1.0452
864,"1_lmer_complete",0.0415196675406245,0.404316701239703,0.541013921111477,1,1,1.11090173714829,0.97831172548335
864,"2_blimp_complete",0.0392,0.4042,0.553,1,1,1.1419,0.9787
864,"3_lmer_naive",-0.47244054102741,0.544487352711537,0.3634122871842,0,0,1.06001365552371,0.770638412685554
864,"4_blimp_lmc_noaux",-0.4828,0.5444,0.3703,0,0,1.0923,0.7709
864,"5_blimp_omc_aux",0.0591,0.4465,0.569,0,1,1.1445,1.0381
864,"6_blimp_rescue",0.0736,0.4123,0.5179,1,1,1.1614,1.0102
865,"1_lmer_complete",0.0675114941758298,0.361748044661681,0.680646098244143,0,1,1.15747243635075,1.02273072757817
865,"2_blimp_complete",0.0742,0.3617,0.6808,0,1,1.188,1.023
865,"3_lmer_naive",-0.504647317280185,0.488446026518887,0.453092572403914,0,1,0.880287338981373,0.840802051884315
865,"4_blimp_lmc_noaux",-0.4937,0.4886,0.4493,0,1,0.9047,0.8423
865,"5_blimp_omc_aux",0.032,0.4003,0.736,1,1,1.0707,1.0899
865,"6_blimp_rescue",0.0632,0.3585,0.678,0,1,1.1007,1.0487
866,"1_lmer_complete",-0.0718441220507728,0.390401525881324,0.46513556363561,1,1,0.868588615156739,1.00349713993014
866,"2_blimp_complete",-0.0577,0.3906,0.4795,1,1,0.894,1.0044
866,"3_lmer_naive",-0.520847128855517,0.531264855232306,0.311645979425654,0,0,0.795050962646051,0.808066200452494
866,"4_blimp_lmc_noaux",-0.5141,0.531,0.2936,0,0,0.8139,0.8086
866,"5_blimp_omc_aux",-0.0608,0.4441,0.5274,0,1,0.9581,1.0579
866,"6_blimp_rescue",-0.0726,0.4147,0.4587,1,1,0.9549,1.0356
867,"1_lmer_complete",-0.0353329215833614,0.388455557852269,0.671151762199487,1,1,1.03295224252481,0.986734650179206
867,"2_blimp_complete",-0.0078,0.3889,0.6652,1,1,1.0621,0.9867
867,"3_lmer_naive",-0.607774259875308,0.538765120980331,0.53156650732848,0,1,0.822712511864817,0.742483955169485
867,"4_blimp_lmc_noaux",-0.6121,0.5389,0.5295,0,1,0.8448,0.7435
867,"5_blimp_omc_aux",-0.1564,0.4321,0.7804,1,1,1.0491,0.9904
867,"6_blimp_rescue",-0.0586,0.3996,0.7662,1,1,1.1069,0.9675
868,"1_lmer_complete",-0.0372616594714158,0.38756196621285,0.556949225575941,1,1,0.935122932673254,1.00309564103149
868,"2_blimp_complete",-0.0244,0.3873,0.5647,1,1,0.9591,1.0038
868,"3_lmer_naive",-0.564415584557983,0.532772243001627,0.425396875247578,0,0,0.779180764615748,0.770256420552657
868,"4_blimp_lmc_noaux",-0.5603,0.5331,0.4047,0,0,0.7997,0.7708
868,"5_blimp_omc_aux",-0.0769,0.4176,0.6551,1,1,0.9569,1.0493
868,"6_blimp_rescue",-0.0104,0.3826,0.5752,1,1,0.9909,1.0175
869,"1_lmer_complete",-0.0245419279313104,0.43837805966324,0.525752331957977,0,1,0.822756384486529,1.00471273350373
869,"2_blimp_complete",-0.0223,0.4384,0.5352,0,1,0.8454,1.0051
869,"3_lmer_naive",-0.526455213962438,0.541072566950812,0.426256716605076,0,0,0.681088863046791,0.74585526626858
869,"4_blimp_lmc_noaux",-0.5331,0.5414,0.3993,0,0,0.7001,0.7463
869,"5_blimp_omc_aux",-0.0551,0.4468,0.6705,0,1,0.8761,1.0069
869,"6_blimp_rescue",-0.0103,0.4163,0.5746,1,1,0.8966,0.984
870,"1_lmer_complete",-0.0122611075037943,0.386746045763079,0.551543404918915,1,1,0.832101712672188,0.971591731090801
870,"2_blimp_complete",2e-04,0.3869,0.5546,1,1,0.8522,0.9722
870,"3_lmer_naive",-0.499259713745324,0.513207116445738,0.380873379496889,0,0,0.682947368305903,0.75476786152516
870,"4_blimp_lmc_noaux",-0.4965,0.5127,0.3735,0,0,0.7009,0.756
870,"5_blimp_omc_aux",-0.0284,0.4103,0.5817,1,1,0.8392,0.9945
870,"6_blimp_rescue",0.0145,0.3831,0.5184,1,1,0.8445,0.9695
871,"1_lmer_complete",-0.00953667992610465,0.410465916765007,0.482427738579255,1,1,1.00389406727462,0.968866454470269
871,"2_blimp_complete",0.01,0.4103,0.4892,1,1,1.0295,0.9697
871,"3_lmer_naive",-0.54112815699014,0.56201726300286,0.463201617925221,0,1,0.817558835156413,0.75717005302472
871,"4_blimp_lmc_noaux",-0.5465,0.5626,0.4485,0,1,0.8336,0.7579
871,"5_blimp_omc_aux",-0.0235,0.4722,0.6413,0,1,1.0566,1.0256
871,"6_blimp_rescue",0.0092,0.4358,0.5137,1,1,1.0583,0.9988
872,"1_lmer_complete",0.120275184417713,0.420981787352647,0.521452452790903,1,1,1.00118281567534,1.00697528123879
872,"2_blimp_complete",0.1328,0.421,0.5035,1,1,1.0297,1.0078
872,"3_lmer_naive",-0.377784200266288,0.559618108255687,0.459303624839128,0,1,0.820170484657562,0.797321895423787
872,"4_blimp_lmc_noaux",-0.3781,0.5597,0.4504,0,1,0.8419,0.7975
872,"5_blimp_omc_aux",0.1133,0.4651,0.6462,0,1,1.0915,1.0609
872,"6_blimp_rescue",0.1331,0.4315,0.5613,1,1,1.095,1.0352
873,"1_lmer_complete",0.103860624054123,0.37711980730963,0.509988639436833,1,1,0.978957580097659,0.959662598596402
873,"2_blimp_complete",0.1108,0.3773,0.5241,1,1,1.008,0.9605
873,"3_lmer_naive",-0.372244732558708,0.516618085622108,0.361507070638096,0,0,0.78859012403366,0.729065390060834
873,"4_blimp_lmc_noaux",-0.3698,0.5161,0.3469,0,0,0.8115,0.7297
873,"5_blimp_omc_aux",0.0574,0.4312,0.5789,1,1,0.981,0.9605
873,"6_blimp_rescue",0.0718,0.3915,0.5193,1,1,0.9977,0.9306
874,"1_lmer_complete",-0.0101292637556626,0.400474773200514,0.635293813606209,1,1,0.973283678896463,0.993335246080736
874,"2_blimp_complete",0.0102,0.4007,0.6172,1,1,1.0053,0.9943
874,"3_lmer_naive",-0.602967451554967,0.530769672610367,0.474226256028959,0,1,0.753577794249762,0.789779897480742
874,"4_blimp_lmc_noaux",-0.601,0.5304,0.4787,0,1,0.7731,0.7907
874,"5_blimp_omc_aux",-0.04,0.4333,0.6768,1,1,0.9576,1.0516
874,"6_blimp_rescue",-0.0147,0.3936,0.6056,1,1,0.9734,1.0159
875,"1_lmer_complete",0.253590168935011,0.428515925030623,0.489784505838304,1,1,1.06954466605114,1.02063143647462
875,"2_blimp_complete",0.2646,0.4285,0.4943,0,1,1.1018,1.021
875,"3_lmer_naive",-0.293835744227641,0.575269628123598,0.318076400979679,0,0,0.741797752492404,0.799033928223452
875,"4_blimp_lmc_noaux",-0.2992,0.5753,0.3027,0,0,0.758,0.7996
875,"5_blimp_omc_aux",0.3154,0.4845,0.5676,0,1,1.209,1.1266
875,"6_blimp_rescue",0.3448,0.4304,0.5227,1,1,1.2238,1.0892
876,"1_lmer_complete",-0.0778875620461835,0.403912530986639,0.447828230440201,1,1,1.17395913439661,0.976109812733474
876,"2_blimp_complete",-0.0809,0.4041,0.4383,1,1,1.2105,0.9767
876,"3_lmer_naive",-0.55254641369188,0.513697751504571,0.293689947417616,0,0,1.04974357449193,0.78361238645189
876,"4_blimp_lmc_noaux",-0.5478,0.5135,0.2599,0,0,1.0779,0.7846
876,"5_blimp_omc_aux",-0.0847,0.4307,0.5172,1,1,1.2169,1.0212
876,"6_blimp_rescue",-0.0317,0.3939,0.4426,1,1,1.2473,0.9948
877,"1_lmer_complete",0.048747282179495,0.402895270408774,0.546573862635994,1,1,0.97327684780048,0.996002079442507
877,"2_blimp_complete",0.0628,0.4029,0.541,1,1,1.0001,0.9969
877,"3_lmer_naive",-0.448890907409273,0.52613258806323,0.34736392771618,0,0,0.774161364981836,0.790858188737859
877,"4_blimp_lmc_noaux",-0.4458,0.5258,0.3336,0,0,0.7965,0.7915
877,"5_blimp_omc_aux",0.0242,0.4167,0.5926,1,1,0.9708,1.0674
877,"6_blimp_rescue",0.062,0.3823,0.5572,1,1,1.0115,1.0383
878,"1_lmer_complete",-0.0586290513367399,0.403733620549766,0.591455772967581,1,1,1.0491837953111,0.981379090796844
878,"2_blimp_complete",-0.0707,0.4042,0.599,1,1,1.0844,0.9818
878,"3_lmer_naive",-0.581687103777718,0.544629714776593,0.411107260433994,0,0,0.786258052712426,0.765161853126696
878,"4_blimp_lmc_noaux",-0.5645,0.5449,0.3825,0,0,0.8062,0.7661
878,"5_blimp_omc_aux",-0.0864,0.4525,0.6462,0,1,1.0329,1.0373
878,"6_blimp_rescue",-0.05,0.4061,0.5527,1,1,1.0513,1.0024
879,"1_lmer_complete",0.0179272377450191,0.410124358318817,0.654175041564835,1,1,1.33045666922276,0.991258651055114
879,"2_blimp_complete",0.0118,0.4101,0.6513,1,1,1.3657,0.9915
879,"3_lmer_naive",-0.569065649789708,0.536518689667699,0.510659077861084,0,1,0.993605501370086,0.790931500651763
879,"4_blimp_lmc_noaux",-0.5649,0.5368,0.4987,0,1,1.0181,0.7917
879,"5_blimp_omc_aux",-0.0162,0.4491,0.7276,0,1,1.2718,1.0443
879,"6_blimp_rescue",0.0237,0.4117,0.6521,1,1,1.3119,1.015
880,"1_lmer_complete",0.143378436379484,0.407643284921798,0.769284293310513,1,1,1.12828448144238,0.990658478622693
880,"2_blimp_complete",0.1491,0.4077,0.7794,1,1,1.1528,0.9913
880,"3_lmer_naive",-0.448341341638844,0.528442320359257,0.50294534530823,0,1,0.849547396075893,0.783070112485002
880,"4_blimp_lmc_noaux",-0.438,0.5287,0.4765,0,1,0.8755,0.7834
880,"5_blimp_omc_aux",0.0674,0.4343,0.7626,1,1,1.0848,1.0233
880,"6_blimp_rescue",0.1205,0.398,0.6748,1,1,1.1217,0.9918
881,"1_lmer_complete",0.0315851941739597,0.394730898602044,0.612185079584261,1,1,0.818701883735867,1.01617459990765
881,"2_blimp_complete",0.0297,0.3947,0.6101,1,1,0.8428,1.0167
881,"3_lmer_naive",-0.518780224340119,0.532060858389175,0.437424881975363,0,0,0.640719518548739,0.762872851972143
881,"4_blimp_lmc_noaux",-0.5146,0.5322,0.428,0,0,0.6565,0.7641
881,"5_blimp_omc_aux",0.0071,0.4237,0.634,1,1,0.832,1.0404
881,"6_blimp_rescue",0.0404,0.3871,0.5823,1,1,0.8478,1.0044
882,"1_lmer_complete",0.164882607912222,0.415600239958404,0.644556597650999,1,1,0.871193743034168,1.01322157293261
882,"2_blimp_complete",0.1473,0.4158,0.6417,1,1,0.8972,1.0141
882,"3_lmer_naive",-0.404979518794954,0.546322858497912,0.507242619348705,0,1,0.757070354270424,0.771635461654365
882,"4_blimp_lmc_noaux",-0.3903,0.5466,0.4963,0,1,0.7782,0.7722
882,"5_blimp_omc_aux",0.1291,0.447,0.724,0,1,0.9066,1.0279
882,"6_blimp_rescue",0.1879,0.4066,0.6605,1,1,0.9412,0.9951
883,"1_lmer_complete",0.0208224158705736,0.403044837293422,0.616199005071384,1,1,0.918462401614761,1.00705934135339
883,"2_blimp_complete",0.0331,0.403,0.6156,1,1,0.9403,1.0076
883,"3_lmer_naive",-0.507314630265623,0.55760462182017,0.49205852837622,0,1,0.76087526774892,0.758778906614918
883,"4_blimp_lmc_noaux",-0.5086,0.5578,0.4916,0,1,0.7808,0.7597
883,"5_blimp_omc_aux",-0.0319,0.4533,0.667,0,1,0.9514,1.0258
883,"6_blimp_rescue",0.0314,0.4273,0.6236,1,1,0.9724,1.0067
884,"1_lmer_complete",-0.0563967298546935,0.407549703328507,0.554037188884529,1,1,1.20416149580183,1.01012921584288
884,"2_blimp_complete",-0.053,0.4079,0.5646,1,1,1.2381,1.0106
884,"3_lmer_naive",-0.541799345222475,0.530243558449615,0.418993358949855,0,0,1.01785966185951,0.809287552183366
884,"4_blimp_lmc_noaux",-0.556,0.5301,0.4174,0,0,1.0457,0.8098
884,"5_blimp_omc_aux",-0.0711,0.4505,0.6238,0,1,1.2596,1.0467
884,"6_blimp_rescue",-0.019,0.4159,0.5808,1,1,1.2786,1.0202
885,"1_lmer_complete",-0.149553273833728,0.412196882859189,0.63055471535157,1,1,1.08655897775468,0.974240249298622
885,"2_blimp_complete",-0.1442,0.4122,0.6445,1,1,1.1191,0.9747
885,"3_lmer_naive",-0.650309662111116,0.511643739511123,0.519248046587199,0,1,0.783785719938117,0.789920079623683
885,"4_blimp_lmc_noaux",-0.6436,0.5122,0.5181,0,1,0.8067,0.7907
885,"5_blimp_omc_aux",-0.1735,0.4236,0.7359,1,1,1.0749,1.0308
885,"6_blimp_rescue",-0.1369,0.3857,0.6531,1,1,1.1055,0.9993
886,"1_lmer_complete",-0.146077023329831,0.418828716383657,0.603672238407551,1,1,1.29221774050287,0.99356081654478
886,"2_blimp_complete",-0.1581,0.4188,0.6202,1,1,1.3288,0.9939
886,"3_lmer_naive",-0.649803801989766,0.53410745882729,0.499209405488909,0,1,0.986144945311244,0.77292125221022
886,"4_blimp_lmc_noaux",-0.6305,0.5349,0.4664,0,1,1.0083,0.7734
886,"5_blimp_omc_aux",-0.2294,0.4422,0.6978,0,1,1.3298,1.005
886,"6_blimp_rescue",-0.1462,0.4109,0.5944,1,1,1.3659,0.9805
887,"1_lmer_complete",0.016301555034713,0.395299356974902,0.654916545831719,1,1,0.859273188900872,0.989016721728205
887,"2_blimp_complete",0.0152,0.3952,0.6739,1,1,0.8803,0.9899
887,"3_lmer_naive",-0.513464049857779,0.497081738762365,0.512841682401373,0,1,0.67992603479311,0.78214696446167
887,"4_blimp_lmc_noaux",-0.5072,0.497,0.5281,0,1,0.7,0.7832
887,"5_blimp_omc_aux",-0.0153,0.4039,0.7195,1,1,0.8779,1.0111
887,"6_blimp_rescue",0.0354,0.3672,0.6623,1,1,0.8958,0.9721
888,"1_lmer_complete",-0.0633579825163074,0.386603580484442,0.595086790059372,1,1,0.746173714415334,1.05292612626547
888,"2_blimp_complete",-0.0543,0.3864,0.5918,1,1,0.7636,1.0533
888,"3_lmer_naive",-0.583539573213319,0.525577211065936,0.397933324005588,0,0,0.617738347243579,0.816954023133024
888,"4_blimp_lmc_noaux",-0.5856,0.5254,0.3877,0,0,0.6382,0.8181
888,"5_blimp_omc_aux",-0.0672,0.4268,0.6445,1,1,0.7666,1.1005
888,"6_blimp_rescue",-0.0356,0.3846,0.5926,1,1,0.7758,1.0617
889,"1_lmer_complete",-0.0245090517056987,0.398526798704572,0.547621554893976,1,1,1.17360501337515,0.99239573168816
889,"2_blimp_complete",-0.0342,0.3986,0.5663,1,1,1.2088,0.9929
889,"3_lmer_naive",-0.547824248574401,0.513792002070726,0.412858323254236,0,0,0.926853604979477,0.749541795307379
889,"4_blimp_lmc_noaux",-0.5373,0.5137,0.3918,0,0,0.9542,0.7505
889,"5_blimp_omc_aux",-0.0886,0.4093,0.5949,1,1,1.2098,0.9843
889,"6_blimp_rescue",-0.0556,0.3807,0.524,1,1,1.2396,0.9601
890,"1_lmer_complete",-0.111895770797173,0.414592490761055,0.77290219312194,1,1,1.10712660373244,1.01998411476415
890,"2_blimp_complete",-0.1103,0.4144,0.7759,1,1,1.1379,1.0206
890,"3_lmer_naive",-0.683621836039565,0.54194363993129,0.566845620233384,0,1,0.905961609915459,0.812165367541907
890,"4_blimp_lmc_noaux",-0.6818,0.5421,0.5697,0,1,0.9312,0.8128
890,"5_blimp_omc_aux",-0.1546,0.4481,0.8172,0,0,1.1491,1.0508
890,"6_blimp_rescue",-0.0812,0.4206,0.8103,1,1,1.2513,1.0267
891,"1_lmer_complete",0.180349430477602,0.405621717644914,0.592632571875187,1,1,0.942739660605103,0.982639964802313
891,"2_blimp_complete",0.2008,0.4057,0.602,1,1,0.9665,0.9833
891,"3_lmer_naive",-0.330652808272163,0.555296796711799,0.41161897607898,0,0,0.779855836522036,0.736963861146258
891,"4_blimp_lmc_noaux",-0.3273,0.5554,0.4056,0,0,0.8034,0.7377
891,"5_blimp_omc_aux",0.1617,0.4537,0.632,0,1,0.9229,1.0067
891,"6_blimp_rescue",0.1841,0.418,0.5979,1,1,0.9425,0.9778
892,"1_lmer_complete",0.0506608958771176,0.398570631815999,0.677556898808996,1,1,0.99589349395845,1.01262508732913
892,"2_blimp_complete",0.0397,0.3984,0.6921,1,1,1.0258,1.0129
892,"3_lmer_naive",-0.523357443606247,0.538965926957232,0.458463751750545,0,1,0.912137975684329,0.799111496072915
892,"4_blimp_lmc_noaux",-0.51,0.5385,0.4545,0,1,0.9399,0.7999
892,"5_blimp_omc_aux",0.0474,0.449,0.721,0,1,1.0121,1.1047
892,"6_blimp_rescue",0.0716,0.3983,0.7124,1,1,1.0409,1.0638
893,"1_lmer_complete",-0.0123832197462611,0.400803432322934,0.617295132271386,1,1,1.13348813209216,1.01244342962182
893,"2_blimp_complete",-0.0212,0.401,0.6418,1,1,1.1634,1.0131
893,"3_lmer_naive",-0.551145765029248,0.52572123485747,0.455568611640575,0,1,0.928677412707202,0.805737811781928
893,"4_blimp_lmc_noaux",-0.539,0.5259,0.4378,0,1,0.9514,0.8063
893,"5_blimp_omc_aux",-0.0331,0.4366,0.6785,1,1,1.1785,1.0727
893,"6_blimp_rescue",-0.0075,0.3943,0.6164,1,1,1.209,1.0425
894,"1_lmer_complete",0.0811237905743825,0.395554472493638,0.536419550594316,1,1,0.9017932152497,0.975356943582046
894,"2_blimp_complete",0.0736,0.3955,0.556,1,1,0.9253,0.9753
894,"3_lmer_naive",-0.444533238066235,0.550980007485943,0.347156985299981,0,0,0.709375478223222,0.744046695654872
894,"4_blimp_lmc_noaux",-0.4385,0.5512,0.3328,0,0,0.7279,0.7451
894,"5_blimp_omc_aux",0.0327,0.4617,0.5652,0,1,0.8981,0.9693
894,"6_blimp_rescue",0.0639,0.4297,0.4983,1,1,0.9056,0.9451
895,"1_lmer_complete",0.0222082886720742,0.401442976690244,0.658101438911511,1,1,1.27013642137589,0.99223629648452
895,"2_blimp_complete",0.0056,0.4014,0.6696,1,1,1.305,0.9928
895,"3_lmer_naive",-0.541069093629241,0.528461284645107,0.492173433159147,0,1,0.967327995475508,0.780256913753803
895,"4_blimp_lmc_noaux",-0.5449,0.5289,0.473,0,1,0.9914,0.7809
895,"5_blimp_omc_aux",-0.0455,0.4277,0.7012,1,1,1.2346,1.0313
895,"6_blimp_rescue",0.0318,0.3924,0.658,1,1,1.3037,1.0035
896,"1_lmer_complete",-0.0554919604338449,0.418900503832778,0.585445488119931,1,1,1.08919637725501,0.968500554465263
896,"2_blimp_complete",-0.0406,0.4191,0.5891,1,1,1.1197,0.969
896,"3_lmer_naive",-0.57450814687419,0.569875024720191,0.479785758882121,0,1,0.86024232158042,0.787554066810076
896,"4_blimp_lmc_noaux",-0.5816,0.5702,0.4693,0,1,0.8833,0.7886
896,"5_blimp_omc_aux",-0.083,0.4785,0.6483,0,1,1.0962,1.0421
896,"6_blimp_rescue",-0.0261,0.451,0.5745,0,1,1.1115,1.023
897,"1_lmer_complete",0.0269748894074658,0.402376332173616,0.541197484993088,1,1,1.16983253185193,1.01768404099092
897,"2_blimp_complete",0.0106,0.4021,0.5584,1,1,1.2,1.0186
897,"3_lmer_naive",-0.541891010747668,0.550372139748124,0.368903568978175,0,0,0.942566642086477,0.734706926151858
897,"4_blimp_lmc_noaux",-0.5556,0.5507,0.3615,0,0,0.9681,0.7349
897,"5_blimp_omc_aux",-0.0496,0.441,0.5853,1,1,1.1447,1.0057
897,"6_blimp_rescue",-0.004,0.4082,0.5354,1,1,1.1752,0.982
898,"1_lmer_complete",-0.0498873961971582,0.395923924946172,0.631388243785022,1,1,1.25101616780058,0.988640184524338
898,"2_blimp_complete",-0.0534,0.3962,0.6377,1,1,1.2891,0.9888
898,"3_lmer_naive",-0.554046651694912,0.539600990631278,0.501468922303634,0,1,0.964967486438882,0.781240258031264
898,"4_blimp_lmc_noaux",-0.5552,0.5395,0.5032,0,1,0.9901,0.782
898,"5_blimp_omc_aux",-0.0953,0.4412,0.6942,0,1,1.2399,1.0319
898,"6_blimp_rescue",-0.0601,0.4119,0.6192,1,1,1.2674,1.0078
899,"1_lmer_complete",-0.0196178911736979,0.406521508720707,0.717266993185918,1,1,0.930089725654877,0.981519124181615
899,"2_blimp_complete",-0.0101,0.4066,0.7154,1,1,0.9522,0.9817
899,"3_lmer_naive",-0.581431381410503,0.537010879655013,0.537654972122189,0,1,0.701798405956184,0.765259370728306
899,"4_blimp_lmc_noaux",-0.5711,0.5372,0.5277,0,1,0.7239,0.7658
899,"5_blimp_omc_aux",-0.0607,0.4422,0.7688,0,1,0.95,0.9999
899,"6_blimp_rescue",0.0018,0.4048,0.7275,1,1,0.9909,0.9641
900,"1_lmer_complete",-0.00320634978611395,0.398727720322629,0.756225743242264,1,1,1.24223340781412,0.99622588776469
900,"2_blimp_complete",-0.014,0.3989,0.7692,1,1,1.2777,0.9966
900,"3_lmer_naive",-0.609092565968771,0.514878776287594,0.518524430039394,0,1,0.967807054927837,0.79035139800695
900,"4_blimp_lmc_noaux",-0.6084,0.5153,0.5173,0,1,0.9908,0.7911
900,"5_blimp_omc_aux",-0.0625,0.4158,0.8414,1,0,1.2029,1.0564
900,"6_blimp_rescue",0.0678,0.3756,0.8047,1,1,1.3078,1.0208
901,"1_lmer_complete",-0.013588611301517,0.388421237952416,0.694111588682176,1,1,1.17427890992567,0.99871712619545
901,"2_blimp_complete",-0.0184,0.3882,0.7326,1,1,1.2058,0.9997
901,"3_lmer_naive",-0.551608434651594,0.494717904895135,0.537160703081824,0,1,0.96415310081752,0.791642747657444
901,"4_blimp_lmc_noaux",-0.5672,0.4956,0.5328,0,1,0.9918,0.7927
901,"5_blimp_omc_aux",-0.099,0.3936,0.7973,1,0,1.1698,1.0204
901,"6_blimp_rescue",0.0076,0.3625,0.7555,1,1,1.2402,0.9878
902,"1_lmer_complete",0.136781045011602,0.412446064721848,0.514432603290744,1,1,0.965894959335499,1.0444512930449
902,"2_blimp_complete",0.146,0.4124,0.5403,1,1,0.9902,1.0449
902,"3_lmer_naive",-0.387322747776363,0.554514671738484,0.245237529501498,0,0,0.806481531306811,0.787378416980424
902,"4_blimp_lmc_noaux",-0.3803,0.5538,0.2257,0,0,0.8347,0.788
902,"5_blimp_omc_aux",0.1223,0.4626,0.5548,0,1,0.947,1.0727
902,"6_blimp_rescue",0.135,0.4179,0.4562,1,1,0.9575,1.039
903,"1_lmer_complete",-0.0987056387659032,0.403127313920711,0.430575775162981,1,1,0.961219152614366,0.987203971671242
903,"2_blimp_complete",-0.0858,0.4031,0.4329,1,1,0.989,0.988
903,"3_lmer_naive",-0.579107906978859,0.546823090657048,0.253363992824699,0,0,0.685636711831515,0.792870955533242
903,"4_blimp_lmc_noaux",-0.5855,0.5466,0.2424,0,0,0.7081,0.7936
903,"5_blimp_omc_aux",-0.1063,0.4449,0.5029,0,1,0.9222,1.0548
903,"6_blimp_rescue",-0.0871,0.4099,0.4088,1,0,0.8995,1.0269
904,"1_lmer_complete",-0.12154904411099,0.376071356892784,0.583430081859899,1,1,0.924385369916315,0.970590105075107
904,"2_blimp_complete",-0.1217,0.3761,0.5894,1,1,0.9518,0.9711
904,"3_lmer_naive",-0.647337074035768,0.505310867585508,0.411589455068762,0,0,0.684963603366751,0.756489699329198
904,"4_blimp_lmc_noaux",-0.6411,0.5053,0.411,0,0,0.7036,0.7575
904,"5_blimp_omc_aux",-0.1892,0.4081,0.6309,1,1,0.9358,1.0007
904,"6_blimp_rescue",-0.1383,0.3619,0.5678,1,1,0.9764,0.9625
905,"1_lmer_complete",0.164767512996604,0.408336547231963,0.606147417848088,1,1,1.00723233127529,0.993129052566426
905,"2_blimp_complete",0.162,0.4083,0.6187,1,1,1.0365,0.9939
905,"3_lmer_naive",-0.366658653605232,0.553772997079778,0.374483296016294,0,0,0.858873945690558,0.788003640915468
905,"4_blimp_lmc_noaux",-0.3735,0.5537,0.3717,0,0,0.8831,0.7889
905,"5_blimp_omc_aux",0.1812,0.4709,0.6302,0,1,1.054,1.0795
905,"6_blimp_rescue",0.1953,0.4304,0.5879,1,1,1.09,1.051
906,"1_lmer_complete",-0.0893613191930396,0.397484595051107,0.677587030686092,1,1,0.842276957189938,1.02926216168696
906,"2_blimp_complete",-0.086,0.3977,0.6849,1,1,0.8668,1.0296
906,"3_lmer_naive",-0.642624691285244,0.548826158563034,0.507418654378823,0,1,0.694863738631365,0.781882871760212
906,"4_blimp_lmc_noaux",-0.6482,0.5483,0.5173,0,1,0.717,0.783
906,"5_blimp_omc_aux",-0.1369,0.4374,0.7177,1,1,0.8294,1.0814
906,"6_blimp_rescue",-0.0744,0.3964,0.6958,1,1,0.8529,1.0476
907,"1_lmer_complete",0.134838666699095,0.412486401555519,0.718464744265833,1,1,1.16261093645211,0.99476674407761
907,"2_blimp_complete",0.1414,0.4125,0.7282,1,1,1.1938,0.9949
907,"3_lmer_naive",-0.463230484326336,0.548288421456402,0.550597234734619,0,1,0.933110339597144,0.758392997710305
907,"4_blimp_lmc_noaux",-0.4646,0.5479,0.5644,0,1,0.9626,0.7593
907,"5_blimp_omc_aux",0.0732,0.4691,0.7795,0,1,1.1423,1.0029
907,"6_blimp_rescue",0.1193,0.4311,0.7324,1,1,1.1742,0.9751
908,"1_lmer_complete",0.140455922884398,0.411182563384331,0.641151908010158,1,1,0.809010897146197,1.02534210782103
908,"2_blimp_complete",0.1484,0.4113,0.638,1,1,0.828,1.0263
908,"3_lmer_naive",-0.431715080961649,0.530578013196975,0.459409217915253,0,1,0.592514566272837,0.777552012059974
908,"4_blimp_lmc_noaux",-0.4281,0.5307,0.4609,0,1,0.6119,0.7784
908,"5_blimp_omc_aux",0.0788,0.4478,0.709,0,1,0.8001,1.0338
908,"6_blimp_rescue",0.1366,0.3971,0.6521,1,1,0.8283,0.9937
909,"1_lmer_complete",-0.028800742996716,0.393715347924098,0.541648631699849,1,1,0.816863371589091,1.00249564545107
909,"2_blimp_complete",-0.0124,0.3938,0.5431,1,1,0.8394,1.003
909,"3_lmer_naive",-0.522205661939053,0.522613453397165,0.425141291146951,0,0,0.64778572486074,0.760127801309438
909,"4_blimp_lmc_noaux",-0.5265,0.5229,0.4245,0,1,0.6664,0.7607
909,"5_blimp_omc_aux",-0.0715,0.4213,0.6501,1,1,0.7924,0.992
909,"6_blimp_rescue",-0.0261,0.3891,0.6114,1,1,0.7899,0.9595
910,"1_lmer_complete",0.0746029785546977,0.411200282834186,0.62300782584474,1,1,0.854814865180226,0.987946624254303
910,"2_blimp_complete",0.0752,0.4115,0.6283,1,1,0.8784,0.9884
910,"3_lmer_naive",-0.462882257641623,0.536303751356147,0.444336748349794,0,0,0.686495722311755,0.754306590824639
910,"4_blimp_lmc_noaux",-0.4623,0.5364,0.4424,0,1,0.7064,0.7552
910,"5_blimp_omc_aux",0.0266,0.4491,0.6854,0,1,0.8482,1.0199
910,"6_blimp_rescue",0.09,0.4058,0.6216,1,1,0.8707,0.9882
911,"1_lmer_complete",-0.0508562039004476,0.394484644894211,0.699825355264411,1,1,1.02540518005969,1.01380928718194
911,"2_blimp_complete",-0.0637,0.3944,0.6947,1,1,1.0528,1.0143
911,"3_lmer_naive",-0.614319150153774,0.547169594014753,0.529397017252468,0,1,0.870551028579716,0.775509041356308
911,"4_blimp_lmc_noaux",-0.631,0.5479,0.5244,0,1,0.8985,0.7767
911,"5_blimp_omc_aux",-0.1241,0.4467,0.7497,0,1,1.0256,1.039
911,"6_blimp_rescue",-0.0466,0.4207,0.6666,1,1,1.059,1.0178
912,"1_lmer_complete",0.168287985696368,0.406912709379424,0.653805070615227,1,1,1.00497437928997,1.00003022096657
912,"2_blimp_complete",0.1662,0.407,0.663,1,1,1.0384,1.0008
912,"3_lmer_naive",-0.404699718321406,0.53564634443667,0.453377667281479,0,0,0.869006229650705,0.787319423701095
912,"4_blimp_lmc_noaux",-0.3904,0.5353,0.4432,0,0,0.896,0.7879
912,"5_blimp_omc_aux",0.1455,0.4492,0.6779,0,1,1.0542,1.0584
912,"6_blimp_rescue",0.1915,0.403,0.6848,1,1,1.0911,1.023
913,"1_lmer_complete",0.0214189321573319,0.407911143071706,0.509758831692172,1,1,0.916078513784902,0.987078357420678
913,"2_blimp_complete",0.0229,0.4078,0.5077,1,1,0.9436,0.9872
913,"3_lmer_naive",-0.48359023793475,0.53400556966902,0.34531779927402,0,0,0.743000815909446,0.743329859529675
913,"4_blimp_lmc_noaux",-0.4871,0.5342,0.3383,0,0,0.7654,0.7439
913,"5_blimp_omc_aux",0.0176,0.4349,0.5885,1,1,0.9496,0.9985
913,"6_blimp_rescue",0.0276,0.3934,0.5309,1,1,0.9579,0.9603
914,"1_lmer_complete",0.238773329025482,0.418736142283243,0.441245217718029,1,1,1.18569388588272,0.981608308683235
914,"2_blimp_complete",0.2494,0.4185,0.4453,1,1,1.2205,0.9824
914,"3_lmer_naive",-0.278351895193997,0.55951707471276,0.324038545383713,0,0,0.886120533838443,0.730265858574569
914,"4_blimp_lmc_noaux",-0.2827,0.5602,0.2987,0,0,0.9076,0.7311
914,"5_blimp_omc_aux",0.1873,0.4481,0.5691,0,1,1.1733,0.9886
914,"6_blimp_rescue",0.1971,0.414,0.4402,1,1,1.2041,0.961
915,"1_lmer_complete",-0.0237396390879481,0.39869753482607,0.663637328469047,1,1,1.01455532978917,0.980898766637223
915,"2_blimp_complete",-0.0212,0.3983,0.6565,1,1,1.0426,0.9815
915,"3_lmer_naive",-0.592389726655581,0.538202958180221,0.460522272556208,0,1,0.869828842999061,0.768211662858949
915,"4_blimp_lmc_noaux",-0.5967,0.538,0.45,0,1,0.8946,0.7693
915,"5_blimp_omc_aux",-0.0617,0.4693,0.6982,0,1,1.065,1.0142
915,"6_blimp_rescue",-0.0403,0.4221,0.6452,1,1,1.084,0.9802
916,"1_lmer_complete",-0.0320160639150732,0.41528906095796,0.658209151164598,1,1,0.915473280496007,1.01532852656656
916,"2_blimp_complete",-0.0377,0.4154,0.6584,1,1,0.9381,1.016
916,"3_lmer_naive",-0.57713029948189,0.555398247436837,0.502609370443314,0,1,0.702631703559504,0.822999131646061
916,"4_blimp_lmc_noaux",-0.5802,0.5553,0.5186,0,1,0.7257,0.8235
916,"5_blimp_omc_aux",-0.0361,0.4737,0.8167,0,0,0.9116,1.0868
916,"6_blimp_rescue",0.0055,0.4361,0.746,1,1,0.9479,1.0574
917,"1_lmer_complete",-0.0794911854521167,0.391811207182469,0.451329153369336,1,1,0.926647742627476,0.970692681106749
917,"2_blimp_complete",-0.0845,0.3917,0.4654,1,1,0.9501,0.9708
917,"3_lmer_naive",-0.554096993134637,0.522957669434671,0.324205516760966,0,0,0.765091659100538,0.771105885914236
917,"4_blimp_lmc_noaux",-0.5581,0.5229,0.3213,0,0,0.7864,0.7721
917,"5_blimp_omc_aux",-0.0947,0.4166,0.5424,1,1,0.9783,1.0176
917,"6_blimp_rescue",-0.0574,0.3851,0.4616,1,1,0.9764,0.9855
918,"1_lmer_complete",-0.247978117448342,0.371034462417275,0.480567712252051,0,1,0.811773016008094,0.991325236724882
918,"2_blimp_complete",-0.2453,0.371,0.4895,0,1,0.8309,0.9918
918,"3_lmer_naive",-0.75788060797121,0.487415437390814,0.317070343913754,0,0,0.618035599994848,0.800922553148265
918,"4_blimp_lmc_noaux",-0.7562,0.4869,0.3194,0,0,0.6354,0.8017
918,"5_blimp_omc_aux",-0.2415,0.4044,0.5486,1,1,0.8645,1.0346
918,"6_blimp_rescue",-0.2677,0.3638,0.4307,1,1,0.8609,0.9959
919,"1_lmer_complete",0.0652149206534855,0.406254013991936,0.679854987741283,1,1,1.24439527706995,1.01261309785162
919,"2_blimp_complete",0.0597,0.4063,0.6979,1,1,1.2759,1.0131
919,"3_lmer_naive",-0.512162926949705,0.54805056004687,0.496011341591528,0,1,1.02196319225065,0.774044609162444
919,"4_blimp_lmc_noaux",-0.5166,0.5477,0.4913,0,1,1.0484,0.7746
919,"5_blimp_omc_aux",-0.0028,0.4597,0.702,0,1,1.2268,1.0353
919,"6_blimp_rescue",0.0547,0.4233,0.6725,1,1,1.2564,1.0081
920,"1_lmer_complete",-0.0266470302486414,0.376146308793823,0.458777655939236,1,1,1.21126694747093,1.0007145241421
920,"2_blimp_complete",-0.0304,0.3761,0.4657,1,1,1.243,1.0013
920,"3_lmer_naive",-0.534457120600456,0.547275363567092,0.322242581032834,0,0,0.968118907784287,0.754029316446938
920,"4_blimp_lmc_noaux",-0.5507,0.5479,0.2971,0,0,0.9836,0.7551
920,"5_blimp_omc_aux",-0.0439,0.4382,0.5065,1,1,1.2199,1.0255
920,"6_blimp_rescue",-0.053,0.402,0.4219,1,0,1.1973,0.9929
921,"1_lmer_complete",-0.131987509279696,0.405437969280515,0.605652656030663,1,1,0.932594841886259,0.986662823621526
921,"2_blimp_complete",-0.1123,0.4055,0.6082,1,1,0.9539,0.9872
921,"3_lmer_naive",-0.659048467930153,0.544334904048518,0.423244937212693,0,0,0.692058567647972,0.742104619943283
921,"4_blimp_lmc_noaux",-0.6597,0.5447,0.4191,0,0,0.7114,0.7428
921,"5_blimp_omc_aux",-0.162,0.4473,0.5868,0,1,0.9103,0.9972
921,"6_blimp_rescue",-0.1531,0.4136,0.5397,1,1,0.9437,0.9721
922,"1_lmer_complete",0.117090600687541,0.421236449712487,0.547525546246426,1,1,0.987306236841205,1.00614524406469
922,"2_blimp_complete",0.132,0.4212,0.5445,1,1,1.0122,1.0065
922,"3_lmer_naive",-0.416111448210213,0.552150372936055,0.389383491142216,0,0,0.870502039614529,0.773952406263354
922,"4_blimp_lmc_noaux",-0.4095,0.5526,0.3614,0,0,0.8946,0.7753
922,"5_blimp_omc_aux",0.0921,0.4451,0.6025,0,1,1.0429,1.0296
922,"6_blimp_rescue",0.1261,0.4114,0.5372,1,1,1.0453,1.0001
923,"1_lmer_complete",0.146937106323161,0.41405955022643,0.520120511801423,1,1,0.99588158875656,0.992448470628557
923,"2_blimp_complete",0.1505,0.4141,0.5318,1,1,1.0227,0.9928
923,"3_lmer_naive",-0.403638961677747,0.557098418695217,0.361900377311826,0,0,0.795152757164763,0.736007966953873
923,"4_blimp_lmc_noaux",-0.4056,0.5571,0.354,0,0,0.8201,0.7365
923,"5_blimp_omc_aux",0.1255,0.4668,0.5866,0,1,1.0367,0.9886
923,"6_blimp_rescue",0.1403,0.4292,0.5094,1,1,1.0485,0.962
924,"1_lmer_complete",0.00627350842100794,0.394587651600337,0.514712329287259,1,1,0.854488559319411,0.997095855511871
924,"2_blimp_complete",0.0151,0.3949,0.5211,1,1,0.876,0.9981
924,"3_lmer_naive",-0.504778829338589,0.522330991710583,0.347958315107173,0,0,0.709928570322302,0.763304687276663
924,"4_blimp_lmc_noaux",-0.4954,0.5225,0.3347,0,0,0.7293,0.764
924,"5_blimp_omc_aux",-0.0301,0.4246,0.539,1,1,0.8487,1.0064
924,"6_blimp_rescue",-0.0207,0.389,0.5014,1,1,0.8628,0.9731
925,"1_lmer_complete",-0.0105094550364317,0.386357024857014,0.495762970958952,1,1,0.887892000022709,0.977998251782114
925,"2_blimp_complete",-0.0143,0.3861,0.4874,1,1,0.916,0.9784
925,"3_lmer_naive",-0.570547458271878,0.531309493548199,0.327677173587203,0,0,0.683767037266559,0.724659176714224
925,"4_blimp_lmc_noaux",-0.5404,0.5317,0.2962,0,0,0.6986,0.7251
925,"5_blimp_omc_aux",-0.0506,0.4401,0.5378,1,1,0.9073,0.9683
925,"6_blimp_rescue",-0.0465,0.3953,0.4461,1,1,0.8932,0.9326
926,"1_lmer_complete",-0.202810641429469,0.415002547665993,0.545561968354871,1,1,0.756002460534773,1.04880719250617
926,"2_blimp_complete",-0.1843,0.4148,0.5512,1,1,0.7783,1.0493
926,"3_lmer_naive",-0.6793557637058,0.538067542120553,0.373539793691841,0,0,0.67607935561559,0.835477777052152
926,"4_blimp_lmc_noaux",-0.6844,0.5379,0.3722,0,0,0.6961,0.8362
926,"5_blimp_omc_aux",-0.2129,0.4524,0.5881,0,1,0.7855,1.0894
926,"6_blimp_rescue",-0.1977,0.4246,0.5411,1,1,0.7956,1.0682
927,"1_lmer_complete",0.0302864780008551,0.409902556640159,0.411710220711257,1,1,1.10290324153291,1.03790943228242
927,"2_blimp_complete",0.0237,0.4098,0.4299,1,1,1.1324,1.0382
927,"3_lmer_naive",-0.536142152967043,0.563480060300451,0.330873438985469,0,0,0.844046351459751,0.808816272580846
927,"4_blimp_lmc_noaux",-0.5408,0.5639,0.3165,0,0,0.8665,0.8097
927,"5_blimp_omc_aux",0.0275,0.4557,0.5371,0,1,1.0816,1.1324
927,"6_blimp_rescue",0.0732,0.4154,0.4871,1,1,1.0994,1.1027
928,"1_lmer_complete",0.104545164342021,0.392225393879821,0.636744874090784,1,1,0.921057813641674,0.984304183320003
928,"2_blimp_complete",0.091,0.3922,0.6243,1,1,0.947,0.9851
928,"3_lmer_naive",-0.454459793299693,0.538720009972372,0.506717467500972,0,1,0.680718667033509,0.753218004633197
928,"4_blimp_lmc_noaux",-0.4427,0.5387,0.5129,0,1,0.7022,0.7542
928,"5_blimp_omc_aux",0.0598,0.4344,0.6984,1,1,0.9075,1.0192
928,"6_blimp_rescue",0.1331,0.3971,0.6588,1,1,0.9366,0.9878
929,"1_lmer_complete",0.0483269006884844,0.414285224022885,0.64690660470917,1,1,0.888934033074817,1.03488129575575
929,"2_blimp_complete",0.0438,0.4144,0.6437,1,1,0.9125,1.0354
929,"3_lmer_naive",-0.508827991146842,0.537448692391056,0.461266022710917,0,1,0.678453772633406,0.819231239530978
929,"4_blimp_lmc_noaux",-0.5064,0.5378,0.4566,0,1,0.6978,0.8199
929,"5_blimp_omc_aux",-0.0046,0.4464,0.7048,0,1,0.9047,1.0814
929,"6_blimp_rescue",0.0683,0.4106,0.6652,1,1,0.9573,1.0542
930,"1_lmer_complete",-0.0935132325639191,0.414128016834168,0.565341041342,1,1,0.898100613414982,1.01428126258322
930,"2_blimp_complete",-0.0742,0.4136,0.5717,1,1,0.921,1.0149
930,"3_lmer_naive",-0.627059177164872,0.539411487480436,0.413012352393637,0,0,0.671784470126062,0.767649347257145
930,"4_blimp_lmc_noaux",-0.6271,0.5393,0.4069,0,0,0.6915,0.7685
930,"5_blimp_omc_aux",-0.107,0.4372,0.5852,1,1,0.9097,1.0505
930,"6_blimp_rescue",-0.0969,0.395,0.5327,1,1,0.9053,1.0159
931,"1_lmer_complete",-0.068067955978667,0.411793542442853,0.404869699331004,1,0,0.801141012465381,0.992476202603627
931,"2_blimp_complete",-0.0492,0.4122,0.3994,1,0,0.8226,0.9927
931,"3_lmer_naive",-0.512608971940226,0.523834112190811,0.258401905852909,0,0,0.680028390948558,0.791439903815553
931,"4_blimp_lmc_noaux",-0.5167,0.5236,0.2464,0,0,0.6984,0.7925
931,"5_blimp_omc_aux",-0.0554,0.421,0.4415,1,0,0.8047,1.0548
931,"6_blimp_rescue",-0.0336,0.3874,0.3714,1,0,0.8,1.0271
932,"1_lmer_complete",0.0690500548838383,0.381620670465231,0.668949468849323,1,1,0.962279848206003,1.0165602549504
932,"2_blimp_complete",0.07,0.3812,0.695,1,1,0.9874,1.0169
932,"3_lmer_naive",-0.504885379125392,0.512618826750435,0.463952588794025,0,1,0.718423560481884,0.778922375640655
932,"4_blimp_lmc_noaux",-0.5006,0.5133,0.4673,0,1,0.7391,0.7798
932,"5_blimp_omc_aux",8e-04,0.4084,0.7063,1,1,0.988,1.0437
932,"6_blimp_rescue",0.0795,0.3672,0.6238,1,1,1.0229,1.0082
933,"1_lmer_complete",-0.0101127475014364,0.399092327076639,0.687217513102846,1,1,0.94996904118033,1.01788110350757
933,"2_blimp_complete",-8e-04,0.3992,0.6903,1,1,0.9697,1.0179
933,"3_lmer_naive",-0.638180359282417,0.541053487321503,0.502383909625316,0,1,0.640286817159751,0.778656465727699
933,"4_blimp_lmc_noaux",-0.6424,0.5418,0.4951,0,1,0.657,0.7793
933,"5_blimp_omc_aux",-0.0693,0.4557,0.764,0,1,0.908,1.0734
933,"6_blimp_rescue",-0.0186,0.3987,0.7252,1,1,0.961,1.0277
934,"1_lmer_complete",0.0519672894184293,0.401274466028429,0.639195318541724,1,1,0.930804401498379,0.996111429866316
934,"2_blimp_complete",0.0607,0.4012,0.6493,1,1,0.954,0.9963
934,"3_lmer_naive",-0.456995193905062,0.534498620542649,0.458145498187055,0,1,0.84830912416327,0.773058999068275
934,"4_blimp_lmc_noaux",-0.447,0.5351,0.43,0,0,0.8667,0.7735
934,"5_blimp_omc_aux",0.0194,0.4453,0.6584,0,1,0.9861,1.0173
934,"6_blimp_rescue",0.0575,0.4141,0.6479,1,1,1.0172,0.9938
935,"1_lmer_complete",-0.0249929707844166,0.406739548487599,0.639510198138754,1,1,1.10888217907291,1.02464557040923
935,"2_blimp_complete",-0.0305,0.4067,0.6641,1,1,1.1366,1.0256
935,"3_lmer_naive",-0.571723417380971,0.540353906688689,0.458661835490383,0,1,0.880138163679586,0.788256049783645
935,"4_blimp_lmc_noaux",-0.5656,0.5402,0.4543,0,1,0.9076,0.7889
935,"5_blimp_omc_aux",-0.0685,0.45,0.6895,0,1,1.0923,1.0471
935,"6_blimp_rescue",-0.0448,0.4127,0.5957,1,1,1.0988,1.0157
936,"1_lmer_complete",-0.0293538781553737,0.39442568420276,0.756230097678432,1,1,0.879588512735962,1.01101785866145
936,"2_blimp_complete",-0.0361,0.3944,0.7533,1,1,0.9052,1.0113
936,"3_lmer_naive",-0.617185671539327,0.541523088468452,0.554377422426474,0,1,0.724812038202528,0.806188389476879
936,"4_blimp_lmc_noaux",-0.607,0.5416,0.5525,0,1,0.7463,0.8069
936,"5_blimp_omc_aux",-0.0978,0.4454,0.8208,0,0,0.8779,1.1013
936,"6_blimp_rescue",0.0064,0.4024,0.7937,1,1,0.923,1.0664
937,"1_lmer_complete",-0.073175970618085,0.401869898676754,0.601752148106539,1,1,0.86187071285824,1.00175323744177
937,"2_blimp_complete",-0.0723,0.4019,0.5981,1,1,0.8848,1.0019
937,"3_lmer_naive",-0.594723094328809,0.523072399821147,0.361363862281397,0,0,0.692963782473648,0.756247377556212
937,"4_blimp_lmc_noaux",-0.5944,0.5233,0.3446,0,0,0.7099,0.7573
937,"5_blimp_omc_aux",-0.1102,0.4369,0.6545,1,1,0.871,0.9901
937,"6_blimp_rescue",-0.065,0.399,0.5995,1,1,0.884,0.9649
938,"1_lmer_complete",0.102116990110716,0.374210442854049,0.701475515475731,1,1,1.11206689166587,0.980748267810561
938,"2_blimp_complete",0.1287,0.3741,0.6853,1,1,1.1425,0.9811
938,"3_lmer_naive",-0.502033603772386,0.500648178455397,0.560576505241348,0,1,0.915189951957448,0.750497850207893
938,"4_blimp_lmc_noaux",-0.5191,0.5013,0.5684,0,1,0.9441,0.7513
938,"5_blimp_omc_aux",0.0065,0.404,0.8134,1,0,1.0993,1.0097
938,"6_blimp_rescue",0.1196,0.3622,0.7767,1,1,1.1483,0.9745
939,"1_lmer_complete",0.0985914991867897,0.398267652906951,0.683729730153737,1,1,0.869192399000515,0.959795803897024
939,"2_blimp_complete",0.0912,0.3985,0.6979,1,1,0.8942,0.9606
939,"3_lmer_naive",-0.462958410241276,0.537305104166163,0.522247166865499,0,1,0.66838347901963,0.755338389404675
939,"4_blimp_lmc_noaux",-0.4713,0.5377,0.5198,0,1,0.6867,0.756
939,"5_blimp_omc_aux",0.0527,0.4353,0.7333,1,1,0.8826,1.013
939,"6_blimp_rescue",0.1108,0.3987,0.6703,1,1,0.9167,0.98
940,"1_lmer_complete",-0.0442060430290744,0.390578736640967,0.585303448877002,1,1,1.14519413322376,0.994405049501495
940,"2_blimp_complete",-0.0341,0.3906,0.5807,1,1,1.1766,0.9949
940,"3_lmer_naive",-0.63829721679388,0.513959116640496,0.454646801055811,0,1,0.888213327598904,0.737267916618846
940,"4_blimp_lmc_noaux",-0.6306,0.514,0.4462,0,1,0.9127,0.7381
940,"5_blimp_omc_aux",-0.107,0.4071,0.6672,1,1,1.1801,0.9978
940,"6_blimp_rescue",-0.035,0.3693,0.6071,1,1,1.2141,0.9679
941,"1_lmer_complete",0.086622636194723,0.392572309370578,0.474668545583162,1,1,1.09642425866993,1.02909351506437
941,"2_blimp_complete",0.1035,0.3922,0.4898,1,1,1.1287,1.0297
941,"3_lmer_naive",-0.463745113093758,0.517992091186419,0.286807650514248,0,0,0.926423001416132,0.798915632856848
941,"4_blimp_lmc_noaux",-0.4505,0.5176,0.2669,0,0,0.9521,0.7997
941,"5_blimp_omc_aux",0.1088,0.4126,0.5163,1,1,1.1187,1.0961
941,"6_blimp_rescue",0.1288,0.3741,0.4485,1,1,1.1354,1.066
942,"1_lmer_complete",0.0177509836786799,0.409081983643948,0.585536010928757,1,1,1.12228479013842,1.02404493361908
942,"2_blimp_complete",0.016,0.4092,0.5982,1,1,1.1519,1.0248
942,"3_lmer_naive",-0.549813041796315,0.557939593680813,0.454502413898556,0,1,0.914207971496658,0.765105066423916
942,"4_blimp_lmc_noaux",-0.5575,0.558,0.4571,0,1,0.941,0.7661
942,"5_blimp_omc_aux",-0.0473,0.445,0.6772,1,1,1.1152,1.0689
942,"6_blimp_rescue",0.0426,0.4055,0.5892,1,1,1.1383,1.037
943,"1_lmer_complete",-0.177316913559865,0.395859966049441,0.559472397712097,1,1,1.03897965697793,0.98679058479823
943,"2_blimp_complete",-0.1746,0.3959,0.56,1,1,1.0699,0.9874
943,"3_lmer_naive",-0.662059969428777,0.539971612542292,0.415003506800772,0,0,0.902495624881291,0.794353277135162
943,"4_blimp_lmc_noaux",-0.6797,0.54,0.4062,0,0,0.93,0.7956
943,"5_blimp_omc_aux",-0.1705,0.4457,0.663,0,1,1.1257,1.0731
943,"6_blimp_rescue",-0.1142,0.4112,0.5772,1,1,1.1461,1.0458
944,"1_lmer_complete",0.149538526798234,0.400255313768176,0.581270754415406,1,1,0.827488859814952,1.00725196205306
944,"2_blimp_complete",0.163,0.4005,0.5818,1,1,0.8541,1.0079
944,"3_lmer_naive",-0.476411665508364,0.556646984424641,0.447727126970403,0,1,0.76726197557604,0.748694092418315
944,"4_blimp_lmc_noaux",-0.468,0.5564,0.4499,0,1,0.7868,0.7499
944,"5_blimp_omc_aux",0.0989,0.4525,0.6385,0,1,0.8799,1.0479
944,"6_blimp_rescue",0.1743,0.413,0.6089,1,1,0.8992,1.0167
945,"1_lmer_complete",0.171483263373846,0.407419007727231,0.609436588347723,1,1,1.061891240654,1.02683448709915
945,"2_blimp_complete",0.17,0.4077,0.6157,1,1,1.0936,1.0272
945,"3_lmer_naive",-0.428344930648592,0.549372429840523,0.492457213701438,0,1,0.866619159377562,0.759906075300596
945,"4_blimp_lmc_noaux",-0.4366,0.5492,0.5116,0,1,0.8959,0.7609
945,"5_blimp_omc_aux",0.0854,0.4489,0.6993,0,1,1.0594,1.0316
945,"6_blimp_rescue",0.1607,0.4112,0.6366,1,1,1.0819,1.0003
946,"1_lmer_complete",-0.11934216554162,0.408865405003646,0.468542398878119,1,1,0.820454679376095,0.998560887221591
946,"2_blimp_complete",-0.1084,0.409,0.4467,1,1,0.8465,0.9995
946,"3_lmer_naive",-0.577750180548553,0.544335039090715,0.3311306371144,0,0,0.763869820287888,0.790795274636193
946,"4_blimp_lmc_noaux",-0.5908,0.544,0.3198,0,0,0.7874,0.7918
946,"5_blimp_omc_aux",-0.087,0.4485,0.5454,0,1,0.8608,1.0639
946,"6_blimp_rescue",-0.0792,0.4141,0.4795,1,1,0.8626,1.0385
947,"1_lmer_complete",0.0270661130230011,0.411850024089477,0.593921211888355,1,1,0.929043931699419,1.01999980945867
947,"2_blimp_complete",0.0208,0.4119,0.6086,1,1,0.9596,1.0206
947,"3_lmer_naive",-0.532679957071372,0.538230872405391,0.451714331830341,0,1,0.77060001823275,0.780719415841551
947,"4_blimp_lmc_noaux",-0.5266,0.5391,0.431,0,1,0.7892,0.7815
947,"5_blimp_omc_aux",-0.002,0.4288,0.6501,1,1,0.9595,1.0846
947,"6_blimp_rescue",0.0569,0.39,0.5998,1,1,0.9939,1.0546
948,"1_lmer_complete",0.0105690276325527,0.40499041012865,0.580618990183347,1,1,1.17523050421736,0.973725856141679
948,"2_blimp_complete",0.0136,0.4049,0.5914,1,1,1.2101,0.9745
948,"3_lmer_naive",-0.524931066366659,0.534662791465466,0.503437438541588,0,1,0.829257004890016,0.735515796721194
948,"4_blimp_lmc_noaux",-0.5197,0.535,0.4966,0,1,0.8475,0.7362
948,"5_blimp_omc_aux",-0.0636,0.4354,0.7255,1,1,1.1107,0.9779
948,"6_blimp_rescue",-0.0181,0.3985,0.5994,1,1,1.1411,0.9472
949,"1_lmer_complete",-0.0951542385233639,0.396267786368266,0.479855121317493,1,1,0.732543877826695,0.99229925999948
949,"2_blimp_complete",-0.0925,0.3962,0.4701,1,1,0.7506,0.9932
949,"3_lmer_naive",-0.626859208269892,0.529100321700321,0.259619878997824,0,0,0.689841369482923,0.766827199300731
949,"4_blimp_lmc_noaux",-0.6275,0.5294,0.2328,0,0,0.7028,0.7677
949,"5_blimp_omc_aux",-0.0884,0.4286,0.4718,1,1,0.7307,1.0293
949,"6_blimp_rescue",-0.1123,0.3947,0.4269,1,1,0.7329,0.9975
950,"1_lmer_complete",-0.0312081849753886,0.420848818704389,0.713263709638505,1,1,0.964506633224953,1.00334652117996
950,"2_blimp_complete",-0.0303,0.4207,0.7324,1,1,0.9893,1.0037
950,"3_lmer_naive",-0.62157281076254,0.567261801686335,0.473655855770981,0,1,0.806079751668979,0.776214733536589
950,"4_blimp_lmc_noaux",-0.6144,0.5671,0.474,0,1,0.828,0.7765
950,"5_blimp_omc_aux",-0.1101,0.4755,0.7429,0,1,0.931,1.0606
950,"6_blimp_rescue",-0.0475,0.432,0.6819,1,1,0.9786,1.0263
951,"1_lmer_complete",-0.0515220322151058,0.391957413542342,0.705369196360095,1,1,0.89277107597085,1.01345553695055
951,"2_blimp_complete",-0.043,0.3922,0.6971,1,1,0.9197,1.0144
951,"3_lmer_naive",-0.613747265086331,0.519891198620147,0.510349969300358,0,1,0.678567566869353,0.801190257611506
951,"4_blimp_lmc_noaux",-0.6112,0.5197,0.5221,0,1,0.6972,0.8018
951,"5_blimp_omc_aux",-0.1125,0.4499,0.7488,0,1,0.8731,1.0222
951,"6_blimp_rescue",-0.0748,0.4117,0.6937,1,1,0.8941,0.9918
952,"1_lmer_complete",0.0738329567763334,0.388384378575545,0.607890421867626,1,1,0.977911094202628,0.985095898405496
952,"2_blimp_complete",0.073,0.3884,0.6318,1,1,1.0038,0.9857
952,"3_lmer_naive",-0.499673024329284,0.507001963019044,0.437171842621675,0,0,0.719335653211738,0.715223909195407
952,"4_blimp_lmc_noaux",-0.506,0.5075,0.4341,0,0,0.7355,0.7158
952,"5_blimp_omc_aux",0.0118,0.4013,0.6218,1,1,0.9118,0.9516
952,"6_blimp_rescue",0.0464,0.3692,0.5551,1,1,0.9368,0.9242
953,"1_lmer_complete",0.108557456526777,0.379793869458734,0.449141314025231,1,1,0.980726011769245,0.995998819945532
953,"2_blimp_complete",0.11,0.3796,0.448,1,1,1.0056,0.9965
953,"3_lmer_naive",-0.38341962936839,0.50748481347991,0.306845581850627,0,0,0.878333457254577,0.77747383587361
953,"4_blimp_lmc_noaux",-0.3895,0.5076,0.2996,0,0,0.9002,0.7781
953,"5_blimp_omc_aux",0.1148,0.3956,0.5212,1,1,1.0025,1.0352
953,"6_blimp_rescue",0.1135,0.3674,0.4632,1,1,1.01,1.0101
954,"1_lmer_complete",0.01901812283148,0.385082357741726,0.640766273637457,1,1,1.04601910561138,1.01125436850848
954,"2_blimp_complete",0.0253,0.3851,0.6506,1,1,1.0709,1.0115
954,"3_lmer_naive",-0.537191421794105,0.520254231081156,0.510591015657202,0,1,0.896074182211293,0.771734485502306
954,"4_blimp_lmc_noaux",-0.5314,0.5203,0.5065,0,1,0.925,0.7725
954,"5_blimp_omc_aux",-0.0319,0.399,0.7381,1,1,1.1034,1.0814
954,"6_blimp_rescue",0.0384,0.3593,0.65,1,1,1.1294,1.0387
955,"1_lmer_complete",0.0244079933021361,0.36952799299063,0.648931208552902,0,1,0.60111468646937,1.00134267585277
955,"2_blimp_complete",0.0317,0.3696,0.6482,0,1,0.6172,1.0018
955,"3_lmer_naive",-0.514161681546803,0.497969497310283,0.457087932301713,0,0,0.487752054918479,0.782766482627291
955,"4_blimp_lmc_noaux",-0.5222,0.4975,0.4655,0,0,0.5021,0.7836
955,"5_blimp_omc_aux",-0.0151,0.3845,0.6601,1,1,0.5656,1.038
955,"6_blimp_rescue",0.0116,0.3506,0.643,0,1,0.5763,1.0015
956,"1_lmer_complete",0.0922272667536223,0.411669626507032,0.662311542409319,1,1,1.05291207013373,0.986316299817893
956,"2_blimp_complete",0.0865,0.412,0.6789,1,1,1.0813,0.9868
956,"3_lmer_naive",-0.505278039625942,0.535871199738693,0.43842985327391,0,0,0.68814930908988,0.745734723763157
956,"4_blimp_lmc_noaux",-0.5144,0.5359,0.4301,0,0,0.7102,0.7469
956,"5_blimp_omc_aux",0.0367,0.453,0.6717,0,1,0.9772,0.9759
956,"6_blimp_rescue",0.0688,0.4131,0.6242,1,1,0.9865,0.9431
957,"1_lmer_complete",-0.102077172804305,0.40478229738925,0.648189121287276,1,1,0.958959092398377,0.985882400851373
957,"2_blimp_complete",-0.0882,0.4049,0.6443,1,1,0.9869,0.9864
957,"3_lmer_naive",-0.623301695793456,0.521753237121263,0.49219694707889,0,1,0.709986796853865,0.805202049369862
957,"4_blimp_lmc_noaux",-0.6361,0.5221,0.4866,0,1,0.7304,0.8063
957,"5_blimp_omc_aux",-0.1394,0.4364,0.7217,1,1,0.9274,1.0387
957,"6_blimp_rescue",-0.0667,0.4019,0.6877,1,1,0.9601,1.007
958,"1_lmer_complete",0.109775206835054,0.391100928015489,0.606218608816586,1,1,0.806918590823094,1.00085583387125
958,"2_blimp_complete",0.1102,0.3913,0.5985,1,1,0.829,1.0013
958,"3_lmer_naive",-0.394097011524541,0.527764452782885,0.43265377257011,0,0,0.715633871050811,0.776074790253845
958,"4_blimp_lmc_noaux",-0.395,0.5281,0.4372,0,1,0.7387,0.7767
958,"5_blimp_omc_aux",0.0934,0.4182,0.6295,1,1,0.8091,1.0287
958,"6_blimp_rescue",0.1301,0.3852,0.5975,1,1,0.8294,1.0006
959,"1_lmer_complete",0.0612100928790921,0.409555376659046,0.54031731191726,1,1,0.991219978375515,1.0142820678714
959,"2_blimp_complete",0.0676,0.4096,0.5466,1,1,1.016,1.0148
959,"3_lmer_naive",-0.448812148985466,0.53421040445914,0.410158557896461,0,0,0.777017093397813,0.800714778907048
959,"4_blimp_lmc_noaux",-0.4366,0.5344,0.3924,0,0,0.794,0.8018
959,"5_blimp_omc_aux",0.0473,0.4412,0.6312,0,1,0.9568,1.0598
959,"6_blimp_rescue",0.0491,0.4047,0.5536,1,1,0.9597,1.0257
960,"1_lmer_complete",0.052606326241615,0.386542113041871,0.695393152094465,1,1,0.860153103933436,0.986829628196568
960,"2_blimp_complete",0.0465,0.3863,0.707,1,1,0.8825,0.9872
960,"3_lmer_naive",-0.494398387212749,0.503652356109287,0.520412454627011,0,1,0.686157644158577,0.776716366172678
960,"4_blimp_lmc_noaux",-0.4877,0.504,0.5212,0,1,0.7047,0.7774
960,"5_blimp_omc_aux",0.0132,0.4106,0.7489,1,1,0.868,1.0288
960,"6_blimp_rescue",0.0793,0.3705,0.7163,1,1,0.8957,0.9916
961,"1_lmer_complete",-0.0702575542893634,0.400818117783326,0.789250797275339,1,1,0.927975972586779,1.01305321188528
961,"2_blimp_complete",-0.0749,0.4008,0.8153,1,1,0.9493,1.0134
961,"3_lmer_naive",-0.626411715074711,0.544271570043433,0.591191251619431,0,1,0.738351363518025,0.795465120859265
961,"4_blimp_lmc_noaux",-0.6331,0.544,0.601,0,1,0.7603,0.7963
961,"5_blimp_omc_aux",-0.1682,0.4552,0.8152,0,0,0.9054,1.0374
961,"6_blimp_rescue",-0.0956,0.4234,0.7508,1,1,0.934,1.0109
962,"1_lmer_complete",-0.119587997374841,0.416747497712072,0.845594226352426,1,0,1.10297848880717,0.987173796192674
962,"2_blimp_complete",-0.1401,0.4168,0.8554,1,0,1.1312,0.9876
962,"3_lmer_naive",-0.691556902324217,0.543240547878773,0.641586006500871,0,1,0.922355373522765,0.775154009355029
962,"4_blimp_lmc_noaux",-0.6844,0.5434,0.6422,0,1,0.9459,0.7765
962,"5_blimp_omc_aux",-0.2035,0.4469,0.8853,0,0,1.1002,1.0472
962,"6_blimp_rescue",-0.1046,0.4078,0.8308,1,1,1.147,1.0125
963,"1_lmer_complete",-0.147804526908321,0.409928360918001,0.542638819426339,1,1,0.85961443128848,0.990895792266888
963,"2_blimp_complete",-0.1588,0.4102,0.5319,1,1,0.8856,0.9911
963,"3_lmer_naive",-0.641008535630648,0.530810893077473,0.442637612882356,0,1,0.746281478034146,0.769177418588669
963,"4_blimp_lmc_noaux",-0.6276,0.5314,0.4179,0,0,0.7633,0.7702
963,"5_blimp_omc_aux",-0.1811,0.4228,0.643,1,1,0.9037,1.0277
963,"6_blimp_rescue",-0.1242,0.3961,0.5984,1,1,0.9365,1.0085
964,"1_lmer_complete",0.15625975416529,0.398069341429154,0.459356086924303,1,1,0.907239130057965,0.98180245597438
964,"2_blimp_complete",0.1676,0.3979,0.455,1,1,0.9346,0.9822
964,"3_lmer_naive",-0.32281872741708,0.548819921526802,0.303170207807209,0,0,0.77321156200741,0.757771227763981
964,"4_blimp_lmc_noaux",-0.3242,0.5493,0.2815,0,0,0.788,0.7586
964,"5_blimp_omc_aux",0.1573,0.4476,0.4935,0,1,0.9099,1.0176
964,"6_blimp_rescue",0.1723,0.4131,0.4248,1,0,0.9039,0.9907
965,"1_lmer_complete",0.10034580918339,0.381308756498785,0.626137336174887,1,1,0.966718943457369,0.995214533462285
965,"2_blimp_complete",0.0996,0.3814,0.6304,1,1,0.9891,0.9958
965,"3_lmer_naive",-0.472423393849883,0.525329468154648,0.506179998820301,0,1,0.795005079139995,0.761109228928747
965,"4_blimp_lmc_noaux",-0.4721,0.5254,0.4945,0,1,0.8167,0.762
965,"5_blimp_omc_aux",0.0484,0.4257,0.7184,1,1,1.0008,1.0093
965,"6_blimp_rescue",0.1295,0.3859,0.6496,1,1,1.0397,0.9708
966,"1_lmer_complete",0.0925934610940641,0.394264050472558,0.799666333212535,1,0,0.880705142838484,1.00275609001795
966,"2_blimp_complete",0.0859,0.394,0.818,1,0,0.9006,1.0033
966,"3_lmer_naive",-0.52417101860286,0.540165068673279,0.625377961989072,0,1,0.737141449142377,0.812633048765679
966,"4_blimp_lmc_noaux",-0.5187,0.54,0.6204,0,1,0.758,0.8136
966,"5_blimp_omc_aux",0.0541,0.4285,0.8361,1,0,0.9094,1.1029
966,"6_blimp_rescue",0.1642,0.3928,0.8165,1,1,0.9518,1.0684
967,"1_lmer_complete",0.0686489378731788,0.418459170512169,0.487073072256185,1,1,1.02140004622039,1.00828948002476
967,"2_blimp_complete",0.0918,0.4183,0.5309,1,1,1.05,1.0089
967,"3_lmer_naive",-0.464986026836701,0.556251557038943,0.369688615542729,0,0,0.806817483429661,0.747903004457745
967,"4_blimp_lmc_noaux",-0.4654,0.5561,0.3641,0,0,0.8267,0.749
967,"5_blimp_omc_aux",0.0609,0.4651,0.5791,0,1,1.0377,1.0167
967,"6_blimp_rescue",0.0708,0.4256,0.5103,1,1,1.056,0.9894
968,"1_lmer_complete",-0.0991738293501639,0.414205412120031,0.676705036823694,1,1,0.904767354403855,0.993706724539715
968,"2_blimp_complete",-0.0936,0.4142,0.6733,1,1,0.9302,0.9943
968,"3_lmer_naive",-0.64067050468747,0.541273800323802,0.521094887847152,0,1,0.726424211776929,0.766737034609629
968,"4_blimp_lmc_noaux",-0.6301,0.5415,0.5212,0,1,0.7464,0.7675
968,"5_blimp_omc_aux",-0.1398,0.4543,0.7131,0,1,0.9148,1.0201
968,"6_blimp_rescue",-0.0817,0.4184,0.7051,1,1,0.9523,0.9941
969,"1_lmer_complete",-0.0938391905856225,0.39464313223195,0.464943092400351,1,1,1.11767763597473,1.00248975425838
969,"2_blimp_complete",-0.0947,0.3948,0.4632,1,1,1.152,1.0034
969,"3_lmer_naive",-0.628661079209236,0.52603834214483,0.389476335896882,0,0,0.828064895368366,0.782566644703746
969,"4_blimp_lmc_noaux",-0.6195,0.5267,0.3852,0,0,0.8472,0.783
969,"5_blimp_omc_aux",-0.0768,0.4085,0.5949,1,1,1.1188,1.0805
969,"6_blimp_rescue",-0.0398,0.3687,0.5007,1,1,1.1233,1.0392
970,"1_lmer_complete",-0.0857792707713869,0.428108436757275,0.531908709383138,0,1,1.34809277103565,0.997547352308716
970,"2_blimp_complete",-0.1083,0.4282,0.522,1,1,1.3838,0.9976
970,"3_lmer_naive",-0.6583388294828,0.543503349142383,0.37312475056847,0,0,1.03196152148187,0.755148690919646
970,"4_blimp_lmc_noaux",-0.6493,0.5434,0.362,0,0,1.056,0.7558
970,"5_blimp_omc_aux",-0.115,0.4547,0.5692,0,1,1.2922,0.9955
970,"6_blimp_rescue",-0.0999,0.4166,0.5277,1,1,1.3494,0.9637
971,"1_lmer_complete",-0.11436553335968,0.398795564060309,0.65284999535487,1,1,0.930907279781757,0.96807760359551
971,"2_blimp_complete",-0.1147,0.3991,0.6487,1,1,0.9545,0.9685
971,"3_lmer_naive",-0.663728881463622,0.514538837447965,0.481649635053635,0,1,0.774530925776724,0.753835657540005
971,"4_blimp_lmc_noaux",-0.6675,0.5151,0.469,0,1,0.7928,0.7543
971,"5_blimp_omc_aux",-0.1552,0.4216,0.6959,1,1,0.9702,0.9861
971,"6_blimp_rescue",-0.1056,0.3863,0.6669,1,1,1.0118,0.957
972,"1_lmer_complete",0.083244123426654,0.371618929094957,0.781747238665683,0,1,1.04014976393806,0.990161045036602
972,"2_blimp_complete",0.0711,0.3717,0.7885,0,1,1.0663,0.9906
972,"3_lmer_naive",-0.533692023941741,0.511901401984266,0.579999873174585,0,1,0.855489239896183,0.730382332985304
972,"4_blimp_lmc_noaux",-0.5231,0.5128,0.5567,0,1,0.8823,0.7312
972,"5_blimp_omc_aux",-0.0162,0.4032,0.833,1,0,1.0399,0.9906
972,"6_blimp_rescue",0.1069,0.3667,0.8078,1,1,1.1134,0.9568
973,"1_lmer_complete",-0.049863344586866,0.390058235439483,0.534134788121686,1,1,0.985961619121566,1.00786561611189
973,"2_blimp_complete",-0.0464,0.39,0.552,1,1,1.0111,1.0088
973,"3_lmer_naive",-0.559436070306209,0.512183808950928,0.35890228273151,0,0,0.804225949679492,0.79684442304375
973,"4_blimp_lmc_noaux",-0.553,0.5122,0.3504,0,0,0.829,0.7976
973,"5_blimp_omc_aux",-0.0651,0.4086,0.5826,1,1,1.0567,1.0594
973,"6_blimp_rescue",-0.0294,0.3736,0.504,1,1,1.0751,1.0264
974,"1_lmer_complete",-0.0908865116252263,0.433421278811602,0.581790422205847,0,1,0.879817113021397,0.990034284718248
974,"2_blimp_complete",-0.0945,0.4334,0.5882,0,1,0.904,0.9908
974,"3_lmer_naive",-0.599408562742222,0.535041592042561,0.382222868998671,0,0,0.725247806794513,0.760950669519566
974,"4_blimp_lmc_noaux",-0.6009,0.5347,0.3828,0,0,0.746,0.7617
974,"5_blimp_omc_aux",-0.1186,0.4489,0.5982,0,1,0.8756,1.0004
974,"6_blimp_rescue",-0.1093,0.4116,0.5436,1,1,0.8844,0.9672
975,"1_lmer_complete",-0.114006720801823,0.413080009402521,0.647491469104985,1,1,0.978570478282285,1.03228802331414
975,"2_blimp_complete",-0.1054,0.4132,0.6702,1,1,1.0076,1.033
975,"3_lmer_naive",-0.683133810761308,0.520311582629193,0.512900184300466,0,1,0.906412059898827,0.805361314002692
975,"4_blimp_lmc_noaux",-0.6862,0.5203,0.5271,0,1,0.9309,0.8064
975,"5_blimp_omc_aux",-0.1452,0.4238,0.7412,1,1,0.9894,1.0701
975,"6_blimp_rescue",-0.0865,0.3879,0.683,1,1,1.0086,1.0376
976,"1_lmer_complete",-0.153486852351211,0.396286627825567,0.567415762345559,1,1,0.725876843235663,1.01214225479836
976,"2_blimp_complete",-0.1672,0.3965,0.5756,1,1,0.7476,1.0126
976,"3_lmer_naive",-0.63616886987092,0.553535698363509,0.407094182117358,0,0,0.692169984800042,0.776448120677532
976,"4_blimp_lmc_noaux",-0.6257,0.5531,0.4016,0,0,0.715,0.7776
976,"5_blimp_omc_aux",-0.1524,0.452,0.6267,0,1,0.7746,1.0645
976,"6_blimp_rescue",-0.1416,0.4114,0.5804,1,1,0.7792,1.0308
977,"1_lmer_complete",-0.155712098718823,0.412729053560653,0.730360893035511,1,1,1.00702823101641,1.02838140292331
977,"2_blimp_complete",-0.1333,0.4128,0.7393,1,1,1.032,1.0289
977,"3_lmer_naive",-0.708750263769265,0.544171018052446,0.565643859077988,0,1,0.819338324536652,0.824082569343435
977,"4_blimp_lmc_noaux",-0.7105,0.5441,0.5656,0,1,0.8421,0.8252
977,"5_blimp_omc_aux",-0.2046,0.4635,0.8068,0,0,1.0425,1.0999
977,"6_blimp_rescue",-0.1389,0.418,0.755,1,1,1.0799,1.0641
978,"1_lmer_complete",-0.027726293165888,0.398781706698017,0.584596789766539,1,1,1.24185491064555,0.996455276174854
978,"2_blimp_complete",-0.0342,0.399,0.5877,1,1,1.2744,0.9968
978,"3_lmer_naive",-0.610298936156546,0.514874318785877,0.395311773272647,0,0,0.973509838453006,0.799566840804772
978,"4_blimp_lmc_noaux",-0.63,0.5151,0.3964,0,0,1.0061,0.7999
978,"5_blimp_omc_aux",-0.0311,0.4167,0.6646,1,1,1.3044,1.0696
978,"6_blimp_rescue",0.052,0.3811,0.6437,1,1,1.355,1.0389
979,"1_lmer_complete",0.0638907116478707,0.397476568912784,0.58692238054581,1,1,1.01744032723184,1.0201377977842
979,"2_blimp_complete",0.0839,0.3973,0.5886,1,1,1.0464,1.0204
979,"3_lmer_naive",-0.486337245476282,0.52720928012072,0.448674725208923,0,1,0.827016098705353,0.773395279945408
979,"4_blimp_lmc_noaux",-0.4959,0.5278,0.447,0,1,0.8513,0.7744
979,"5_blimp_omc_aux",0.0161,0.4278,0.6414,1,1,0.9908,1.05
979,"6_blimp_rescue",0.0395,0.3912,0.6075,1,1,1.0245,1.021
980,"1_lmer_complete",0.0763095974237084,0.407683931816654,0.519324996615439,1,1,0.961795351685789,1.03109989065289
980,"2_blimp_complete",0.0641,0.4075,0.5214,1,1,0.9875,1.0312
980,"3_lmer_naive",-0.456671643458559,0.553476805558464,0.420830428420749,0,0,0.710095441265215,0.786693247062365
980,"4_blimp_lmc_noaux",-0.4677,0.5539,0.4093,0,0,0.7288,0.7874
980,"5_blimp_omc_aux",0.0353,0.4499,0.6232,0,1,0.9667,1.06
980,"6_blimp_rescue",0.0653,0.4159,0.527,1,1,0.9752,1.0326
981,"1_lmer_complete",-0.0302994899636802,0.387285127666393,0.688220148923856,1,1,1.11055919335628,0.999504678406899
981,"2_blimp_complete",-0.0189,0.3877,0.6818,1,1,1.1383,1
981,"3_lmer_naive",-0.60679167439657,0.515837434878937,0.509886913116504,0,1,0.960109084296966,0.739428141387372
981,"4_blimp_lmc_noaux",-0.5886,0.516,0.4957,0,1,0.9868,0.74
981,"5_blimp_omc_aux",-0.1146,0.4162,0.7226,1,1,1.1403,0.9911
981,"6_blimp_rescue",-0.0376,0.3782,0.7259,1,1,1.1723,0.9604
982,"1_lmer_complete",0.102875491498408,0.388779275586826,0.598631249167809,1,1,1.06350241819105,0.95916284606799
982,"2_blimp_complete",0.0958,0.3886,0.608,1,1,1.0899,0.9596
982,"3_lmer_naive",-0.411373665075252,0.537510945589332,0.431562312114988,0,0,0.892742270316532,0.73864253857961
982,"4_blimp_lmc_noaux",-0.3992,0.537,0.4219,0,1,0.9174,0.7393
982,"5_blimp_omc_aux",0.0862,0.4564,0.6638,0,1,1.1201,0.9758
982,"6_blimp_rescue",0.1531,0.415,0.6201,1,1,1.1716,0.9449
983,"1_lmer_complete",-0.0395454648057027,0.40025623297996,0.631946822526962,1,1,0.923826703243677,1.03111195750972
983,"2_blimp_complete",-0.0435,0.4001,0.6053,1,1,0.9493,1.0316
983,"3_lmer_naive",-0.584988958401247,0.501814441432206,0.479935642632233,0,1,0.744729488905732,0.826121703762799
983,"4_blimp_lmc_noaux",-0.5916,0.5018,0.4753,0,1,0.7674,0.8271
983,"5_blimp_omc_aux",-0.0806,0.4081,0.7121,1,1,0.9875,1.0998
983,"6_blimp_rescue",-0.006,0.3615,0.7005,1,1,1.0217,1.0633
984,"1_lmer_complete",0.0971784689771274,0.422034610871442,0.613618476128833,1,1,0.806111940219014,0.965575068804241
984,"2_blimp_complete",0.0951,0.422,0.6131,1,1,0.8289,0.966
984,"3_lmer_naive",-0.411828688958616,0.539437796236516,0.463883523907674,0,1,0.736668756898197,0.742287178632103
984,"4_blimp_lmc_noaux",-0.4057,0.5394,0.4546,0,1,0.7584,0.7429
984,"5_blimp_omc_aux",0.0844,0.4315,0.6511,1,1,0.8122,1.018
984,"6_blimp_rescue",0.1286,0.3985,0.6329,1,1,0.838,0.991
985,"1_lmer_complete",0.000613312034721099,0.419552871496501,0.557152787381686,1,1,0.723705683936105,1.04255590944951
985,"2_blimp_complete",-0.006,0.42,0.5515,1,1,0.7431,1.0431
985,"3_lmer_naive",-0.54914346354853,0.565535106537977,0.401558025217064,0,0,0.551499323472368,0.816467263613658
985,"4_blimp_lmc_noaux",-0.5538,0.5657,0.3872,0,0,0.5667,0.8169
985,"5_blimp_omc_aux",0.0296,0.462,0.6545,0,1,0.7667,1.12
985,"6_blimp_rescue",0.0299,0.4248,0.5635,1,1,0.7697,1.0877
986,"1_lmer_complete",0.0167412594481823,0.417857023301451,0.53620232348288,1,1,1.00628578863449,0.989565238850904
986,"2_blimp_complete",0.0253,0.4181,0.529,1,1,1.0347,0.99
986,"3_lmer_naive",-0.484348246821132,0.548922619511212,0.407486218355605,0,0,0.843732344247715,0.768894812706241
986,"4_blimp_lmc_noaux",-0.4914,0.5488,0.3973,0,0,0.8685,0.7695
986,"5_blimp_omc_aux",-0.022,0.4563,0.6492,0,1,1.0421,1.0084
986,"6_blimp_rescue",0.01,0.4212,0.6052,1,1,1.0608,0.981
987,"1_lmer_complete",0.142876824564859,0.387508522564447,0.583145748815242,1,1,1.15199879576417,1.00982198453969
987,"2_blimp_complete",0.1454,0.3881,0.5947,1,1,1.1824,1.0107
987,"3_lmer_naive",-0.444512774963848,0.532798881012438,0.458749523170213,0,1,0.964640703873443,0.789224374281926
987,"4_blimp_lmc_noaux",-0.4444,0.533,0.4491,0,1,0.9999,0.7904
987,"5_blimp_omc_aux",0.1228,0.4205,0.6658,1,1,1.1996,1.0706
987,"6_blimp_rescue",0.1751,0.3836,0.6294,1,1,1.2521,1.0363
988,"1_lmer_complete",0.0447769087883965,0.419693160331104,0.563469012418595,1,1,0.768082360379034,0.999356973381835
988,"2_blimp_complete",0.0462,0.4197,0.5618,1,1,0.7894,0.9999
988,"3_lmer_naive",-0.463184549374689,0.552229732588064,0.430999079218155,0,0,0.671409684373282,0.775961415438103
988,"4_blimp_lmc_noaux",-0.4618,0.552,0.4229,0,0,0.6894,0.7768
988,"5_blimp_omc_aux",0.05,0.4587,0.6391,0,1,0.8256,1.0213
988,"6_blimp_rescue",0.0855,0.4281,0.6184,1,1,0.8473,0.9971
989,"1_lmer_complete",0.0517449332578594,0.371083703801932,0.737281489898013,0,1,1.03817768251206,0.977720204076484
989,"2_blimp_complete",0.0362,0.3712,0.7384,0,1,1.0672,0.9783
989,"3_lmer_naive",-0.543531848085817,0.492552727556438,0.500278509677009,0,1,0.793991133893579,0.766759926421271
989,"4_blimp_lmc_noaux",-0.5309,0.4929,0.4697,0,1,0.8181,0.7678
989,"5_blimp_omc_aux",-0.091,0.3889,0.7282,1,1,0.9619,0.9869
989,"6_blimp_rescue",0.0014,0.3624,0.7103,1,1,1.0305,0.9633
990,"1_lmer_complete",0.0138452073372801,0.404125983150156,0.712273204187977,1,1,1.13401496173535,1.01014975525874
990,"2_blimp_complete",0.0126,0.4041,0.7087,1,1,1.162,1.0108
990,"3_lmer_naive",-0.550855499748338,0.564658177552864,0.555405014864587,0,1,0.897456895161929,0.795185859288137
990,"4_blimp_lmc_noaux",-0.5434,0.5644,0.569,0,1,0.9257,0.7959
990,"5_blimp_omc_aux",-0.0461,0.4706,0.7854,0,1,1.1431,1.0571
990,"6_blimp_rescue",0.032,0.4294,0.7119,1,1,1.1747,1.025
991,"1_lmer_complete",0.027996561125946,0.400852924619588,0.658688451030222,1,1,0.865453550868737,1.01759300864175
991,"2_blimp_complete",0.0268,0.4004,0.6626,1,1,0.8921,1.018
991,"3_lmer_naive",-0.553035204094443,0.523538822290905,0.427745985698392,0,0,0.666831518126997,0.768966629070544
991,"4_blimp_lmc_noaux",-0.5554,0.5244,0.4139,0,0,0.6838,0.7693
991,"5_blimp_omc_aux",-0.0546,0.426,0.6903,1,1,0.8352,1.0238
991,"6_blimp_rescue",-0.0087,0.3928,0.6281,1,1,0.8555,0.9978
992,"1_lmer_complete",0.121522007548643,0.423354878760853,0.670384716339156,1,1,0.901008873194176,1.00643971760198
992,"2_blimp_complete",0.1302,0.4234,0.6666,1,1,0.9242,1.0072
992,"3_lmer_naive",-0.412106384512738,0.574846409426316,0.604907997971896,0,1,0.648371408941443,0.821736644544079
992,"4_blimp_lmc_noaux",-0.4127,0.5751,0.5853,0,1,0.6661,0.8222
992,"5_blimp_omc_aux",0.0972,0.4771,0.7702,0,1,0.9341,1.0893
992,"6_blimp_rescue",0.1633,0.4492,0.7123,0,1,0.9651,1.0654
993,"1_lmer_complete",0.150848421839465,0.39907614990813,0.348969612549857,1,0,0.946253147421449,1.05730723412136
993,"2_blimp_complete",0.1267,0.3993,0.3556,1,0,0.9701,1.0579
993,"3_lmer_naive",-0.419221984890904,0.506565519438891,0.134819802891653,0,0,0.813603773938582,0.771604112405187
993,"4_blimp_lmc_noaux",-0.4178,0.5059,0.1159,0,0,0.8316,0.7725
993,"5_blimp_omc_aux",0.1679,0.3931,0.4214,1,1,1.0348,1.0475
993,"6_blimp_rescue",0.1596,0.3539,0.353,1,0,1.0561,1.0204
994,"1_lmer_complete",-0.172602053899463,0.392408873431769,0.662954788356832,1,1,0.952605844154204,1.00094971906643
994,"2_blimp_complete",-0.1722,0.3923,0.6656,1,1,0.9769,1.0012
994,"3_lmer_naive",-0.701628077401193,0.518906110722741,0.519269376180731,0,1,0.821531893704066,0.752484782835484
994,"4_blimp_lmc_noaux",-0.6868,0.5198,0.4992,0,1,0.8482,0.7532
994,"5_blimp_omc_aux",-0.2199,0.4203,0.7184,1,1,0.9666,1.0287
994,"6_blimp_rescue",-0.1396,0.3832,0.6754,1,1,1.0076,0.9979
995,"1_lmer_complete",0.104790763823347,0.388098608112675,0.418388139698334,1,1,0.98585941692511,1.0013369109235
995,"2_blimp_complete",0.128,0.3881,0.4122,1,1,1.0128,1.0013
995,"3_lmer_naive",-0.453741371026368,0.53569727178203,0.33058383571356,0,0,0.823591315122768,0.747574125627174
995,"4_blimp_lmc_noaux",-0.4548,0.5362,0.2995,0,0,0.8447,0.749
995,"5_blimp_omc_aux",0.1109,0.4277,0.483,1,1,1.0713,1.0412
995,"6_blimp_rescue",0.0992,0.3826,0.4017,1,1,1.0578,1.0027
996,"1_lmer_complete",-0.0725715206845678,0.415013816131507,0.614115909608631,1,1,0.859929757598833,0.996339429506957
996,"2_blimp_complete",-0.0815,0.4149,0.6149,1,1,0.8841,0.9967
996,"3_lmer_naive",-0.572735970497013,0.541021735887219,0.411836696543699,0,0,0.778669118846952,0.783917932819351
996,"4_blimp_lmc_noaux",-0.569,0.5421,0.3729,0,0,0.7998,0.7844
996,"5_blimp_omc_aux",-0.0979,0.4574,0.6859,0,1,0.8588,1.0204
996,"6_blimp_rescue",-0.0373,0.4235,0.6555,1,1,0.8998,0.9947
997,"1_lmer_complete",-0.186864973251766,0.391130339777468,0.607031950634719,1,1,0.990446121979237,1.00560507669552
997,"2_blimp_complete",-0.199,0.3911,0.6304,1,1,1.0216,1.0064
997,"3_lmer_naive",-0.71377103693323,0.567021100611691,0.469751972900758,0,1,0.844226397004619,0.746090214065557
997,"4_blimp_lmc_noaux",-0.719,0.5672,0.4746,0,1,0.8671,0.7469
997,"5_blimp_omc_aux",-0.2255,0.4568,0.6575,0,1,1.0219,1.0268
997,"6_blimp_rescue",-0.1769,0.4258,0.6308,1,1,1.0533,1.0047
998,"1_lmer_complete",-0.0882540947847811,0.390864005533234,0.459970657514136,1,1,1.11359880076926,0.987308263881592
998,"2_blimp_complete",-0.084,0.3909,0.4641,1,1,1.1436,0.9878
998,"3_lmer_naive",-0.566116925604629,0.531093763161499,0.287028183215171,0,0,0.951739920209573,0.775885164420413
998,"4_blimp_lmc_noaux",-0.5587,0.5313,0.2549,0,0,0.9675,0.7767
998,"5_blimp_omc_aux",-0.0911,0.4388,0.5403,1,1,1.163,1.0399
998,"6_blimp_rescue",-0.0719,0.4045,0.4492,1,1,1.1719,1.0154
999,"1_lmer_complete",-0.143882450312216,0.381967136683741,0.698345467241761,1,1,1.12925929434707,1.02132097821645
999,"2_blimp_complete",-0.172,0.3819,0.7129,1,1,1.1629,1.0222
999,"3_lmer_naive",-0.698180979934304,0.535843216658788,0.523450113386641,0,1,0.888140107827478,0.801745638559909
999,"4_blimp_lmc_noaux",-0.6962,0.5366,0.5202,0,1,0.9153,0.8036
999,"5_blimp_omc_aux",-0.2014,0.4458,0.7384,0,1,1.0847,1.0672
999,"6_blimp_rescue",-0.1328,0.408,0.7309,1,1,1.123,1.0394
1000,"1_lmer_complete",-0.0209840190610481,0.378381657696602,0.680536019698245,1,1,1.00723183958257,1.02824154344946
1000,"2_blimp_complete",-0.0685,0.3784,0.6892,1,1,1.0383,1.0288
1000,"3_lmer_naive",-0.589212675376869,0.514641819177305,0.502601654174542,0,1,0.846217218832463,0.771074553861495
1000,"4_blimp_lmc_noaux",-0.5889,0.5144,0.5026,0,1,0.8728,0.7711
1000,"5_blimp_omc_aux",-0.1027,0.4134,0.7506,1,1,0.9874,1.041
1000,"6_blimp_rescue",-0.0178,0.3796,0.7419,1,1,1.0324,1.0134
